ISO-10303-21;
HEADER;
FILE_DESCRIPTION(('FreeCAD Model'),'2;1');
FILE_NAME('/var/www/3D/0T/2023552.1.1.stp','2021-09-10T12:17:48',(
    'Author'),(''),'Open CASCADE STEP processor 6.9','FreeCAD','Unknown'
  );
FILE_SCHEMA(('AUTOMOTIVE_DESIGN { 1 0 10303 214 1 1 1 1 }'));
ENDSEC;
DATA;
#1 = APPLICATION_PROTOCOL_DEFINITION('international standard',
  'automotive_design',2000,#2);
#2 = APPLICATION_CONTEXT(
  'core data for automotive mechanical design processes');
#3 = SHAPE_DEFINITION_REPRESENTATION(#4,#10);
#4 = PRODUCT_DEFINITION_SHAPE('','',#5);
#5 = PRODUCT_DEFINITION('design','',#6,#9);
#6 = PRODUCT_DEFINITION_FORMATION('','',#7);
#7 = PRODUCT('ASSEMBLY','ASSEMBLY','',(#8));
#8 = PRODUCT_CONTEXT('',#2,'mechanical');
#9 = PRODUCT_DEFINITION_CONTEXT('part definition',#2,'design');
#10 = SHAPE_REPRESENTATION('',(#11,#15,#19),#23);
#11 = AXIS2_PLACEMENT_3D('',#12,#13,#14);
#12 = CARTESIAN_POINT('',(0.,0.,0.));
#13 = DIRECTION('',(0.,0.,1.));
#14 = DIRECTION('',(1.,0.,-0.));
#15 = AXIS2_PLACEMENT_3D('',#16,#17,#18);
#16 = CARTESIAN_POINT('',(0.,0.,0.));
#17 = DIRECTION('',(0.,0.,1.));
#18 = DIRECTION('',(1.,0.,0.));
#19 = AXIS2_PLACEMENT_3D('',#20,#21,#22);
#20 = CARTESIAN_POINT('',(0.,0.,0.));
#21 = DIRECTION('',(0.,0.,1.));
#22 = DIRECTION('',(1.,0.,0.));
#23 = ( GEOMETRIC_REPRESENTATION_CONTEXT(3) 
GLOBAL_UNCERTAINTY_ASSIGNED_CONTEXT((#27)) GLOBAL_UNIT_ASSIGNED_CONTEXT(
(#24,#25,#26)) REPRESENTATION_CONTEXT('Context #1',
  '3D Context with UNIT and UNCERTAINTY') );
#24 = ( LENGTH_UNIT() NAMED_UNIT(*) SI_UNIT(.MILLI.,.METRE.) );
#25 = ( NAMED_UNIT(*) PLANE_ANGLE_UNIT() SI_UNIT($,.RADIAN.) );
#26 = ( NAMED_UNIT(*) SI_UNIT($,.STERADIAN.) SOLID_ANGLE_UNIT() );
#27 = UNCERTAINTY_MEASURE_WITH_UNIT(LENGTH_MEASURE(5.E-05),#24,
  'distance_accuracy_value','confusion accuracy');
#28 = PRODUCT_RELATED_PRODUCT_CATEGORY('part',$,(#7));
#29 = ADVANCED_BREP_SHAPE_REPRESENTATION('',(#11,#30),#916);
#30 = MANIFOLD_SOLID_BREP('',#31);
#31 = CLOSED_SHELL('',(#32,#152,#228,#498,#592,#619,#626,#675,#701,#708,
    #784,#833,#882,#909));
#32 = ADVANCED_FACE('',(#33),#47,.F.);
#33 = FACE_BOUND('',#34,.F.);
#34 = EDGE_LOOP('',(#35,#70,#98,#126));
#35 = ORIENTED_EDGE('',*,*,#36,.F.);
#36 = EDGE_CURVE('',#37,#39,#41,.T.);
#37 = VERTEX_POINT('',#38);
#38 = CARTESIAN_POINT('',(-3.95,-9.8,0.));
#39 = VERTEX_POINT('',#40);
#40 = CARTESIAN_POINT('',(-3.95,-9.8,14.6));
#41 = SURFACE_CURVE('',#42,(#46,#58),.PCURVE_S1.);
#42 = LINE('',#43,#44);
#43 = CARTESIAN_POINT('',(-3.95,-9.8,0.));
#44 = VECTOR('',#45,1.);
#45 = DIRECTION('',(0.,0.,1.));
#46 = PCURVE('',#47,#52);
#47 = PLANE('',#48);
#48 = AXIS2_PLACEMENT_3D('',#49,#50,#51);
#49 = CARTESIAN_POINT('',(-3.95,-9.8,0.));
#50 = DIRECTION('',(1.,0.,0.));
#51 = DIRECTION('',(0.,0.,1.));
#52 = DEFINITIONAL_REPRESENTATION('',(#53),#57);
#53 = LINE('',#54,#55);
#54 = CARTESIAN_POINT('',(0.,0.));
#55 = VECTOR('',#56,1.);
#56 = DIRECTION('',(1.,0.));
#57 = ( GEOMETRIC_REPRESENTATION_CONTEXT(2) 
PARAMETRIC_REPRESENTATION_CONTEXT() REPRESENTATION_CONTEXT('2D SPACE',''
  ) );
#58 = PCURVE('',#59,#64);
#59 = PLANE('',#60);
#60 = AXIS2_PLACEMENT_3D('',#61,#62,#63);
#61 = CARTESIAN_POINT('',(-3.95,-9.8,0.));
#62 = DIRECTION('',(0.,1.,0.));
#63 = DIRECTION('',(0.,0.,1.));
#64 = DEFINITIONAL_REPRESENTATION('',(#65),#69);
#65 = LINE('',#66,#67);
#66 = CARTESIAN_POINT('',(0.,0.));
#67 = VECTOR('',#68,1.);
#68 = DIRECTION('',(1.,0.));
#69 = ( GEOMETRIC_REPRESENTATION_CONTEXT(2) 
PARAMETRIC_REPRESENTATION_CONTEXT() REPRESENTATION_CONTEXT('2D SPACE',''
  ) );
#70 = ORIENTED_EDGE('',*,*,#71,.T.);
#71 = EDGE_CURVE('',#37,#72,#74,.T.);
#72 = VERTEX_POINT('',#73);
#73 = CARTESIAN_POINT('',(-3.95,4.,0.));
#74 = SURFACE_CURVE('',#75,(#79,#86),.PCURVE_S1.);
#75 = LINE('',#76,#77);
#76 = CARTESIAN_POINT('',(-3.95,-9.8,0.));
#77 = VECTOR('',#78,1.);
#78 = DIRECTION('',(0.,1.,0.));
#79 = PCURVE('',#47,#80);
#80 = DEFINITIONAL_REPRESENTATION('',(#81),#85);
#81 = LINE('',#82,#83);
#82 = CARTESIAN_POINT('',(0.,0.));
#83 = VECTOR('',#84,1.);
#84 = DIRECTION('',(0.,-1.));
#85 = ( GEOMETRIC_REPRESENTATION_CONTEXT(2) 
PARAMETRIC_REPRESENTATION_CONTEXT() REPRESENTATION_CONTEXT('2D SPACE',''
  ) );
#86 = PCURVE('',#87,#92);
#87 = PLANE('',#88);
#88 = AXIS2_PLACEMENT_3D('',#89,#90,#91);
#89 = CARTESIAN_POINT('',(-3.95,-9.8,0.));
#90 = DIRECTION('',(0.,0.,1.));
#91 = DIRECTION('',(1.,0.,0.));
#92 = DEFINITIONAL_REPRESENTATION('',(#93),#97);
#93 = LINE('',#94,#95);
#94 = CARTESIAN_POINT('',(0.,0.));
#95 = VECTOR('',#96,1.);
#96 = DIRECTION('',(0.,1.));
#97 = ( GEOMETRIC_REPRESENTATION_CONTEXT(2) 
PARAMETRIC_REPRESENTATION_CONTEXT() REPRESENTATION_CONTEXT('2D SPACE',''
  ) );
#98 = ORIENTED_EDGE('',*,*,#99,.T.);
#99 = EDGE_CURVE('',#72,#100,#102,.T.);
#100 = VERTEX_POINT('',#101);
#101 = CARTESIAN_POINT('',(-3.95,4.,14.6));
#102 = SURFACE_CURVE('',#103,(#107,#114),.PCURVE_S1.);
#103 = LINE('',#104,#105);
#104 = CARTESIAN_POINT('',(-3.95,4.,0.));
#105 = VECTOR('',#106,1.);
#106 = DIRECTION('',(0.,0.,1.));
#107 = PCURVE('',#47,#108);
#108 = DEFINITIONAL_REPRESENTATION('',(#109),#113);
#109 = LINE('',#110,#111);
#110 = CARTESIAN_POINT('',(0.,-13.8));
#111 = VECTOR('',#112,1.);
#112 = DIRECTION('',(1.,0.));
#113 = ( GEOMETRIC_REPRESENTATION_CONTEXT(2) 
PARAMETRIC_REPRESENTATION_CONTEXT() REPRESENTATION_CONTEXT('2D SPACE',''
  ) );
#114 = PCURVE('',#115,#120);
#115 = PLANE('',#116);
#116 = AXIS2_PLACEMENT_3D('',#117,#118,#119);
#117 = CARTESIAN_POINT('',(-3.95,4.,0.));
#118 = DIRECTION('',(0.,1.,0.));
#119 = DIRECTION('',(0.,0.,1.));
#120 = DEFINITIONAL_REPRESENTATION('',(#121),#125);
#121 = LINE('',#122,#123);
#122 = CARTESIAN_POINT('',(0.,0.));
#123 = VECTOR('',#124,1.);
#124 = DIRECTION('',(1.,0.));
#125 = ( GEOMETRIC_REPRESENTATION_CONTEXT(2) 
PARAMETRIC_REPRESENTATION_CONTEXT() REPRESENTATION_CONTEXT('2D SPACE',''
  ) );
#126 = ORIENTED_EDGE('',*,*,#127,.F.);
#127 = EDGE_CURVE('',#39,#100,#128,.T.);
#128 = SURFACE_CURVE('',#129,(#133,#140),.PCURVE_S1.);
#129 = LINE('',#130,#131);
#130 = CARTESIAN_POINT('',(-3.95,-9.8,14.6));
#131 = VECTOR('',#132,1.);
#132 = DIRECTION('',(0.,1.,0.));
#133 = PCURVE('',#47,#134);
#134 = DEFINITIONAL_REPRESENTATION('',(#135),#139);
#135 = LINE('',#136,#137);
#136 = CARTESIAN_POINT('',(14.6,0.));
#137 = VECTOR('',#138,1.);
#138 = DIRECTION('',(0.,-1.));
#139 = ( GEOMETRIC_REPRESENTATION_CONTEXT(2) 
PARAMETRIC_REPRESENTATION_CONTEXT() REPRESENTATION_CONTEXT('2D SPACE',''
  ) );
#140 = PCURVE('',#141,#146);
#141 = PLANE('',#142);
#142 = AXIS2_PLACEMENT_3D('',#143,#144,#145);
#143 = CARTESIAN_POINT('',(-3.95,-9.8,14.6));
#144 = DIRECTION('',(0.,0.,1.));
#145 = DIRECTION('',(1.,0.,0.));
#146 = DEFINITIONAL_REPRESENTATION('',(#147),#151);
#147 = LINE('',#148,#149);
#148 = CARTESIAN_POINT('',(0.,0.));
#149 = VECTOR('',#150,1.);
#150 = DIRECTION('',(0.,1.));
#151 = ( GEOMETRIC_REPRESENTATION_CONTEXT(2) 
PARAMETRIC_REPRESENTATION_CONTEXT() REPRESENTATION_CONTEXT('2D SPACE',''
  ) );
#152 = ADVANCED_FACE('',(#153),#59,.F.);
#153 = FACE_BOUND('',#154,.F.);
#154 = EDGE_LOOP('',(#155,#178,#179,#202));
#155 = ORIENTED_EDGE('',*,*,#156,.F.);
#156 = EDGE_CURVE('',#37,#157,#159,.T.);
#157 = VERTEX_POINT('',#158);
#158 = CARTESIAN_POINT('',(3.95,-9.8,0.));
#159 = SURFACE_CURVE('',#160,(#164,#171),.PCURVE_S1.);
#160 = LINE('',#161,#162);
#161 = CARTESIAN_POINT('',(-3.95,-9.8,0.));
#162 = VECTOR('',#163,1.);
#163 = DIRECTION('',(1.,0.,0.));
#164 = PCURVE('',#59,#165);
#165 = DEFINITIONAL_REPRESENTATION('',(#166),#170);
#166 = LINE('',#167,#168);
#167 = CARTESIAN_POINT('',(0.,0.));
#168 = VECTOR('',#169,1.);
#169 = DIRECTION('',(0.,1.));
#170 = ( GEOMETRIC_REPRESENTATION_CONTEXT(2) 
PARAMETRIC_REPRESENTATION_CONTEXT() REPRESENTATION_CONTEXT('2D SPACE',''
  ) );
#171 = PCURVE('',#87,#172);
#172 = DEFINITIONAL_REPRESENTATION('',(#173),#177);
#173 = LINE('',#174,#175);
#174 = CARTESIAN_POINT('',(0.,0.));
#175 = VECTOR('',#176,1.);
#176 = DIRECTION('',(1.,0.));
#177 = ( GEOMETRIC_REPRESENTATION_CONTEXT(2) 
PARAMETRIC_REPRESENTATION_CONTEXT() REPRESENTATION_CONTEXT('2D SPACE',''
  ) );
#178 = ORIENTED_EDGE('',*,*,#36,.T.);
#179 = ORIENTED_EDGE('',*,*,#180,.T.);
#180 = EDGE_CURVE('',#39,#181,#183,.T.);
#181 = VERTEX_POINT('',#182);
#182 = CARTESIAN_POINT('',(3.95,-9.8,14.6));
#183 = SURFACE_CURVE('',#184,(#188,#195),.PCURVE_S1.);
#184 = LINE('',#185,#186);
#185 = CARTESIAN_POINT('',(-3.95,-9.8,14.6));
#186 = VECTOR('',#187,1.);
#187 = DIRECTION('',(1.,0.,0.));
#188 = PCURVE('',#59,#189);
#189 = DEFINITIONAL_REPRESENTATION('',(#190),#194);
#190 = LINE('',#191,#192);
#191 = CARTESIAN_POINT('',(14.6,0.));
#192 = VECTOR('',#193,1.);
#193 = DIRECTION('',(0.,1.));
#194 = ( GEOMETRIC_REPRESENTATION_CONTEXT(2) 
PARAMETRIC_REPRESENTATION_CONTEXT() REPRESENTATION_CONTEXT('2D SPACE',''
  ) );
#195 = PCURVE('',#141,#196);
#196 = DEFINITIONAL_REPRESENTATION('',(#197),#201);
#197 = LINE('',#198,#199);
#198 = CARTESIAN_POINT('',(0.,0.));
#199 = VECTOR('',#200,1.);
#200 = DIRECTION('',(1.,0.));
#201 = ( GEOMETRIC_REPRESENTATION_CONTEXT(2) 
PARAMETRIC_REPRESENTATION_CONTEXT() REPRESENTATION_CONTEXT('2D SPACE',''
  ) );
#202 = ORIENTED_EDGE('',*,*,#203,.F.);
#203 = EDGE_CURVE('',#157,#181,#204,.T.);
#204 = SURFACE_CURVE('',#205,(#209,#216),.PCURVE_S1.);
#205 = LINE('',#206,#207);
#206 = CARTESIAN_POINT('',(3.95,-9.8,0.));
#207 = VECTOR('',#208,1.);
#208 = DIRECTION('',(0.,0.,1.));
#209 = PCURVE('',#59,#210);
#210 = DEFINITIONAL_REPRESENTATION('',(#211),#215);
#211 = LINE('',#212,#213);
#212 = CARTESIAN_POINT('',(0.,7.9));
#213 = VECTOR('',#214,1.);
#214 = DIRECTION('',(1.,0.));
#215 = ( GEOMETRIC_REPRESENTATION_CONTEXT(2) 
PARAMETRIC_REPRESENTATION_CONTEXT() REPRESENTATION_CONTEXT('2D SPACE',''
  ) );
#216 = PCURVE('',#217,#222);
#217 = PLANE('',#218);
#218 = AXIS2_PLACEMENT_3D('',#219,#220,#221);
#219 = CARTESIAN_POINT('',(3.95,-9.8,0.));
#220 = DIRECTION('',(1.,0.,0.));
#221 = DIRECTION('',(0.,0.,1.));
#222 = DEFINITIONAL_REPRESENTATION('',(#223),#227);
#223 = LINE('',#224,#225);
#224 = CARTESIAN_POINT('',(0.,0.));
#225 = VECTOR('',#226,1.);
#226 = DIRECTION('',(1.,0.));
#227 = ( GEOMETRIC_REPRESENTATION_CONTEXT(2) 
PARAMETRIC_REPRESENTATION_CONTEXT() REPRESENTATION_CONTEXT('2D SPACE',''
  ) );
#228 = ADVANCED_FACE('',(#229,#384),#141,.T.);
#229 = FACE_BOUND('',#230,.T.);
#230 = EDGE_LOOP('',(#231,#254,#255,#256,#279,#302,#330,#358));
#231 = ORIENTED_EDGE('',*,*,#232,.F.);
#232 = EDGE_CURVE('',#100,#233,#235,.T.);
#233 = VERTEX_POINT('',#234);
#234 = CARTESIAN_POINT('',(-2.5,4.,14.6));
#235 = SURFACE_CURVE('',#236,(#240,#247),.PCURVE_S1.);
#236 = LINE('',#237,#238);
#237 = CARTESIAN_POINT('',(-3.95,4.,14.6));
#238 = VECTOR('',#239,1.);
#239 = DIRECTION('',(1.,0.,0.));
#240 = PCURVE('',#141,#241);
#241 = DEFINITIONAL_REPRESENTATION('',(#242),#246);
#242 = LINE('',#243,#244);
#243 = CARTESIAN_POINT('',(0.,13.8));
#244 = VECTOR('',#245,1.);
#245 = DIRECTION('',(1.,0.));
#246 = ( GEOMETRIC_REPRESENTATION_CONTEXT(2) 
PARAMETRIC_REPRESENTATION_CONTEXT() REPRESENTATION_CONTEXT('2D SPACE',''
  ) );
#247 = PCURVE('',#115,#248);
#248 = DEFINITIONAL_REPRESENTATION('',(#249),#253);
#249 = LINE('',#250,#251);
#250 = CARTESIAN_POINT('',(14.6,0.));
#251 = VECTOR('',#252,1.);
#252 = DIRECTION('',(0.,1.));
#253 = ( GEOMETRIC_REPRESENTATION_CONTEXT(2) 
PARAMETRIC_REPRESENTATION_CONTEXT() REPRESENTATION_CONTEXT('2D SPACE',''
  ) );
#254 = ORIENTED_EDGE('',*,*,#127,.F.);
#255 = ORIENTED_EDGE('',*,*,#180,.T.);
#256 = ORIENTED_EDGE('',*,*,#257,.T.);
#257 = EDGE_CURVE('',#181,#258,#260,.T.);
#258 = VERTEX_POINT('',#259);
#259 = CARTESIAN_POINT('',(3.95,4.,14.6));
#260 = SURFACE_CURVE('',#261,(#265,#272),.PCURVE_S1.);
#261 = LINE('',#262,#263);
#262 = CARTESIAN_POINT('',(3.95,-9.8,14.6));
#263 = VECTOR('',#264,1.);
#264 = DIRECTION('',(0.,1.,0.));
#265 = PCURVE('',#141,#266);
#266 = DEFINITIONAL_REPRESENTATION('',(#267),#271);
#267 = LINE('',#268,#269);
#268 = CARTESIAN_POINT('',(7.9,0.));
#269 = VECTOR('',#270,1.);
#270 = DIRECTION('',(0.,1.));
#271 = ( GEOMETRIC_REPRESENTATION_CONTEXT(2) 
PARAMETRIC_REPRESENTATION_CONTEXT() REPRESENTATION_CONTEXT('2D SPACE',''
  ) );
#272 = PCURVE('',#217,#273);
#273 = DEFINITIONAL_REPRESENTATION('',(#274),#278);
#274 = LINE('',#275,#276);
#275 = CARTESIAN_POINT('',(14.6,0.));
#276 = VECTOR('',#277,1.);
#277 = DIRECTION('',(0.,-1.));
#278 = ( GEOMETRIC_REPRESENTATION_CONTEXT(2) 
PARAMETRIC_REPRESENTATION_CONTEXT() REPRESENTATION_CONTEXT('2D SPACE',''
  ) );
#279 = ORIENTED_EDGE('',*,*,#280,.F.);
#280 = EDGE_CURVE('',#281,#258,#283,.T.);
#281 = VERTEX_POINT('',#282);
#282 = CARTESIAN_POINT('',(2.5,4.,14.6));
#283 = SURFACE_CURVE('',#284,(#288,#295),.PCURVE_S1.);
#284 = LINE('',#285,#286);
#285 = CARTESIAN_POINT('',(-3.95,4.,14.6));
#286 = VECTOR('',#287,1.);
#287 = DIRECTION('',(1.,0.,0.));
#288 = PCURVE('',#141,#289);
#289 = DEFINITIONAL_REPRESENTATION('',(#290),#294);
#290 = LINE('',#291,#292);
#291 = CARTESIAN_POINT('',(0.,13.8));
#292 = VECTOR('',#293,1.);
#293 = DIRECTION('',(1.,0.));
#294 = ( GEOMETRIC_REPRESENTATION_CONTEXT(2) 
PARAMETRIC_REPRESENTATION_CONTEXT() REPRESENTATION_CONTEXT('2D SPACE',''
  ) );
#295 = PCURVE('',#115,#296);
#296 = DEFINITIONAL_REPRESENTATION('',(#297),#301);
#297 = LINE('',#298,#299);
#298 = CARTESIAN_POINT('',(14.6,0.));
#299 = VECTOR('',#300,1.);
#300 = DIRECTION('',(0.,1.));
#301 = ( GEOMETRIC_REPRESENTATION_CONTEXT(2) 
PARAMETRIC_REPRESENTATION_CONTEXT() REPRESENTATION_CONTEXT('2D SPACE',''
  ) );
#302 = ORIENTED_EDGE('',*,*,#303,.T.);
#303 = EDGE_CURVE('',#281,#304,#306,.T.);
#304 = VERTEX_POINT('',#305);
#305 = CARTESIAN_POINT('',(2.5,3.704285714286,14.6));
#306 = SURFACE_CURVE('',#307,(#311,#318),.PCURVE_S1.);
#307 = LINE('',#308,#309);
#308 = CARTESIAN_POINT('',(2.5,4.,14.6));
#309 = VECTOR('',#310,1.);
#310 = DIRECTION('',(0.,-1.,2.22044604925E-16));
#311 = PCURVE('',#141,#312);
#312 = DEFINITIONAL_REPRESENTATION('',(#313),#317);
#313 = LINE('',#314,#315);
#314 = CARTESIAN_POINT('',(6.45,13.8));
#315 = VECTOR('',#316,1.);
#316 = DIRECTION('',(0.,-1.));
#317 = ( GEOMETRIC_REPRESENTATION_CONTEXT(2) 
PARAMETRIC_REPRESENTATION_CONTEXT() REPRESENTATION_CONTEXT('2D SPACE',''
  ) );
#318 = PCURVE('',#319,#324);
#319 = PLANE('',#320);
#320 = AXIS2_PLACEMENT_3D('',#321,#322,#323);
#321 = CARTESIAN_POINT('',(2.5,4.,14.6));
#322 = DIRECTION('',(0.894427191,-9.930136612989E-17,-0.4472135955));
#323 = DIRECTION('',(-0.4472135955,-1.986027322598E-16,-0.894427191));
#324 = DEFINITIONAL_REPRESENTATION('',(#325),#329);
#325 = LINE('',#326,#327);
#326 = CARTESIAN_POINT('',(-0.,0.));
#327 = VECTOR('',#328,1.);
#328 = DIRECTION('',(0.,-1.));
#329 = ( GEOMETRIC_REPRESENTATION_CONTEXT(2) 
PARAMETRIC_REPRESENTATION_CONTEXT() REPRESENTATION_CONTEXT('2D SPACE',''
  ) );
#330 = ORIENTED_EDGE('',*,*,#331,.T.);
#331 = EDGE_CURVE('',#304,#332,#334,.T.);
#332 = VERTEX_POINT('',#333);
#333 = CARTESIAN_POINT('',(-2.5,3.704285714286,14.6));
#334 = SURFACE_CURVE('',#335,(#339,#346),.PCURVE_S1.);
#335 = LINE('',#336,#337);
#336 = CARTESIAN_POINT('',(2.5,3.704285714286,14.6));
#337 = VECTOR('',#338,1.);
#338 = DIRECTION('',(-1.,0.,0.));
#339 = PCURVE('',#141,#340);
#340 = DEFINITIONAL_REPRESENTATION('',(#341),#345);
#341 = LINE('',#342,#343);
#342 = CARTESIAN_POINT('',(6.45,13.504285714286));
#343 = VECTOR('',#344,1.);
#344 = DIRECTION('',(-1.,0.));
#345 = ( GEOMETRIC_REPRESENTATION_CONTEXT(2) 
PARAMETRIC_REPRESENTATION_CONTEXT() REPRESENTATION_CONTEXT('2D SPACE',''
  ) );
#346 = PCURVE('',#347,#352);
#347 = PLANE('',#348);
#348 = AXIS2_PLACEMENT_3D('',#349,#350,#351);
#349 = CARTESIAN_POINT('',(0.,3.704285714286,12.872542485937));
#350 = DIRECTION('',(0.,-1.,3.552713678801E-16));
#351 = DIRECTION('',(0.,-3.552713678801E-16,-1.));
#352 = DEFINITIONAL_REPRESENTATION('',(#353),#357);
#353 = LINE('',#354,#355);
#354 = CARTESIAN_POINT('',(-1.727457514063,2.5));
#355 = VECTOR('',#356,1.);
#356 = DIRECTION('',(-0.,-1.));
#357 = ( GEOMETRIC_REPRESENTATION_CONTEXT(2) 
PARAMETRIC_REPRESENTATION_CONTEXT() REPRESENTATION_CONTEXT('2D SPACE',''
  ) );
#358 = ORIENTED_EDGE('',*,*,#359,.F.);
#359 = EDGE_CURVE('',#233,#332,#360,.T.);
#360 = SURFACE_CURVE('',#361,(#365,#372),.PCURVE_S1.);
#361 = LINE('',#362,#363);
#362 = CARTESIAN_POINT('',(-2.5,4.,14.6));
#363 = VECTOR('',#364,1.);
#364 = DIRECTION('',(0.,-1.,2.22044604925E-16));
#365 = PCURVE('',#141,#366);
#366 = DEFINITIONAL_REPRESENTATION('',(#367),#371);
#367 = LINE('',#368,#369);
#368 = CARTESIAN_POINT('',(1.45,13.8));
#369 = VECTOR('',#370,1.);
#370 = DIRECTION('',(0.,-1.));
#371 = ( GEOMETRIC_REPRESENTATION_CONTEXT(2) 
PARAMETRIC_REPRESENTATION_CONTEXT() REPRESENTATION_CONTEXT('2D SPACE',''
  ) );
#372 = PCURVE('',#373,#378);
#373 = PLANE('',#374);
#374 = AXIS2_PLACEMENT_3D('',#375,#376,#377);
#375 = CARTESIAN_POINT('',(-2.5,4.,14.6));
#376 = DIRECTION('',(0.894427191,9.930136612989E-17,0.4472135955));
#377 = DIRECTION('',(0.4472135955,-1.986027322598E-16,-0.894427191));
#378 = DEFINITIONAL_REPRESENTATION('',(#379),#383);
#379 = LINE('',#380,#381);
#380 = CARTESIAN_POINT('',(0.,0.));
#381 = VECTOR('',#382,1.);
#382 = DIRECTION('',(0.,-1.));
#383 = ( GEOMETRIC_REPRESENTATION_CONTEXT(2) 
PARAMETRIC_REPRESENTATION_CONTEXT() REPRESENTATION_CONTEXT('2D SPACE',''
  ) );
#384 = FACE_BOUND('',#385,.T.);
#385 = EDGE_LOOP('',(#386,#416,#444,#472));
#386 = ORIENTED_EDGE('',*,*,#387,.F.);
#387 = EDGE_CURVE('',#388,#390,#392,.T.);
#388 = VERTEX_POINT('',#389);
#389 = CARTESIAN_POINT('',(1.88,-7.73,14.6));
#390 = VERTEX_POINT('',#391);
#391 = CARTESIAN_POINT('',(1.88,1.93,14.6));
#392 = SURFACE_CURVE('',#393,(#397,#404),.PCURVE_S1.);
#393 = LINE('',#394,#395);
#394 = CARTESIAN_POINT('',(1.88,-7.73,14.6));
#395 = VECTOR('',#396,1.);
#396 = DIRECTION('',(0.,1.,0.));
#397 = PCURVE('',#141,#398);
#398 = DEFINITIONAL_REPRESENTATION('',(#399),#403);
#399 = LINE('',#400,#401);
#400 = CARTESIAN_POINT('',(5.83,2.07));
#401 = VECTOR('',#402,1.);
#402 = DIRECTION('',(0.,1.));
#403 = ( GEOMETRIC_REPRESENTATION_CONTEXT(2) 
PARAMETRIC_REPRESENTATION_CONTEXT() REPRESENTATION_CONTEXT('2D SPACE',''
  ) );
#404 = PCURVE('',#405,#410);
#405 = PLANE('',#406);
#406 = AXIS2_PLACEMENT_3D('',#407,#408,#409);
#407 = CARTESIAN_POINT('',(1.88,-7.73,5.11));
#408 = DIRECTION('',(1.,0.,0.));
#409 = DIRECTION('',(0.,0.,1.));
#410 = DEFINITIONAL_REPRESENTATION('',(#411),#415);
#411 = LINE('',#412,#413);
#412 = CARTESIAN_POINT('',(9.49,0.));
#413 = VECTOR('',#414,1.);
#414 = DIRECTION('',(0.,-1.));
#415 = ( GEOMETRIC_REPRESENTATION_CONTEXT(2) 
PARAMETRIC_REPRESENTATION_CONTEXT() REPRESENTATION_CONTEXT('2D SPACE',''
  ) );
#416 = ORIENTED_EDGE('',*,*,#417,.F.);
#417 = EDGE_CURVE('',#418,#388,#420,.T.);
#418 = VERTEX_POINT('',#419);
#419 = CARTESIAN_POINT('',(-1.88,-7.73,14.6));
#420 = SURFACE_CURVE('',#421,(#425,#432),.PCURVE_S1.);
#421 = LINE('',#422,#423);
#422 = CARTESIAN_POINT('',(-1.88,-7.73,14.6));
#423 = VECTOR('',#424,1.);
#424 = DIRECTION('',(1.,0.,0.));
#425 = PCURVE('',#141,#426);
#426 = DEFINITIONAL_REPRESENTATION('',(#427),#431);
#427 = LINE('',#428,#429);
#428 = CARTESIAN_POINT('',(2.07,2.07));
#429 = VECTOR('',#430,1.);
#430 = DIRECTION('',(1.,0.));
#431 = ( GEOMETRIC_REPRESENTATION_CONTEXT(2) 
PARAMETRIC_REPRESENTATION_CONTEXT() REPRESENTATION_CONTEXT('2D SPACE',''
  ) );
#432 = PCURVE('',#433,#438);
#433 = PLANE('',#434);
#434 = AXIS2_PLACEMENT_3D('',#435,#436,#437);
#435 = CARTESIAN_POINT('',(-1.88,-7.73,5.11));
#436 = DIRECTION('',(0.,1.,0.));
#437 = DIRECTION('',(0.,0.,1.));
#438 = DEFINITIONAL_REPRESENTATION('',(#439),#443);
#439 = LINE('',#440,#441);
#440 = CARTESIAN_POINT('',(9.49,0.));
#441 = VECTOR('',#442,1.);
#442 = DIRECTION('',(0.,1.));
#443 = ( GEOMETRIC_REPRESENTATION_CONTEXT(2) 
PARAMETRIC_REPRESENTATION_CONTEXT() REPRESENTATION_CONTEXT('2D SPACE',''
  ) );
#444 = ORIENTED_EDGE('',*,*,#445,.T.);
#445 = EDGE_CURVE('',#418,#446,#448,.T.);
#446 = VERTEX_POINT('',#447);
#447 = CARTESIAN_POINT('',(-1.88,1.93,14.6));
#448 = SURFACE_CURVE('',#449,(#453,#460),.PCURVE_S1.);
#449 = LINE('',#450,#451);
#450 = CARTESIAN_POINT('',(-1.88,-7.73,14.6));
#451 = VECTOR('',#452,1.);
#452 = DIRECTION('',(0.,1.,0.));
#453 = PCURVE('',#141,#454);
#454 = DEFINITIONAL_REPRESENTATION('',(#455),#459);
#455 = LINE('',#456,#457);
#456 = CARTESIAN_POINT('',(2.07,2.07));
#457 = VECTOR('',#458,1.);
#458 = DIRECTION('',(0.,1.));
#459 = ( GEOMETRIC_REPRESENTATION_CONTEXT(2) 
PARAMETRIC_REPRESENTATION_CONTEXT() REPRESENTATION_CONTEXT('2D SPACE',''
  ) );
#460 = PCURVE('',#461,#466);
#461 = PLANE('',#462);
#462 = AXIS2_PLACEMENT_3D('',#463,#464,#465);
#463 = CARTESIAN_POINT('',(-1.88,-7.73,5.11));
#464 = DIRECTION('',(1.,0.,0.));
#465 = DIRECTION('',(0.,0.,1.));
#466 = DEFINITIONAL_REPRESENTATION('',(#467),#471);
#467 = LINE('',#468,#469);
#468 = CARTESIAN_POINT('',(9.49,0.));
#469 = VECTOR('',#470,1.);
#470 = DIRECTION('',(0.,-1.));
#471 = ( GEOMETRIC_REPRESENTATION_CONTEXT(2) 
PARAMETRIC_REPRESENTATION_CONTEXT() REPRESENTATION_CONTEXT('2D SPACE',''
  ) );
#472 = ORIENTED_EDGE('',*,*,#473,.T.);
#473 = EDGE_CURVE('',#446,#390,#474,.T.);
#474 = SURFACE_CURVE('',#475,(#479,#486),.PCURVE_S1.);
#475 = LINE('',#476,#477);
#476 = CARTESIAN_POINT('',(-1.88,1.93,14.6));
#477 = VECTOR('',#478,1.);
#478 = DIRECTION('',(1.,0.,0.));
#479 = PCURVE('',#141,#480);
#480 = DEFINITIONAL_REPRESENTATION('',(#481),#485);
#481 = LINE('',#482,#483);
#482 = CARTESIAN_POINT('',(2.07,11.73));
#483 = VECTOR('',#484,1.);
#484 = DIRECTION('',(1.,0.));
#485 = ( GEOMETRIC_REPRESENTATION_CONTEXT(2) 
PARAMETRIC_REPRESENTATION_CONTEXT() REPRESENTATION_CONTEXT('2D SPACE',''
  ) );
#486 = PCURVE('',#487,#492);
#487 = PLANE('',#488);
#488 = AXIS2_PLACEMENT_3D('',#489,#490,#491);
#489 = CARTESIAN_POINT('',(-1.88,1.93,5.11));
#490 = DIRECTION('',(0.,1.,0.));
#491 = DIRECTION('',(0.,0.,1.));
#492 = DEFINITIONAL_REPRESENTATION('',(#493),#497);
#493 = LINE('',#494,#495);
#494 = CARTESIAN_POINT('',(9.49,0.));
#495 = VECTOR('',#496,1.);
#496 = DIRECTION('',(0.,1.));
#497 = ( GEOMETRIC_REPRESENTATION_CONTEXT(2) 
PARAMETRIC_REPRESENTATION_CONTEXT() REPRESENTATION_CONTEXT('2D SPACE',''
  ) );
#498 = ADVANCED_FACE('',(#499),#115,.T.);
#499 = FACE_BOUND('',#500,.T.);
#500 = EDGE_LOOP('',(#501,#524,#545,#546,#547,#570,#591));
#501 = ORIENTED_EDGE('',*,*,#502,.F.);
#502 = EDGE_CURVE('',#503,#258,#505,.T.);
#503 = VERTEX_POINT('',#504);
#504 = CARTESIAN_POINT('',(3.95,4.,0.));
#505 = SURFACE_CURVE('',#506,(#510,#517),.PCURVE_S1.);
#506 = LINE('',#507,#508);
#507 = CARTESIAN_POINT('',(3.95,4.,0.));
#508 = VECTOR('',#509,1.);
#509 = DIRECTION('',(0.,0.,1.));
#510 = PCURVE('',#115,#511);
#511 = DEFINITIONAL_REPRESENTATION('',(#512),#516);
#512 = LINE('',#513,#514);
#513 = CARTESIAN_POINT('',(0.,7.9));
#514 = VECTOR('',#515,1.);
#515 = DIRECTION('',(1.,0.));
#516 = ( GEOMETRIC_REPRESENTATION_CONTEXT(2) 
PARAMETRIC_REPRESENTATION_CONTEXT() REPRESENTATION_CONTEXT('2D SPACE',''
  ) );
#517 = PCURVE('',#217,#518);
#518 = DEFINITIONAL_REPRESENTATION('',(#519),#523);
#519 = LINE('',#520,#521);
#520 = CARTESIAN_POINT('',(0.,-13.8));
#521 = VECTOR('',#522,1.);
#522 = DIRECTION('',(1.,0.));
#523 = ( GEOMETRIC_REPRESENTATION_CONTEXT(2) 
PARAMETRIC_REPRESENTATION_CONTEXT() REPRESENTATION_CONTEXT('2D SPACE',''
  ) );
#524 = ORIENTED_EDGE('',*,*,#525,.F.);
#525 = EDGE_CURVE('',#72,#503,#526,.T.);
#526 = SURFACE_CURVE('',#527,(#531,#538),.PCURVE_S1.);
#527 = LINE('',#528,#529);
#528 = CARTESIAN_POINT('',(-3.95,4.,0.));
#529 = VECTOR('',#530,1.);
#530 = DIRECTION('',(1.,0.,0.));
#531 = PCURVE('',#115,#532);
#532 = DEFINITIONAL_REPRESENTATION('',(#533),#537);
#533 = LINE('',#534,#535);
#534 = CARTESIAN_POINT('',(0.,0.));
#535 = VECTOR('',#536,1.);
#536 = DIRECTION('',(0.,1.));
#537 = ( GEOMETRIC_REPRESENTATION_CONTEXT(2) 
PARAMETRIC_REPRESENTATION_CONTEXT() REPRESENTATION_CONTEXT('2D SPACE',''
  ) );
#538 = PCURVE('',#87,#539);
#539 = DEFINITIONAL_REPRESENTATION('',(#540),#544);
#540 = LINE('',#541,#542);
#541 = CARTESIAN_POINT('',(0.,13.8));
#542 = VECTOR('',#543,1.);
#543 = DIRECTION('',(1.,0.));
#544 = ( GEOMETRIC_REPRESENTATION_CONTEXT(2) 
PARAMETRIC_REPRESENTATION_CONTEXT() REPRESENTATION_CONTEXT('2D SPACE',''
  ) );
#545 = ORIENTED_EDGE('',*,*,#99,.T.);
#546 = ORIENTED_EDGE('',*,*,#232,.T.);
#547 = ORIENTED_EDGE('',*,*,#548,.T.);
#548 = EDGE_CURVE('',#233,#549,#551,.T.);
#549 = VERTEX_POINT('',#550);
#550 = CARTESIAN_POINT('',(0.,4.,9.6));
#551 = SURFACE_CURVE('',#552,(#556,#563),.PCURVE_S1.);
#552 = LINE('',#553,#554);
#553 = CARTESIAN_POINT('',(-2.5,4.,14.6));
#554 = VECTOR('',#555,1.);
#555 = DIRECTION('',(0.4472135955,-1.986027322598E-16,-0.894427191));
#556 = PCURVE('',#115,#557);
#557 = DEFINITIONAL_REPRESENTATION('',(#558),#562);
#558 = LINE('',#559,#560);
#559 = CARTESIAN_POINT('',(14.6,1.45));
#560 = VECTOR('',#561,1.);
#561 = DIRECTION('',(-0.894427191,0.4472135955));
#562 = ( GEOMETRIC_REPRESENTATION_CONTEXT(2) 
PARAMETRIC_REPRESENTATION_CONTEXT() REPRESENTATION_CONTEXT('2D SPACE',''
  ) );
#563 = PCURVE('',#373,#564);
#564 = DEFINITIONAL_REPRESENTATION('',(#565),#569);
#565 = LINE('',#566,#567);
#566 = CARTESIAN_POINT('',(0.,0.));
#567 = VECTOR('',#568,1.);
#568 = DIRECTION('',(1.,0.));
#569 = ( GEOMETRIC_REPRESENTATION_CONTEXT(2) 
PARAMETRIC_REPRESENTATION_CONTEXT() REPRESENTATION_CONTEXT('2D SPACE',''
  ) );
#570 = ORIENTED_EDGE('',*,*,#571,.F.);
#571 = EDGE_CURVE('',#281,#549,#572,.T.);
#572 = SURFACE_CURVE('',#573,(#577,#584),.PCURVE_S1.);
#573 = LINE('',#574,#575);
#574 = CARTESIAN_POINT('',(2.5,4.,14.6));
#575 = VECTOR('',#576,1.);
#576 = DIRECTION('',(-0.4472135955,-1.986027322598E-16,-0.894427191));
#577 = PCURVE('',#115,#578);
#578 = DEFINITIONAL_REPRESENTATION('',(#579),#583);
#579 = LINE('',#580,#581);
#580 = CARTESIAN_POINT('',(14.6,6.45));
#581 = VECTOR('',#582,1.);
#582 = DIRECTION('',(-0.894427191,-0.4472135955));
#583 = ( GEOMETRIC_REPRESENTATION_CONTEXT(2) 
PARAMETRIC_REPRESENTATION_CONTEXT() REPRESENTATION_CONTEXT('2D SPACE',''
  ) );
#584 = PCURVE('',#319,#585);
#585 = DEFINITIONAL_REPRESENTATION('',(#586),#590);
#586 = LINE('',#587,#588);
#587 = CARTESIAN_POINT('',(-0.,0.));
#588 = VECTOR('',#589,1.);
#589 = DIRECTION('',(1.,0.));
#590 = ( GEOMETRIC_REPRESENTATION_CONTEXT(2) 
PARAMETRIC_REPRESENTATION_CONTEXT() REPRESENTATION_CONTEXT('2D SPACE',''
  ) );
#591 = ORIENTED_EDGE('',*,*,#280,.T.);
#592 = ADVANCED_FACE('',(#593),#87,.F.);
#593 = FACE_BOUND('',#594,.F.);
#594 = EDGE_LOOP('',(#595,#596,#597,#618));
#595 = ORIENTED_EDGE('',*,*,#71,.F.);
#596 = ORIENTED_EDGE('',*,*,#156,.T.);
#597 = ORIENTED_EDGE('',*,*,#598,.T.);
#598 = EDGE_CURVE('',#157,#503,#599,.T.);
#599 = SURFACE_CURVE('',#600,(#604,#611),.PCURVE_S1.);
#600 = LINE('',#601,#602);
#601 = CARTESIAN_POINT('',(3.95,-9.8,0.));
#602 = VECTOR('',#603,1.);
#603 = DIRECTION('',(0.,1.,0.));
#604 = PCURVE('',#87,#605);
#605 = DEFINITIONAL_REPRESENTATION('',(#606),#610);
#606 = LINE('',#607,#608);
#607 = CARTESIAN_POINT('',(7.9,0.));
#608 = VECTOR('',#609,1.);
#609 = DIRECTION('',(0.,1.));
#610 = ( GEOMETRIC_REPRESENTATION_CONTEXT(2) 
PARAMETRIC_REPRESENTATION_CONTEXT() REPRESENTATION_CONTEXT('2D SPACE',''
  ) );
#611 = PCURVE('',#217,#612);
#612 = DEFINITIONAL_REPRESENTATION('',(#613),#617);
#613 = LINE('',#614,#615);
#614 = CARTESIAN_POINT('',(0.,0.));
#615 = VECTOR('',#616,1.);
#616 = DIRECTION('',(0.,-1.));
#617 = ( GEOMETRIC_REPRESENTATION_CONTEXT(2) 
PARAMETRIC_REPRESENTATION_CONTEXT() REPRESENTATION_CONTEXT('2D SPACE',''
  ) );
#618 = ORIENTED_EDGE('',*,*,#525,.F.);
#619 = ADVANCED_FACE('',(#620),#217,.T.);
#620 = FACE_BOUND('',#621,.T.);
#621 = EDGE_LOOP('',(#622,#623,#624,#625));
#622 = ORIENTED_EDGE('',*,*,#203,.F.);
#623 = ORIENTED_EDGE('',*,*,#598,.T.);
#624 = ORIENTED_EDGE('',*,*,#502,.T.);
#625 = ORIENTED_EDGE('',*,*,#257,.F.);
#626 = ADVANCED_FACE('',(#627),#373,.T.);
#627 = FACE_BOUND('',#628,.T.);
#628 = EDGE_LOOP('',(#629,#630,#653,#674));
#629 = ORIENTED_EDGE('',*,*,#359,.T.);
#630 = ORIENTED_EDGE('',*,*,#631,.T.);
#631 = EDGE_CURVE('',#332,#632,#634,.T.);
#632 = VERTEX_POINT('',#633);
#633 = CARTESIAN_POINT('',(0.,3.704285714286,9.6));
#634 = SURFACE_CURVE('',#635,(#639,#646),.PCURVE_S1.);
#635 = LINE('',#636,#637);
#636 = CARTESIAN_POINT('',(-2.5,3.704285714286,14.6));
#637 = VECTOR('',#638,1.);
#638 = DIRECTION('',(0.4472135955,-1.986027322598E-16,-0.894427191));
#639 = PCURVE('',#373,#640);
#640 = DEFINITIONAL_REPRESENTATION('',(#641),#645);
#641 = LINE('',#642,#643);
#642 = CARTESIAN_POINT('',(5.872966511111E-17,-0.295714285714));
#643 = VECTOR('',#644,1.);
#644 = DIRECTION('',(1.,0.));
#645 = ( GEOMETRIC_REPRESENTATION_CONTEXT(2) 
PARAMETRIC_REPRESENTATION_CONTEXT() REPRESENTATION_CONTEXT('2D SPACE',''
  ) );
#646 = PCURVE('',#347,#647);
#647 = DEFINITIONAL_REPRESENTATION('',(#648),#652);
#648 = LINE('',#649,#650);
#649 = CARTESIAN_POINT('',(-1.727457514063,-2.5));
#650 = VECTOR('',#651,1.);
#651 = DIRECTION('',(0.894427191,0.4472135955));
#652 = ( GEOMETRIC_REPRESENTATION_CONTEXT(2) 
PARAMETRIC_REPRESENTATION_CONTEXT() REPRESENTATION_CONTEXT('2D SPACE',''
  ) );
#653 = ORIENTED_EDGE('',*,*,#654,.F.);
#654 = EDGE_CURVE('',#549,#632,#655,.T.);
#655 = SURFACE_CURVE('',#656,(#660,#667),.PCURVE_S1.);
#656 = LINE('',#657,#658);
#657 = CARTESIAN_POINT('',(0.,4.,9.6));
#658 = VECTOR('',#659,1.);
#659 = DIRECTION('',(0.,-1.,2.22044604925E-16));
#660 = PCURVE('',#373,#661);
#661 = DEFINITIONAL_REPRESENTATION('',(#662),#666);
#662 = LINE('',#663,#664);
#663 = CARTESIAN_POINT('',(5.590169943749,-6.661338147751E-16));
#664 = VECTOR('',#665,1.);
#665 = DIRECTION('',(0.,-1.));
#666 = ( GEOMETRIC_REPRESENTATION_CONTEXT(2) 
PARAMETRIC_REPRESENTATION_CONTEXT() REPRESENTATION_CONTEXT('2D SPACE',''
  ) );
#667 = PCURVE('',#319,#668);
#668 = DEFINITIONAL_REPRESENTATION('',(#669),#673);
#669 = LINE('',#670,#671);
#670 = CARTESIAN_POINT('',(5.590169943749,-6.661338147751E-16));
#671 = VECTOR('',#672,1.);
#672 = DIRECTION('',(0.,-1.));
#673 = ( GEOMETRIC_REPRESENTATION_CONTEXT(2) 
PARAMETRIC_REPRESENTATION_CONTEXT() REPRESENTATION_CONTEXT('2D SPACE',''
  ) );
#674 = ORIENTED_EDGE('',*,*,#548,.F.);
#675 = ADVANCED_FACE('',(#676),#347,.F.);
#676 = FACE_BOUND('',#677,.F.);
#677 = EDGE_LOOP('',(#678,#679,#680));
#678 = ORIENTED_EDGE('',*,*,#331,.T.);
#679 = ORIENTED_EDGE('',*,*,#631,.T.);
#680 = ORIENTED_EDGE('',*,*,#681,.F.);
#681 = EDGE_CURVE('',#304,#632,#682,.T.);
#682 = SURFACE_CURVE('',#683,(#687,#694),.PCURVE_S1.);
#683 = LINE('',#684,#685);
#684 = CARTESIAN_POINT('',(2.5,3.704285714286,14.6));
#685 = VECTOR('',#686,1.);
#686 = DIRECTION('',(-0.4472135955,-1.986027322598E-16,-0.894427191));
#687 = PCURVE('',#347,#688);
#688 = DEFINITIONAL_REPRESENTATION('',(#689),#693);
#689 = LINE('',#690,#691);
#690 = CARTESIAN_POINT('',(-1.727457514063,2.5));
#691 = VECTOR('',#692,1.);
#692 = DIRECTION('',(0.894427191,-0.4472135955));
#693 = ( GEOMETRIC_REPRESENTATION_CONTEXT(2) 
PARAMETRIC_REPRESENTATION_CONTEXT() REPRESENTATION_CONTEXT('2D SPACE',''
  ) );
#694 = PCURVE('',#319,#695);
#695 = DEFINITIONAL_REPRESENTATION('',(#696),#700);
#696 = LINE('',#697,#698);
#697 = CARTESIAN_POINT('',(5.872966511111E-17,-0.295714285714));
#698 = VECTOR('',#699,1.);
#699 = DIRECTION('',(1.,0.));
#700 = ( GEOMETRIC_REPRESENTATION_CONTEXT(2) 
PARAMETRIC_REPRESENTATION_CONTEXT() REPRESENTATION_CONTEXT('2D SPACE',''
  ) );
#701 = ADVANCED_FACE('',(#702),#319,.F.);
#702 = FACE_BOUND('',#703,.F.);
#703 = EDGE_LOOP('',(#704,#705,#706,#707));
#704 = ORIENTED_EDGE('',*,*,#303,.T.);
#705 = ORIENTED_EDGE('',*,*,#681,.T.);
#706 = ORIENTED_EDGE('',*,*,#654,.F.);
#707 = ORIENTED_EDGE('',*,*,#571,.F.);
#708 = ADVANCED_FACE('',(#709),#405,.F.);
#709 = FACE_BOUND('',#710,.F.);
#710 = EDGE_LOOP('',(#711,#734,#762,#783));
#711 = ORIENTED_EDGE('',*,*,#712,.F.);
#712 = EDGE_CURVE('',#713,#388,#715,.T.);
#713 = VERTEX_POINT('',#714);
#714 = CARTESIAN_POINT('',(1.88,-7.73,5.11));
#715 = SURFACE_CURVE('',#716,(#720,#727),.PCURVE_S1.);
#716 = LINE('',#717,#718);
#717 = CARTESIAN_POINT('',(1.88,-7.73,5.11));
#718 = VECTOR('',#719,1.);
#719 = DIRECTION('',(0.,0.,1.));
#720 = PCURVE('',#405,#721);
#721 = DEFINITIONAL_REPRESENTATION('',(#722),#726);
#722 = LINE('',#723,#724);
#723 = CARTESIAN_POINT('',(0.,0.));
#724 = VECTOR('',#725,1.);
#725 = DIRECTION('',(1.,0.));
#726 = ( GEOMETRIC_REPRESENTATION_CONTEXT(2) 
PARAMETRIC_REPRESENTATION_CONTEXT() REPRESENTATION_CONTEXT('2D SPACE',''
  ) );
#727 = PCURVE('',#433,#728);
#728 = DEFINITIONAL_REPRESENTATION('',(#729),#733);
#729 = LINE('',#730,#731);
#730 = CARTESIAN_POINT('',(0.,3.76));
#731 = VECTOR('',#732,1.);
#732 = DIRECTION('',(1.,0.));
#733 = ( GEOMETRIC_REPRESENTATION_CONTEXT(2) 
PARAMETRIC_REPRESENTATION_CONTEXT() REPRESENTATION_CONTEXT('2D SPACE',''
  ) );
#734 = ORIENTED_EDGE('',*,*,#735,.T.);
#735 = EDGE_CURVE('',#713,#736,#738,.T.);
#736 = VERTEX_POINT('',#737);
#737 = CARTESIAN_POINT('',(1.88,1.93,5.11));
#738 = SURFACE_CURVE('',#739,(#743,#750),.PCURVE_S1.);
#739 = LINE('',#740,#741);
#740 = CARTESIAN_POINT('',(1.88,-7.73,5.11));
#741 = VECTOR('',#742,1.);
#742 = DIRECTION('',(0.,1.,0.));
#743 = PCURVE('',#405,#744);
#744 = DEFINITIONAL_REPRESENTATION('',(#745),#749);
#745 = LINE('',#746,#747);
#746 = CARTESIAN_POINT('',(0.,0.));
#747 = VECTOR('',#748,1.);
#748 = DIRECTION('',(0.,-1.));
#749 = ( GEOMETRIC_REPRESENTATION_CONTEXT(2) 
PARAMETRIC_REPRESENTATION_CONTEXT() REPRESENTATION_CONTEXT('2D SPACE',''
  ) );
#750 = PCURVE('',#751,#756);
#751 = PLANE('',#752);
#752 = AXIS2_PLACEMENT_3D('',#753,#754,#755);
#753 = CARTESIAN_POINT('',(-1.88,-7.73,5.11));
#754 = DIRECTION('',(0.,0.,1.));
#755 = DIRECTION('',(1.,0.,0.));
#756 = DEFINITIONAL_REPRESENTATION('',(#757),#761);
#757 = LINE('',#758,#759);
#758 = CARTESIAN_POINT('',(3.76,0.));
#759 = VECTOR('',#760,1.);
#760 = DIRECTION('',(0.,1.));
#761 = ( GEOMETRIC_REPRESENTATION_CONTEXT(2) 
PARAMETRIC_REPRESENTATION_CONTEXT() REPRESENTATION_CONTEXT('2D SPACE',''
  ) );
#762 = ORIENTED_EDGE('',*,*,#763,.T.);
#763 = EDGE_CURVE('',#736,#390,#764,.T.);
#764 = SURFACE_CURVE('',#765,(#769,#776),.PCURVE_S1.);
#765 = LINE('',#766,#767);
#766 = CARTESIAN_POINT('',(1.88,1.93,5.11));
#767 = VECTOR('',#768,1.);
#768 = DIRECTION('',(0.,0.,1.));
#769 = PCURVE('',#405,#770);
#770 = DEFINITIONAL_REPRESENTATION('',(#771),#775);
#771 = LINE('',#772,#773);
#772 = CARTESIAN_POINT('',(0.,-9.66));
#773 = VECTOR('',#774,1.);
#774 = DIRECTION('',(1.,0.));
#775 = ( GEOMETRIC_REPRESENTATION_CONTEXT(2) 
PARAMETRIC_REPRESENTATION_CONTEXT() REPRESENTATION_CONTEXT('2D SPACE',''
  ) );
#776 = PCURVE('',#487,#777);
#777 = DEFINITIONAL_REPRESENTATION('',(#778),#782);
#778 = LINE('',#779,#780);
#779 = CARTESIAN_POINT('',(0.,3.76));
#780 = VECTOR('',#781,1.);
#781 = DIRECTION('',(1.,0.));
#782 = ( GEOMETRIC_REPRESENTATION_CONTEXT(2) 
PARAMETRIC_REPRESENTATION_CONTEXT() REPRESENTATION_CONTEXT('2D SPACE',''
  ) );
#783 = ORIENTED_EDGE('',*,*,#387,.F.);
#784 = ADVANCED_FACE('',(#785),#487,.F.);
#785 = FACE_BOUND('',#786,.F.);
#786 = EDGE_LOOP('',(#787,#810,#831,#832));
#787 = ORIENTED_EDGE('',*,*,#788,.F.);
#788 = EDGE_CURVE('',#789,#736,#791,.T.);
#789 = VERTEX_POINT('',#790);
#790 = CARTESIAN_POINT('',(-1.88,1.93,5.11));
#791 = SURFACE_CURVE('',#792,(#796,#803),.PCURVE_S1.);
#792 = LINE('',#793,#794);
#793 = CARTESIAN_POINT('',(-1.88,1.93,5.11));
#794 = VECTOR('',#795,1.);
#795 = DIRECTION('',(1.,0.,0.));
#796 = PCURVE('',#487,#797);
#797 = DEFINITIONAL_REPRESENTATION('',(#798),#802);
#798 = LINE('',#799,#800);
#799 = CARTESIAN_POINT('',(0.,0.));
#800 = VECTOR('',#801,1.);
#801 = DIRECTION('',(0.,1.));
#802 = ( GEOMETRIC_REPRESENTATION_CONTEXT(2) 
PARAMETRIC_REPRESENTATION_CONTEXT() REPRESENTATION_CONTEXT('2D SPACE',''
  ) );
#803 = PCURVE('',#751,#804);
#804 = DEFINITIONAL_REPRESENTATION('',(#805),#809);
#805 = LINE('',#806,#807);
#806 = CARTESIAN_POINT('',(0.,9.66));
#807 = VECTOR('',#808,1.);
#808 = DIRECTION('',(1.,0.));
#809 = ( GEOMETRIC_REPRESENTATION_CONTEXT(2) 
PARAMETRIC_REPRESENTATION_CONTEXT() REPRESENTATION_CONTEXT('2D SPACE',''
  ) );
#810 = ORIENTED_EDGE('',*,*,#811,.T.);
#811 = EDGE_CURVE('',#789,#446,#812,.T.);
#812 = SURFACE_CURVE('',#813,(#817,#824),.PCURVE_S1.);
#813 = LINE('',#814,#815);
#814 = CARTESIAN_POINT('',(-1.88,1.93,5.11));
#815 = VECTOR('',#816,1.);
#816 = DIRECTION('',(0.,0.,1.));
#817 = PCURVE('',#487,#818);
#818 = DEFINITIONAL_REPRESENTATION('',(#819),#823);
#819 = LINE('',#820,#821);
#820 = CARTESIAN_POINT('',(0.,0.));
#821 = VECTOR('',#822,1.);
#822 = DIRECTION('',(1.,0.));
#823 = ( GEOMETRIC_REPRESENTATION_CONTEXT(2) 
PARAMETRIC_REPRESENTATION_CONTEXT() REPRESENTATION_CONTEXT('2D SPACE',''
  ) );
#824 = PCURVE('',#461,#825);
#825 = DEFINITIONAL_REPRESENTATION('',(#826),#830);
#826 = LINE('',#827,#828);
#827 = CARTESIAN_POINT('',(0.,-9.66));
#828 = VECTOR('',#829,1.);
#829 = DIRECTION('',(1.,0.));
#830 = ( GEOMETRIC_REPRESENTATION_CONTEXT(2) 
PARAMETRIC_REPRESENTATION_CONTEXT() REPRESENTATION_CONTEXT('2D SPACE',''
  ) );
#831 = ORIENTED_EDGE('',*,*,#473,.T.);
#832 = ORIENTED_EDGE('',*,*,#763,.F.);
#833 = ADVANCED_FACE('',(#834),#433,.T.);
#834 = FACE_BOUND('',#835,.T.);
#835 = EDGE_LOOP('',(#836,#859,#880,#881));
#836 = ORIENTED_EDGE('',*,*,#837,.F.);
#837 = EDGE_CURVE('',#838,#713,#840,.T.);
#838 = VERTEX_POINT('',#839);
#839 = CARTESIAN_POINT('',(-1.88,-7.73,5.11));
#840 = SURFACE_CURVE('',#841,(#845,#852),.PCURVE_S1.);
#841 = LINE('',#842,#843);
#842 = CARTESIAN_POINT('',(-1.88,-7.73,5.11));
#843 = VECTOR('',#844,1.);
#844 = DIRECTION('',(1.,0.,0.));
#845 = PCURVE('',#433,#846);
#846 = DEFINITIONAL_REPRESENTATION('',(#847),#851);
#847 = LINE('',#848,#849);
#848 = CARTESIAN_POINT('',(0.,0.));
#849 = VECTOR('',#850,1.);
#850 = DIRECTION('',(0.,1.));
#851 = ( GEOMETRIC_REPRESENTATION_CONTEXT(2) 
PARAMETRIC_REPRESENTATION_CONTEXT() REPRESENTATION_CONTEXT('2D SPACE',''
  ) );
#852 = PCURVE('',#751,#853);
#853 = DEFINITIONAL_REPRESENTATION('',(#854),#858);
#854 = LINE('',#855,#856);
#855 = CARTESIAN_POINT('',(0.,0.));
#856 = VECTOR('',#857,1.);
#857 = DIRECTION('',(1.,0.));
#858 = ( GEOMETRIC_REPRESENTATION_CONTEXT(2) 
PARAMETRIC_REPRESENTATION_CONTEXT() REPRESENTATION_CONTEXT('2D SPACE',''
  ) );
#859 = ORIENTED_EDGE('',*,*,#860,.T.);
#860 = EDGE_CURVE('',#838,#418,#861,.T.);
#861 = SURFACE_CURVE('',#862,(#866,#873),.PCURVE_S1.);
#862 = LINE('',#863,#864);
#863 = CARTESIAN_POINT('',(-1.88,-7.73,5.11));
#864 = VECTOR('',#865,1.);
#865 = DIRECTION('',(0.,0.,1.));
#866 = PCURVE('',#433,#867);
#867 = DEFINITIONAL_REPRESENTATION('',(#868),#872);
#868 = LINE('',#869,#870);
#869 = CARTESIAN_POINT('',(0.,0.));
#870 = VECTOR('',#871,1.);
#871 = DIRECTION('',(1.,0.));
#872 = ( GEOMETRIC_REPRESENTATION_CONTEXT(2) 
PARAMETRIC_REPRESENTATION_CONTEXT() REPRESENTATION_CONTEXT('2D SPACE',''
  ) );
#873 = PCURVE('',#461,#874);
#874 = DEFINITIONAL_REPRESENTATION('',(#875),#879);
#875 = LINE('',#876,#877);
#876 = CARTESIAN_POINT('',(0.,0.));
#877 = VECTOR('',#878,1.);
#878 = DIRECTION('',(1.,0.));
#879 = ( GEOMETRIC_REPRESENTATION_CONTEXT(2) 
PARAMETRIC_REPRESENTATION_CONTEXT() REPRESENTATION_CONTEXT('2D SPACE',''
  ) );
#880 = ORIENTED_EDGE('',*,*,#417,.T.);
#881 = ORIENTED_EDGE('',*,*,#712,.F.);
#882 = ADVANCED_FACE('',(#883),#461,.T.);
#883 = FACE_BOUND('',#884,.T.);
#884 = EDGE_LOOP('',(#885,#886,#907,#908));
#885 = ORIENTED_EDGE('',*,*,#860,.F.);
#886 = ORIENTED_EDGE('',*,*,#887,.T.);
#887 = EDGE_CURVE('',#838,#789,#888,.T.);
#888 = SURFACE_CURVE('',#889,(#893,#900),.PCURVE_S1.);
#889 = LINE('',#890,#891);
#890 = CARTESIAN_POINT('',(-1.88,-7.73,5.11));
#891 = VECTOR('',#892,1.);
#892 = DIRECTION('',(0.,1.,0.));
#893 = PCURVE('',#461,#894);
#894 = DEFINITIONAL_REPRESENTATION('',(#895),#899);
#895 = LINE('',#896,#897);
#896 = CARTESIAN_POINT('',(0.,0.));
#897 = VECTOR('',#898,1.);
#898 = DIRECTION('',(0.,-1.));
#899 = ( GEOMETRIC_REPRESENTATION_CONTEXT(2) 
PARAMETRIC_REPRESENTATION_CONTEXT() REPRESENTATION_CONTEXT('2D SPACE',''
  ) );
#900 = PCURVE('',#751,#901);
#901 = DEFINITIONAL_REPRESENTATION('',(#902),#906);
#902 = LINE('',#903,#904);
#903 = CARTESIAN_POINT('',(0.,0.));
#904 = VECTOR('',#905,1.);
#905 = DIRECTION('',(0.,1.));
#906 = ( GEOMETRIC_REPRESENTATION_CONTEXT(2) 
PARAMETRIC_REPRESENTATION_CONTEXT() REPRESENTATION_CONTEXT('2D SPACE',''
  ) );
#907 = ORIENTED_EDGE('',*,*,#811,.T.);
#908 = ORIENTED_EDGE('',*,*,#445,.F.);
#909 = ADVANCED_FACE('',(#910),#751,.T.);
#910 = FACE_BOUND('',#911,.T.);
#911 = EDGE_LOOP('',(#912,#913,#914,#915));
#912 = ORIENTED_EDGE('',*,*,#887,.F.);
#913 = ORIENTED_EDGE('',*,*,#837,.T.);
#914 = ORIENTED_EDGE('',*,*,#735,.T.);
#915 = ORIENTED_EDGE('',*,*,#788,.F.);
#916 = ( GEOMETRIC_REPRESENTATION_CONTEXT(3) 
GLOBAL_UNCERTAINTY_ASSIGNED_CONTEXT((#920)) GLOBAL_UNIT_ASSIGNED_CONTEXT
((#917,#918,#919)) REPRESENTATION_CONTEXT('Context #1',
  '3D Context with UNIT and UNCERTAINTY') );
#917 = ( LENGTH_UNIT() NAMED_UNIT(*) SI_UNIT(.MILLI.,.METRE.) );
#918 = ( NAMED_UNIT(*) PLANE_ANGLE_UNIT() SI_UNIT($,.RADIAN.) );
#919 = ( NAMED_UNIT(*) SI_UNIT($,.STERADIAN.) SOLID_ANGLE_UNIT() );
#920 = UNCERTAINTY_MEASURE_WITH_UNIT(LENGTH_MEASURE(1.E-07),#917,
  'distance_accuracy_value','confusion accuracy');
#921 = SHAPE_DEFINITION_REPRESENTATION(#922,#29);
#922 = PRODUCT_DEFINITION_SHAPE('','',#923);
#923 = PRODUCT_DEFINITION('design','',#924,#927);
#924 = PRODUCT_DEFINITION_FORMATION('','',#925);
#925 = PRODUCT('Body','Body','',(#926));
#926 = PRODUCT_CONTEXT('',#2,'mechanical');
#927 = PRODUCT_DEFINITION_CONTEXT('part definition',#2,'design');
#928 = CONTEXT_DEPENDENT_SHAPE_REPRESENTATION(#929,#931);
#929 = ( REPRESENTATION_RELATIONSHIP('','',#29,#10) 
REPRESENTATION_RELATIONSHIP_WITH_TRANSFORMATION(#930) 
SHAPE_REPRESENTATION_RELATIONSHIP() );
#930 = ITEM_DEFINED_TRANSFORMATION('','',#11,#15);
#931 = PRODUCT_DEFINITION_SHAPE('Placement','Placement of an item',#932
  );
#932 = NEXT_ASSEMBLY_USAGE_OCCURRENCE('1','=>[0:1:1:2]','',#5,#923,$);
#933 = PRODUCT_RELATED_PRODUCT_CATEGORY('part',$,(#925));
#934 = SHAPE_REPRESENTATION('',(#11,#935,#1697),#2459);
#935 = MANIFOLD_SOLID_BREP('',#936);
#936 = CLOSED_SHELL('',(#937,#1057,#1143,#1224,#1305,#1376,#1433,#1482,
    #1531,#1580,#1607,#1656,#1683,#1690));
#937 = ADVANCED_FACE('',(#938),#952,.F.);
#938 = FACE_BOUND('',#939,.F.);
#939 = EDGE_LOOP('',(#940,#975,#1003,#1031));
#940 = ORIENTED_EDGE('',*,*,#941,.F.);
#941 = EDGE_CURVE('',#942,#944,#946,.T.);
#942 = VERTEX_POINT('',#943);
#943 = CARTESIAN_POINT('',(-0.6,-0.6,-2.52));
#944 = VERTEX_POINT('',#945);
#945 = CARTESIAN_POINT('',(-0.6,-0.6,14.12));
#946 = SURFACE_CURVE('',#947,(#951,#963),.PCURVE_S1.);
#947 = LINE('',#948,#949);
#948 = CARTESIAN_POINT('',(-0.6,-0.6,-3.));
#949 = VECTOR('',#950,1.);
#950 = DIRECTION('',(0.,0.,1.));
#951 = PCURVE('',#952,#957);
#952 = PLANE('',#953);
#953 = AXIS2_PLACEMENT_3D('',#954,#955,#956);
#954 = CARTESIAN_POINT('',(-0.6,-0.6,-3.));
#955 = DIRECTION('',(1.,0.,0.));
#956 = DIRECTION('',(0.,0.,1.));
#957 = DEFINITIONAL_REPRESENTATION('',(#958),#962);
#958 = LINE('',#959,#960);
#959 = CARTESIAN_POINT('',(0.,0.));
#960 = VECTOR('',#961,1.);
#961 = DIRECTION('',(1.,0.));
#962 = ( GEOMETRIC_REPRESENTATION_CONTEXT(2) 
PARAMETRIC_REPRESENTATION_CONTEXT() REPRESENTATION_CONTEXT('2D SPACE',''
  ) );
#963 = PCURVE('',#964,#969);
#964 = PLANE('',#965);
#965 = AXIS2_PLACEMENT_3D('',#966,#967,#968);
#966 = CARTESIAN_POINT('',(-0.6,-0.6,-3.));
#967 = DIRECTION('',(0.,1.,0.));
#968 = DIRECTION('',(0.,0.,1.));
#969 = DEFINITIONAL_REPRESENTATION('',(#970),#974);
#970 = LINE('',#971,#972);
#971 = CARTESIAN_POINT('',(0.,0.));
#972 = VECTOR('',#973,1.);
#973 = DIRECTION('',(1.,0.));
#974 = ( GEOMETRIC_REPRESENTATION_CONTEXT(2) 
PARAMETRIC_REPRESENTATION_CONTEXT() REPRESENTATION_CONTEXT('2D SPACE',''
  ) );
#975 = ORIENTED_EDGE('',*,*,#976,.T.);
#976 = EDGE_CURVE('',#942,#977,#979,.T.);
#977 = VERTEX_POINT('',#978);
#978 = CARTESIAN_POINT('',(-0.6,0.6,-2.52));
#979 = SURFACE_CURVE('',#980,(#984,#991),.PCURVE_S1.);
#980 = LINE('',#981,#982);
#981 = CARTESIAN_POINT('',(-0.6,-0.6,-2.52));
#982 = VECTOR('',#983,1.);
#983 = DIRECTION('',(0.,1.,0.));
#984 = PCURVE('',#952,#985);
#985 = DEFINITIONAL_REPRESENTATION('',(#986),#990);
#986 = LINE('',#987,#988);
#987 = CARTESIAN_POINT('',(0.48,0.));
#988 = VECTOR('',#989,1.);
#989 = DIRECTION('',(0.,-1.));
#990 = ( GEOMETRIC_REPRESENTATION_CONTEXT(2) 
PARAMETRIC_REPRESENTATION_CONTEXT() REPRESENTATION_CONTEXT('2D SPACE',''
  ) );
#991 = PCURVE('',#992,#997);
#992 = PLANE('',#993);
#993 = AXIS2_PLACEMENT_3D('',#994,#995,#996);
#994 = CARTESIAN_POINT('',(-0.36,-0.6,-2.76));
#995 = DIRECTION('',(-0.707106781187,0.,-0.707106781187));
#996 = DIRECTION('',(0.,1.,0.));
#997 = DEFINITIONAL_REPRESENTATION('',(#998),#1002);
#998 = LINE('',#999,#1000);
#999 = CARTESIAN_POINT('',(0.,-0.33941125497));
#1000 = VECTOR('',#1001,1.);
#1001 = DIRECTION('',(1.,0.));
#1002 = ( GEOMETRIC_REPRESENTATION_CONTEXT(2) 
PARAMETRIC_REPRESENTATION_CONTEXT() REPRESENTATION_CONTEXT('2D SPACE',''
  ) );
#1003 = ORIENTED_EDGE('',*,*,#1004,.T.);
#1004 = EDGE_CURVE('',#977,#1005,#1007,.T.);
#1005 = VERTEX_POINT('',#1006);
#1006 = CARTESIAN_POINT('',(-0.6,0.6,14.12));
#1007 = SURFACE_CURVE('',#1008,(#1012,#1019),.PCURVE_S1.);
#1008 = LINE('',#1009,#1010);
#1009 = CARTESIAN_POINT('',(-0.6,0.6,-3.));
#1010 = VECTOR('',#1011,1.);
#1011 = DIRECTION('',(0.,0.,1.));
#1012 = PCURVE('',#952,#1013);
#1013 = DEFINITIONAL_REPRESENTATION('',(#1014),#1018);
#1014 = LINE('',#1015,#1016);
#1015 = CARTESIAN_POINT('',(0.,-1.2));
#1016 = VECTOR('',#1017,1.);
#1017 = DIRECTION('',(1.,0.));
#1018 = ( GEOMETRIC_REPRESENTATION_CONTEXT(2) 
PARAMETRIC_REPRESENTATION_CONTEXT() REPRESENTATION_CONTEXT('2D SPACE',''
  ) );
#1019 = PCURVE('',#1020,#1025);
#1020 = PLANE('',#1021);
#1021 = AXIS2_PLACEMENT_3D('',#1022,#1023,#1024);
#1022 = CARTESIAN_POINT('',(-0.6,0.6,-3.));
#1023 = DIRECTION('',(0.,1.,0.));
#1024 = DIRECTION('',(0.,0.,1.));
#1025 = DEFINITIONAL_REPRESENTATION('',(#1026),#1030);
#1026 = LINE('',#1027,#1028);
#1027 = CARTESIAN_POINT('',(0.,0.));
#1028 = VECTOR('',#1029,1.);
#1029 = DIRECTION('',(1.,0.));
#1030 = ( GEOMETRIC_REPRESENTATION_CONTEXT(2) 
PARAMETRIC_REPRESENTATION_CONTEXT() REPRESENTATION_CONTEXT('2D SPACE',''
  ) );
#1031 = ORIENTED_EDGE('',*,*,#1032,.F.);
#1032 = EDGE_CURVE('',#944,#1005,#1033,.T.);
#1033 = SURFACE_CURVE('',#1034,(#1038,#1045),.PCURVE_S1.);
#1034 = LINE('',#1035,#1036);
#1035 = CARTESIAN_POINT('',(-0.6,-0.6,14.12));
#1036 = VECTOR('',#1037,1.);
#1037 = DIRECTION('',(0.,1.,0.));
#1038 = PCURVE('',#952,#1039);
#1039 = DEFINITIONAL_REPRESENTATION('',(#1040),#1044);
#1040 = LINE('',#1041,#1042);
#1041 = CARTESIAN_POINT('',(17.12,0.));
#1042 = VECTOR('',#1043,1.);
#1043 = DIRECTION('',(0.,-1.));
#1044 = ( GEOMETRIC_REPRESENTATION_CONTEXT(2) 
PARAMETRIC_REPRESENTATION_CONTEXT() REPRESENTATION_CONTEXT('2D SPACE',''
  ) );
#1045 = PCURVE('',#1046,#1051);
#1046 = PLANE('',#1047);
#1047 = AXIS2_PLACEMENT_3D('',#1048,#1049,#1050);
#1048 = CARTESIAN_POINT('',(-0.36,-0.6,14.36));
#1049 = DIRECTION('',(0.707106781187,6.954862740506E-18,-0.707106781187)
  );
#1050 = DIRECTION('',(-4.917830606033E-18,1.,4.917830606033E-18));
#1051 = DEFINITIONAL_REPRESENTATION('',(#1052),#1056);
#1052 = LINE('',#1053,#1054);
#1053 = CARTESIAN_POINT('',(0.,-0.33941125497));
#1054 = VECTOR('',#1055,1.);
#1055 = DIRECTION('',(1.,0.));
#1056 = ( GEOMETRIC_REPRESENTATION_CONTEXT(2) 
PARAMETRIC_REPRESENTATION_CONTEXT() REPRESENTATION_CONTEXT('2D SPACE',''
  ) );
#1057 = ADVANCED_FACE('',(#1058),#964,.F.);
#1058 = FACE_BOUND('',#1059,.F.);
#1059 = EDGE_LOOP('',(#1060,#1090,#1116,#1117));
#1060 = ORIENTED_EDGE('',*,*,#1061,.F.);
#1061 = EDGE_CURVE('',#1062,#1064,#1066,.T.);
#1062 = VERTEX_POINT('',#1063);
#1063 = CARTESIAN_POINT('',(0.6,-0.6,-2.52));
#1064 = VERTEX_POINT('',#1065);
#1065 = CARTESIAN_POINT('',(0.6,-0.6,14.12));
#1066 = SURFACE_CURVE('',#1067,(#1071,#1078),.PCURVE_S1.);
#1067 = LINE('',#1068,#1069);
#1068 = CARTESIAN_POINT('',(0.6,-0.6,-3.));
#1069 = VECTOR('',#1070,1.);
#1070 = DIRECTION('',(0.,0.,1.));
#1071 = PCURVE('',#964,#1072);
#1072 = DEFINITIONAL_REPRESENTATION('',(#1073),#1077);
#1073 = LINE('',#1074,#1075);
#1074 = CARTESIAN_POINT('',(0.,1.2));
#1075 = VECTOR('',#1076,1.);
#1076 = DIRECTION('',(1.,0.));
#1077 = ( GEOMETRIC_REPRESENTATION_CONTEXT(2) 
PARAMETRIC_REPRESENTATION_CONTEXT() REPRESENTATION_CONTEXT('2D SPACE',''
  ) );
#1078 = PCURVE('',#1079,#1084);
#1079 = PLANE('',#1080);
#1080 = AXIS2_PLACEMENT_3D('',#1081,#1082,#1083);
#1081 = CARTESIAN_POINT('',(0.6,-0.6,-3.));
#1082 = DIRECTION('',(1.,0.,0.));
#1083 = DIRECTION('',(0.,0.,1.));
#1084 = DEFINITIONAL_REPRESENTATION('',(#1085),#1089);
#1085 = LINE('',#1086,#1087);
#1086 = CARTESIAN_POINT('',(0.,0.));
#1087 = VECTOR('',#1088,1.);
#1088 = DIRECTION('',(1.,0.));
#1089 = ( GEOMETRIC_REPRESENTATION_CONTEXT(2) 
PARAMETRIC_REPRESENTATION_CONTEXT() REPRESENTATION_CONTEXT('2D SPACE',''
  ) );
#1090 = ORIENTED_EDGE('',*,*,#1091,.F.);
#1091 = EDGE_CURVE('',#942,#1062,#1092,.T.);
#1092 = SURFACE_CURVE('',#1093,(#1097,#1104),.PCURVE_S1.);
#1093 = LINE('',#1094,#1095);
#1094 = CARTESIAN_POINT('',(-0.6,-0.6,-2.52));
#1095 = VECTOR('',#1096,1.);
#1096 = DIRECTION('',(1.,0.,0.));
#1097 = PCURVE('',#964,#1098);
#1098 = DEFINITIONAL_REPRESENTATION('',(#1099),#1103);
#1099 = LINE('',#1100,#1101);
#1100 = CARTESIAN_POINT('',(0.48,0.));
#1101 = VECTOR('',#1102,1.);
#1102 = DIRECTION('',(0.,1.));
#1103 = ( GEOMETRIC_REPRESENTATION_CONTEXT(2) 
PARAMETRIC_REPRESENTATION_CONTEXT() REPRESENTATION_CONTEXT('2D SPACE',''
  ) );
#1104 = PCURVE('',#1105,#1110);
#1105 = PLANE('',#1106);
#1106 = AXIS2_PLACEMENT_3D('',#1107,#1108,#1109);
#1107 = CARTESIAN_POINT('',(-0.6,-0.36,-2.76));
#1108 = DIRECTION('',(0.,-0.707106781187,-0.707106781187));
#1109 = DIRECTION('',(-1.,-0.,-0.));
#1110 = DEFINITIONAL_REPRESENTATION('',(#1111),#1115);
#1111 = LINE('',#1112,#1113);
#1112 = CARTESIAN_POINT('',(-0.,-0.33941125497));
#1113 = VECTOR('',#1114,1.);
#1114 = DIRECTION('',(-1.,0.));
#1115 = ( GEOMETRIC_REPRESENTATION_CONTEXT(2) 
PARAMETRIC_REPRESENTATION_CONTEXT() REPRESENTATION_CONTEXT('2D SPACE',''
  ) );
#1116 = ORIENTED_EDGE('',*,*,#941,.T.);
#1117 = ORIENTED_EDGE('',*,*,#1118,.T.);
#1118 = EDGE_CURVE('',#944,#1064,#1119,.T.);
#1119 = SURFACE_CURVE('',#1120,(#1124,#1131),.PCURVE_S1.);
#1120 = LINE('',#1121,#1122);
#1121 = CARTESIAN_POINT('',(-0.6,-0.6,14.12));
#1122 = VECTOR('',#1123,1.);
#1123 = DIRECTION('',(1.,0.,0.));
#1124 = PCURVE('',#964,#1125);
#1125 = DEFINITIONAL_REPRESENTATION('',(#1126),#1130);
#1126 = LINE('',#1127,#1128);
#1127 = CARTESIAN_POINT('',(17.12,0.));
#1128 = VECTOR('',#1129,1.);
#1129 = DIRECTION('',(0.,1.));
#1130 = ( GEOMETRIC_REPRESENTATION_CONTEXT(2) 
PARAMETRIC_REPRESENTATION_CONTEXT() REPRESENTATION_CONTEXT('2D SPACE',''
  ) );
#1131 = PCURVE('',#1132,#1137);
#1132 = PLANE('',#1133);
#1133 = AXIS2_PLACEMENT_3D('',#1134,#1135,#1136);
#1134 = CARTESIAN_POINT('',(-0.6,-0.36,14.36));
#1135 = DIRECTION('',(-6.954862740506E-18,0.707106781187,-0.707106781187
    ));
#1136 = DIRECTION('',(-1.,-4.917830606033E-18,4.917830606033E-18));
#1137 = DEFINITIONAL_REPRESENTATION('',(#1138),#1142);
#1138 = LINE('',#1139,#1140);
#1139 = CARTESIAN_POINT('',(-0.,-0.33941125497));
#1140 = VECTOR('',#1141,1.);
#1141 = DIRECTION('',(-1.,0.));
#1142 = ( GEOMETRIC_REPRESENTATION_CONTEXT(2) 
PARAMETRIC_REPRESENTATION_CONTEXT() REPRESENTATION_CONTEXT('2D SPACE',''
  ) );
#1143 = ADVANCED_FACE('',(#1144),#992,.T.);
#1144 = FACE_BOUND('',#1145,.T.);
#1145 = EDGE_LOOP('',(#1146,#1169,#1170,#1198));
#1146 = ORIENTED_EDGE('',*,*,#1147,.F.);
#1147 = EDGE_CURVE('',#942,#1148,#1150,.T.);
#1148 = VERTEX_POINT('',#1149);
#1149 = CARTESIAN_POINT('',(-0.12,-0.12,-3.));
#1150 = SURFACE_CURVE('',#1151,(#1155,#1162),.PCURVE_S1.);
#1151 = LINE('',#1152,#1153);
#1152 = CARTESIAN_POINT('',(-0.44,-0.44,-2.68));
#1153 = VECTOR('',#1154,1.);
#1154 = DIRECTION('',(0.57735026919,0.57735026919,-0.57735026919));
#1155 = PCURVE('',#992,#1156);
#1156 = DEFINITIONAL_REPRESENTATION('',(#1157),#1161);
#1157 = LINE('',#1158,#1159);
#1158 = CARTESIAN_POINT('',(0.16,-0.11313708499));
#1159 = VECTOR('',#1160,1.);
#1160 = DIRECTION('',(0.57735026919,0.816496580928));
#1161 = ( GEOMETRIC_REPRESENTATION_CONTEXT(2) 
PARAMETRIC_REPRESENTATION_CONTEXT() REPRESENTATION_CONTEXT('2D SPACE',''
  ) );
#1162 = PCURVE('',#1105,#1163);
#1163 = DEFINITIONAL_REPRESENTATION('',(#1164),#1168);
#1164 = LINE('',#1165,#1166);
#1165 = CARTESIAN_POINT('',(-0.16,-0.11313708499));
#1166 = VECTOR('',#1167,1.);
#1167 = DIRECTION('',(-0.57735026919,0.816496580928));
#1168 = ( GEOMETRIC_REPRESENTATION_CONTEXT(2) 
PARAMETRIC_REPRESENTATION_CONTEXT() REPRESENTATION_CONTEXT('2D SPACE',''
  ) );
#1169 = ORIENTED_EDGE('',*,*,#976,.T.);
#1170 = ORIENTED_EDGE('',*,*,#1171,.T.);
#1171 = EDGE_CURVE('',#977,#1172,#1174,.T.);
#1172 = VERTEX_POINT('',#1173);
#1173 = CARTESIAN_POINT('',(-0.12,0.12,-3.));
#1174 = SURFACE_CURVE('',#1175,(#1179,#1186),.PCURVE_S1.);
#1175 = LINE('',#1176,#1177);
#1176 = CARTESIAN_POINT('',(-0.24,0.24,-2.88));
#1177 = VECTOR('',#1178,1.);
#1178 = DIRECTION('',(0.57735026919,-0.57735026919,-0.57735026919));
#1179 = PCURVE('',#992,#1180);
#1180 = DEFINITIONAL_REPRESENTATION('',(#1181),#1185);
#1181 = LINE('',#1182,#1183);
#1182 = CARTESIAN_POINT('',(0.84,0.169705627485));
#1183 = VECTOR('',#1184,1.);
#1184 = DIRECTION('',(-0.57735026919,0.816496580928));
#1185 = ( GEOMETRIC_REPRESENTATION_CONTEXT(2) 
PARAMETRIC_REPRESENTATION_CONTEXT() REPRESENTATION_CONTEXT('2D SPACE',''
  ) );
#1186 = PCURVE('',#1187,#1192);
#1187 = PLANE('',#1188);
#1188 = AXIS2_PLACEMENT_3D('',#1189,#1190,#1191);
#1189 = CARTESIAN_POINT('',(-0.6,0.36,-2.76));
#1190 = DIRECTION('',(0.,-0.707106781187,0.707106781187));
#1191 = DIRECTION('',(-1.,-0.,-0.));
#1192 = DEFINITIONAL_REPRESENTATION('',(#1193),#1197);
#1193 = LINE('',#1194,#1195);
#1194 = CARTESIAN_POINT('',(-0.36,0.169705627485));
#1195 = VECTOR('',#1196,1.);
#1196 = DIRECTION('',(-0.57735026919,0.816496580928));
#1197 = ( GEOMETRIC_REPRESENTATION_CONTEXT(2) 
PARAMETRIC_REPRESENTATION_CONTEXT() REPRESENTATION_CONTEXT('2D SPACE',''
  ) );
#1198 = ORIENTED_EDGE('',*,*,#1199,.F.);
#1199 = EDGE_CURVE('',#1148,#1172,#1200,.T.);
#1200 = SURFACE_CURVE('',#1201,(#1205,#1212),.PCURVE_S1.);
#1201 = LINE('',#1202,#1203);
#1202 = CARTESIAN_POINT('',(-0.12,-0.6,-3.));
#1203 = VECTOR('',#1204,1.);
#1204 = DIRECTION('',(0.,1.,0.));
#1205 = PCURVE('',#992,#1206);
#1206 = DEFINITIONAL_REPRESENTATION('',(#1207),#1211);
#1207 = LINE('',#1208,#1209);
#1208 = CARTESIAN_POINT('',(0.,0.33941125497));
#1209 = VECTOR('',#1210,1.);
#1210 = DIRECTION('',(1.,0.));
#1211 = ( GEOMETRIC_REPRESENTATION_CONTEXT(2) 
PARAMETRIC_REPRESENTATION_CONTEXT() REPRESENTATION_CONTEXT('2D SPACE',''
  ) );
#1212 = PCURVE('',#1213,#1218);
#1213 = PLANE('',#1214);
#1214 = AXIS2_PLACEMENT_3D('',#1215,#1216,#1217);
#1215 = CARTESIAN_POINT('',(-0.6,-0.6,-3.));
#1216 = DIRECTION('',(0.,0.,1.));
#1217 = DIRECTION('',(1.,0.,0.));
#1218 = DEFINITIONAL_REPRESENTATION('',(#1219),#1223);
#1219 = LINE('',#1220,#1221);
#1220 = CARTESIAN_POINT('',(0.48,0.));
#1221 = VECTOR('',#1222,1.);
#1222 = DIRECTION('',(0.,1.));
#1223 = ( GEOMETRIC_REPRESENTATION_CONTEXT(2) 
PARAMETRIC_REPRESENTATION_CONTEXT() REPRESENTATION_CONTEXT('2D SPACE',''
  ) );
#1224 = ADVANCED_FACE('',(#1225),#1046,.F.);
#1225 = FACE_BOUND('',#1226,.F.);
#1226 = EDGE_LOOP('',(#1227,#1250,#1251,#1279));
#1227 = ORIENTED_EDGE('',*,*,#1228,.F.);
#1228 = EDGE_CURVE('',#944,#1229,#1231,.T.);
#1229 = VERTEX_POINT('',#1230);
#1230 = CARTESIAN_POINT('',(-0.12,-0.12,14.6));
#1231 = SURFACE_CURVE('',#1232,(#1236,#1243),.PCURVE_S1.);
#1232 = LINE('',#1233,#1234);
#1233 = CARTESIAN_POINT('',(-0.44,-0.44,14.28));
#1234 = VECTOR('',#1235,1.);
#1235 = DIRECTION('',(0.57735026919,0.57735026919,0.57735026919));
#1236 = PCURVE('',#1046,#1237);
#1237 = DEFINITIONAL_REPRESENTATION('',(#1238),#1242);
#1238 = LINE('',#1239,#1240);
#1239 = CARTESIAN_POINT('',(0.16,-0.11313708499));
#1240 = VECTOR('',#1241,1.);
#1241 = DIRECTION('',(0.57735026919,0.816496580928));
#1242 = ( GEOMETRIC_REPRESENTATION_CONTEXT(2) 
PARAMETRIC_REPRESENTATION_CONTEXT() REPRESENTATION_CONTEXT('2D SPACE',''
  ) );
#1243 = PCURVE('',#1132,#1244);
#1244 = DEFINITIONAL_REPRESENTATION('',(#1245),#1249);
#1245 = LINE('',#1246,#1247);
#1246 = CARTESIAN_POINT('',(-0.16,-0.11313708499));
#1247 = VECTOR('',#1248,1.);
#1248 = DIRECTION('',(-0.57735026919,0.816496580928));
#1249 = ( GEOMETRIC_REPRESENTATION_CONTEXT(2) 
PARAMETRIC_REPRESENTATION_CONTEXT() REPRESENTATION_CONTEXT('2D SPACE',''
  ) );
#1250 = ORIENTED_EDGE('',*,*,#1032,.T.);
#1251 = ORIENTED_EDGE('',*,*,#1252,.T.);
#1252 = EDGE_CURVE('',#1005,#1253,#1255,.T.);
#1253 = VERTEX_POINT('',#1254);
#1254 = CARTESIAN_POINT('',(-0.12,0.12,14.6));
#1255 = SURFACE_CURVE('',#1256,(#1260,#1267),.PCURVE_S1.);
#1256 = LINE('',#1257,#1258);
#1257 = CARTESIAN_POINT('',(-0.24,0.24,14.48));
#1258 = VECTOR('',#1259,1.);
#1259 = DIRECTION('',(0.57735026919,-0.57735026919,0.57735026919));
#1260 = PCURVE('',#1046,#1261);
#1261 = DEFINITIONAL_REPRESENTATION('',(#1262),#1266);
#1262 = LINE('',#1263,#1264);
#1263 = CARTESIAN_POINT('',(0.84,0.169705627485));
#1264 = VECTOR('',#1265,1.);
#1265 = DIRECTION('',(-0.57735026919,0.816496580928));
#1266 = ( GEOMETRIC_REPRESENTATION_CONTEXT(2) 
PARAMETRIC_REPRESENTATION_CONTEXT() REPRESENTATION_CONTEXT('2D SPACE',''
  ) );
#1267 = PCURVE('',#1268,#1273);
#1268 = PLANE('',#1269);
#1269 = AXIS2_PLACEMENT_3D('',#1270,#1271,#1272);
#1270 = CARTESIAN_POINT('',(-0.6,0.36,14.36));
#1271 = DIRECTION('',(6.954862740506E-18,0.707106781187,0.707106781187)
  );
#1272 = DIRECTION('',(-1.,4.917830606033E-18,4.917830606033E-18));
#1273 = DEFINITIONAL_REPRESENTATION('',(#1274),#1278);
#1274 = LINE('',#1275,#1276);
#1275 = CARTESIAN_POINT('',(-0.36,0.169705627485));
#1276 = VECTOR('',#1277,1.);
#1277 = DIRECTION('',(-0.57735026919,0.816496580928));
#1278 = ( GEOMETRIC_REPRESENTATION_CONTEXT(2) 
PARAMETRIC_REPRESENTATION_CONTEXT() REPRESENTATION_CONTEXT('2D SPACE',''
  ) );
#1279 = ORIENTED_EDGE('',*,*,#1280,.F.);
#1280 = EDGE_CURVE('',#1229,#1253,#1281,.T.);
#1281 = SURFACE_CURVE('',#1282,(#1286,#1293),.PCURVE_S1.);
#1282 = LINE('',#1283,#1284);
#1283 = CARTESIAN_POINT('',(-0.12,-0.6,14.6));
#1284 = VECTOR('',#1285,1.);
#1285 = DIRECTION('',(0.,1.,0.));
#1286 = PCURVE('',#1046,#1287);
#1287 = DEFINITIONAL_REPRESENTATION('',(#1288),#1292);
#1288 = LINE('',#1289,#1290);
#1289 = CARTESIAN_POINT('',(0.,0.33941125497));
#1290 = VECTOR('',#1291,1.);
#1291 = DIRECTION('',(1.,0.));
#1292 = ( GEOMETRIC_REPRESENTATION_CONTEXT(2) 
PARAMETRIC_REPRESENTATION_CONTEXT() REPRESENTATION_CONTEXT('2D SPACE',''
  ) );
#1293 = PCURVE('',#1294,#1299);
#1294 = PLANE('',#1295);
#1295 = AXIS2_PLACEMENT_3D('',#1296,#1297,#1298);
#1296 = CARTESIAN_POINT('',(-0.6,-0.6,14.6));
#1297 = DIRECTION('',(0.,0.,1.));
#1298 = DIRECTION('',(1.,0.,0.));
#1299 = DEFINITIONAL_REPRESENTATION('',(#1300),#1304);
#1300 = LINE('',#1301,#1302);
#1301 = CARTESIAN_POINT('',(0.48,0.));
#1302 = VECTOR('',#1303,1.);
#1303 = DIRECTION('',(0.,1.));
#1304 = ( GEOMETRIC_REPRESENTATION_CONTEXT(2) 
PARAMETRIC_REPRESENTATION_CONTEXT() REPRESENTATION_CONTEXT('2D SPACE',''
  ) );
#1305 = ADVANCED_FACE('',(#1306),#1020,.T.);
#1306 = FACE_BOUND('',#1307,.T.);
#1307 = EDGE_LOOP('',(#1308,#1333,#1354,#1355));
#1308 = ORIENTED_EDGE('',*,*,#1309,.F.);
#1309 = EDGE_CURVE('',#1310,#1312,#1314,.T.);
#1310 = VERTEX_POINT('',#1311);
#1311 = CARTESIAN_POINT('',(0.6,0.6,-2.52));
#1312 = VERTEX_POINT('',#1313);
#1313 = CARTESIAN_POINT('',(0.6,0.6,14.12));
#1314 = SURFACE_CURVE('',#1315,(#1319,#1326),.PCURVE_S1.);
#1315 = LINE('',#1316,#1317);
#1316 = CARTESIAN_POINT('',(0.6,0.6,-3.));
#1317 = VECTOR('',#1318,1.);
#1318 = DIRECTION('',(0.,0.,1.));
#1319 = PCURVE('',#1020,#1320);
#1320 = DEFINITIONAL_REPRESENTATION('',(#1321),#1325);
#1321 = LINE('',#1322,#1323);
#1322 = CARTESIAN_POINT('',(0.,1.2));
#1323 = VECTOR('',#1324,1.);
#1324 = DIRECTION('',(1.,0.));
#1325 = ( GEOMETRIC_REPRESENTATION_CONTEXT(2) 
PARAMETRIC_REPRESENTATION_CONTEXT() REPRESENTATION_CONTEXT('2D SPACE',''
  ) );
#1326 = PCURVE('',#1079,#1327);
#1327 = DEFINITIONAL_REPRESENTATION('',(#1328),#1332);
#1328 = LINE('',#1329,#1330);
#1329 = CARTESIAN_POINT('',(0.,-1.2));
#1330 = VECTOR('',#1331,1.);
#1331 = DIRECTION('',(1.,0.));
#1332 = ( GEOMETRIC_REPRESENTATION_CONTEXT(2) 
PARAMETRIC_REPRESENTATION_CONTEXT() REPRESENTATION_CONTEXT('2D SPACE',''
  ) );
#1333 = ORIENTED_EDGE('',*,*,#1334,.F.);
#1334 = EDGE_CURVE('',#977,#1310,#1335,.T.);
#1335 = SURFACE_CURVE('',#1336,(#1340,#1347),.PCURVE_S1.);
#1336 = LINE('',#1337,#1338);
#1337 = CARTESIAN_POINT('',(-0.6,0.6,-2.52));
#1338 = VECTOR('',#1339,1.);
#1339 = DIRECTION('',(1.,0.,0.));
#1340 = PCURVE('',#1020,#1341);
#1341 = DEFINITIONAL_REPRESENTATION('',(#1342),#1346);
#1342 = LINE('',#1343,#1344);
#1343 = CARTESIAN_POINT('',(0.48,0.));
#1344 = VECTOR('',#1345,1.);
#1345 = DIRECTION('',(0.,1.));
#1346 = ( GEOMETRIC_REPRESENTATION_CONTEXT(2) 
PARAMETRIC_REPRESENTATION_CONTEXT() REPRESENTATION_CONTEXT('2D SPACE',''
  ) );
#1347 = PCURVE('',#1187,#1348);
#1348 = DEFINITIONAL_REPRESENTATION('',(#1349),#1353);
#1349 = LINE('',#1350,#1351);
#1350 = CARTESIAN_POINT('',(-0.,-0.33941125497));
#1351 = VECTOR('',#1352,1.);
#1352 = DIRECTION('',(-1.,0.));
#1353 = ( GEOMETRIC_REPRESENTATION_CONTEXT(2) 
PARAMETRIC_REPRESENTATION_CONTEXT() REPRESENTATION_CONTEXT('2D SPACE',''
  ) );
#1354 = ORIENTED_EDGE('',*,*,#1004,.T.);
#1355 = ORIENTED_EDGE('',*,*,#1356,.T.);
#1356 = EDGE_CURVE('',#1005,#1312,#1357,.T.);
#1357 = SURFACE_CURVE('',#1358,(#1362,#1369),.PCURVE_S1.);
#1358 = LINE('',#1359,#1360);
#1359 = CARTESIAN_POINT('',(-0.6,0.6,14.12));
#1360 = VECTOR('',#1361,1.);
#1361 = DIRECTION('',(1.,0.,0.));
#1362 = PCURVE('',#1020,#1363);
#1363 = DEFINITIONAL_REPRESENTATION('',(#1364),#1368);
#1364 = LINE('',#1365,#1366);
#1365 = CARTESIAN_POINT('',(17.12,0.));
#1366 = VECTOR('',#1367,1.);
#1367 = DIRECTION('',(0.,1.));
#1368 = ( GEOMETRIC_REPRESENTATION_CONTEXT(2) 
PARAMETRIC_REPRESENTATION_CONTEXT() REPRESENTATION_CONTEXT('2D SPACE',''
  ) );
#1369 = PCURVE('',#1268,#1370);
#1370 = DEFINITIONAL_REPRESENTATION('',(#1371),#1375);
#1371 = LINE('',#1372,#1373);
#1372 = CARTESIAN_POINT('',(-1.232595164408E-32,-0.33941125497));
#1373 = VECTOR('',#1374,1.);
#1374 = DIRECTION('',(-1.,0.));
#1375 = ( GEOMETRIC_REPRESENTATION_CONTEXT(2) 
PARAMETRIC_REPRESENTATION_CONTEXT() REPRESENTATION_CONTEXT('2D SPACE',''
  ) );
#1376 = ADVANCED_FACE('',(#1377),#1079,.T.);
#1377 = FACE_BOUND('',#1378,.T.);
#1378 = EDGE_LOOP('',(#1379,#1380,#1406,#1407));
#1379 = ORIENTED_EDGE('',*,*,#1061,.F.);
#1380 = ORIENTED_EDGE('',*,*,#1381,.T.);
#1381 = EDGE_CURVE('',#1062,#1310,#1382,.T.);
#1382 = SURFACE_CURVE('',#1383,(#1387,#1394),.PCURVE_S1.);
#1383 = LINE('',#1384,#1385);
#1384 = CARTESIAN_POINT('',(0.6,-0.6,-2.52));
#1385 = VECTOR('',#1386,1.);
#1386 = DIRECTION('',(0.,1.,0.));
#1387 = PCURVE('',#1079,#1388);
#1388 = DEFINITIONAL_REPRESENTATION('',(#1389),#1393);
#1389 = LINE('',#1390,#1391);
#1390 = CARTESIAN_POINT('',(0.48,0.));
#1391 = VECTOR('',#1392,1.);
#1392 = DIRECTION('',(0.,-1.));
#1393 = ( GEOMETRIC_REPRESENTATION_CONTEXT(2) 
PARAMETRIC_REPRESENTATION_CONTEXT() REPRESENTATION_CONTEXT('2D SPACE',''
  ) );
#1394 = PCURVE('',#1395,#1400);
#1395 = PLANE('',#1396);
#1396 = AXIS2_PLACEMENT_3D('',#1397,#1398,#1399);
#1397 = CARTESIAN_POINT('',(0.36,-0.6,-2.76));
#1398 = DIRECTION('',(-0.707106781187,0.,0.707106781187));
#1399 = DIRECTION('',(0.,1.,0.));
#1400 = DEFINITIONAL_REPRESENTATION('',(#1401),#1405);
#1401 = LINE('',#1402,#1403);
#1402 = CARTESIAN_POINT('',(0.,-0.33941125497));
#1403 = VECTOR('',#1404,1.);
#1404 = DIRECTION('',(1.,0.));
#1405 = ( GEOMETRIC_REPRESENTATION_CONTEXT(2) 
PARAMETRIC_REPRESENTATION_CONTEXT() REPRESENTATION_CONTEXT('2D SPACE',''
  ) );
#1406 = ORIENTED_EDGE('',*,*,#1309,.T.);
#1407 = ORIENTED_EDGE('',*,*,#1408,.F.);
#1408 = EDGE_CURVE('',#1064,#1312,#1409,.T.);
#1409 = SURFACE_CURVE('',#1410,(#1414,#1421),.PCURVE_S1.);
#1410 = LINE('',#1411,#1412);
#1411 = CARTESIAN_POINT('',(0.6,-0.6,14.12));
#1412 = VECTOR('',#1413,1.);
#1413 = DIRECTION('',(0.,1.,0.));
#1414 = PCURVE('',#1079,#1415);
#1415 = DEFINITIONAL_REPRESENTATION('',(#1416),#1420);
#1416 = LINE('',#1417,#1418);
#1417 = CARTESIAN_POINT('',(17.12,0.));
#1418 = VECTOR('',#1419,1.);
#1419 = DIRECTION('',(0.,-1.));
#1420 = ( GEOMETRIC_REPRESENTATION_CONTEXT(2) 
PARAMETRIC_REPRESENTATION_CONTEXT() REPRESENTATION_CONTEXT('2D SPACE',''
  ) );
#1421 = PCURVE('',#1422,#1427);
#1422 = PLANE('',#1423);
#1423 = AXIS2_PLACEMENT_3D('',#1424,#1425,#1426);
#1424 = CARTESIAN_POINT('',(0.36,-0.6,14.36));
#1425 = DIRECTION('',(0.707106781187,-6.954862740506E-18,0.707106781187)
  );
#1426 = DIRECTION('',(4.917830606033E-18,1.,4.917830606033E-18));
#1427 = DEFINITIONAL_REPRESENTATION('',(#1428),#1432);
#1428 = LINE('',#1429,#1430);
#1429 = CARTESIAN_POINT('',(-1.232595164408E-32,-0.33941125497));
#1430 = VECTOR('',#1431,1.);
#1431 = DIRECTION('',(1.,0.));
#1432 = ( GEOMETRIC_REPRESENTATION_CONTEXT(2) 
PARAMETRIC_REPRESENTATION_CONTEXT() REPRESENTATION_CONTEXT('2D SPACE',''
  ) );
#1433 = ADVANCED_FACE('',(#1434),#1105,.T.);
#1434 = FACE_BOUND('',#1435,.F.);
#1435 = EDGE_LOOP('',(#1436,#1437,#1438,#1461));
#1436 = ORIENTED_EDGE('',*,*,#1147,.F.);
#1437 = ORIENTED_EDGE('',*,*,#1091,.T.);
#1438 = ORIENTED_EDGE('',*,*,#1439,.T.);
#1439 = EDGE_CURVE('',#1062,#1440,#1442,.T.);
#1440 = VERTEX_POINT('',#1441);
#1441 = CARTESIAN_POINT('',(0.12,-0.12,-3.));
#1442 = SURFACE_CURVE('',#1443,(#1447,#1454),.PCURVE_S1.);
#1443 = LINE('',#1444,#1445);
#1444 = CARTESIAN_POINT('',(0.24,-0.24,-2.88));
#1445 = VECTOR('',#1446,1.);
#1446 = DIRECTION('',(-0.57735026919,0.57735026919,-0.57735026919));
#1447 = PCURVE('',#1105,#1448);
#1448 = DEFINITIONAL_REPRESENTATION('',(#1449),#1453);
#1449 = LINE('',#1450,#1451);
#1450 = CARTESIAN_POINT('',(-0.84,0.169705627485));
#1451 = VECTOR('',#1452,1.);
#1452 = DIRECTION('',(0.57735026919,0.816496580928));
#1453 = ( GEOMETRIC_REPRESENTATION_CONTEXT(2) 
PARAMETRIC_REPRESENTATION_CONTEXT() REPRESENTATION_CONTEXT('2D SPACE',''
  ) );
#1454 = PCURVE('',#1395,#1455);
#1455 = DEFINITIONAL_REPRESENTATION('',(#1456),#1460);
#1456 = LINE('',#1457,#1458);
#1457 = CARTESIAN_POINT('',(0.36,0.169705627485));
#1458 = VECTOR('',#1459,1.);
#1459 = DIRECTION('',(0.57735026919,0.816496580928));
#1460 = ( GEOMETRIC_REPRESENTATION_CONTEXT(2) 
PARAMETRIC_REPRESENTATION_CONTEXT() REPRESENTATION_CONTEXT('2D SPACE',''
  ) );
#1461 = ORIENTED_EDGE('',*,*,#1462,.F.);
#1462 = EDGE_CURVE('',#1148,#1440,#1463,.T.);
#1463 = SURFACE_CURVE('',#1464,(#1468,#1475),.PCURVE_S1.);
#1464 = LINE('',#1465,#1466);
#1465 = CARTESIAN_POINT('',(-0.6,-0.12,-3.));
#1466 = VECTOR('',#1467,1.);
#1467 = DIRECTION('',(1.,0.,0.));
#1468 = PCURVE('',#1105,#1469);
#1469 = DEFINITIONAL_REPRESENTATION('',(#1470),#1474);
#1470 = LINE('',#1471,#1472);
#1471 = CARTESIAN_POINT('',(-0.,0.33941125497));
#1472 = VECTOR('',#1473,1.);
#1473 = DIRECTION('',(-1.,0.));
#1474 = ( GEOMETRIC_REPRESENTATION_CONTEXT(2) 
PARAMETRIC_REPRESENTATION_CONTEXT() REPRESENTATION_CONTEXT('2D SPACE',''
  ) );
#1475 = PCURVE('',#1213,#1476);
#1476 = DEFINITIONAL_REPRESENTATION('',(#1477),#1481);
#1477 = LINE('',#1478,#1479);
#1478 = CARTESIAN_POINT('',(0.,0.48));
#1479 = VECTOR('',#1480,1.);
#1480 = DIRECTION('',(1.,0.));
#1481 = ( GEOMETRIC_REPRESENTATION_CONTEXT(2) 
PARAMETRIC_REPRESENTATION_CONTEXT() REPRESENTATION_CONTEXT('2D SPACE',''
  ) );
#1482 = ADVANCED_FACE('',(#1483),#1132,.F.);
#1483 = FACE_BOUND('',#1484,.T.);
#1484 = EDGE_LOOP('',(#1485,#1486,#1487,#1510));
#1485 = ORIENTED_EDGE('',*,*,#1228,.F.);
#1486 = ORIENTED_EDGE('',*,*,#1118,.T.);
#1487 = ORIENTED_EDGE('',*,*,#1488,.T.);
#1488 = EDGE_CURVE('',#1064,#1489,#1491,.T.);
#1489 = VERTEX_POINT('',#1490);
#1490 = CARTESIAN_POINT('',(0.12,-0.12,14.6));
#1491 = SURFACE_CURVE('',#1492,(#1496,#1503),.PCURVE_S1.);
#1492 = LINE('',#1493,#1494);
#1493 = CARTESIAN_POINT('',(0.24,-0.24,14.48));
#1494 = VECTOR('',#1495,1.);
#1495 = DIRECTION('',(-0.57735026919,0.57735026919,0.57735026919));
#1496 = PCURVE('',#1132,#1497);
#1497 = DEFINITIONAL_REPRESENTATION('',(#1498),#1502);
#1498 = LINE('',#1499,#1500);
#1499 = CARTESIAN_POINT('',(-0.84,0.169705627485));
#1500 = VECTOR('',#1501,1.);
#1501 = DIRECTION('',(0.57735026919,0.816496580928));
#1502 = ( GEOMETRIC_REPRESENTATION_CONTEXT(2) 
PARAMETRIC_REPRESENTATION_CONTEXT() REPRESENTATION_CONTEXT('2D SPACE',''
  ) );
#1503 = PCURVE('',#1422,#1504);
#1504 = DEFINITIONAL_REPRESENTATION('',(#1505),#1509);
#1505 = LINE('',#1506,#1507);
#1506 = CARTESIAN_POINT('',(0.36,0.169705627485));
#1507 = VECTOR('',#1508,1.);
#1508 = DIRECTION('',(0.57735026919,0.816496580928));
#1509 = ( GEOMETRIC_REPRESENTATION_CONTEXT(2) 
PARAMETRIC_REPRESENTATION_CONTEXT() REPRESENTATION_CONTEXT('2D SPACE',''
  ) );
#1510 = ORIENTED_EDGE('',*,*,#1511,.F.);
#1511 = EDGE_CURVE('',#1229,#1489,#1512,.T.);
#1512 = SURFACE_CURVE('',#1513,(#1517,#1524),.PCURVE_S1.);
#1513 = LINE('',#1514,#1515);
#1514 = CARTESIAN_POINT('',(-0.6,-0.12,14.6));
#1515 = VECTOR('',#1516,1.);
#1516 = DIRECTION('',(1.,0.,0.));
#1517 = PCURVE('',#1132,#1518);
#1518 = DEFINITIONAL_REPRESENTATION('',(#1519),#1523);
#1519 = LINE('',#1520,#1521);
#1520 = CARTESIAN_POINT('',(-0.,0.33941125497));
#1521 = VECTOR('',#1522,1.);
#1522 = DIRECTION('',(-1.,0.));
#1523 = ( GEOMETRIC_REPRESENTATION_CONTEXT(2) 
PARAMETRIC_REPRESENTATION_CONTEXT() REPRESENTATION_CONTEXT('2D SPACE',''
  ) );
#1524 = PCURVE('',#1294,#1525);
#1525 = DEFINITIONAL_REPRESENTATION('',(#1526),#1530);
#1526 = LINE('',#1527,#1528);
#1527 = CARTESIAN_POINT('',(0.,0.48));
#1528 = VECTOR('',#1529,1.);
#1529 = DIRECTION('',(1.,0.));
#1530 = ( GEOMETRIC_REPRESENTATION_CONTEXT(2) 
PARAMETRIC_REPRESENTATION_CONTEXT() REPRESENTATION_CONTEXT('2D SPACE',''
  ) );
#1531 = ADVANCED_FACE('',(#1532),#1213,.F.);
#1532 = FACE_BOUND('',#1533,.F.);
#1533 = EDGE_LOOP('',(#1534,#1535,#1558,#1579));
#1534 = ORIENTED_EDGE('',*,*,#1462,.T.);
#1535 = ORIENTED_EDGE('',*,*,#1536,.T.);
#1536 = EDGE_CURVE('',#1440,#1537,#1539,.T.);
#1537 = VERTEX_POINT('',#1538);
#1538 = CARTESIAN_POINT('',(0.12,0.12,-3.));
#1539 = SURFACE_CURVE('',#1540,(#1544,#1551),.PCURVE_S1.);
#1540 = LINE('',#1541,#1542);
#1541 = CARTESIAN_POINT('',(0.12,-0.6,-3.));
#1542 = VECTOR('',#1543,1.);
#1543 = DIRECTION('',(0.,1.,0.));
#1544 = PCURVE('',#1213,#1545);
#1545 = DEFINITIONAL_REPRESENTATION('',(#1546),#1550);
#1546 = LINE('',#1547,#1548);
#1547 = CARTESIAN_POINT('',(0.72,0.));
#1548 = VECTOR('',#1549,1.);
#1549 = DIRECTION('',(0.,1.));
#1550 = ( GEOMETRIC_REPRESENTATION_CONTEXT(2) 
PARAMETRIC_REPRESENTATION_CONTEXT() REPRESENTATION_CONTEXT('2D SPACE',''
  ) );
#1551 = PCURVE('',#1395,#1552);
#1552 = DEFINITIONAL_REPRESENTATION('',(#1553),#1557);
#1553 = LINE('',#1554,#1555);
#1554 = CARTESIAN_POINT('',(0.,0.33941125497));
#1555 = VECTOR('',#1556,1.);
#1556 = DIRECTION('',(1.,0.));
#1557 = ( GEOMETRIC_REPRESENTATION_CONTEXT(2) 
PARAMETRIC_REPRESENTATION_CONTEXT() REPRESENTATION_CONTEXT('2D SPACE',''
  ) );
#1558 = ORIENTED_EDGE('',*,*,#1559,.F.);
#1559 = EDGE_CURVE('',#1172,#1537,#1560,.T.);
#1560 = SURFACE_CURVE('',#1561,(#1565,#1572),.PCURVE_S1.);
#1561 = LINE('',#1562,#1563);
#1562 = CARTESIAN_POINT('',(-0.6,0.12,-3.));
#1563 = VECTOR('',#1564,1.);
#1564 = DIRECTION('',(1.,0.,0.));
#1565 = PCURVE('',#1213,#1566);
#1566 = DEFINITIONAL_REPRESENTATION('',(#1567),#1571);
#1567 = LINE('',#1568,#1569);
#1568 = CARTESIAN_POINT('',(0.,0.72));
#1569 = VECTOR('',#1570,1.);
#1570 = DIRECTION('',(1.,0.));
#1571 = ( GEOMETRIC_REPRESENTATION_CONTEXT(2) 
PARAMETRIC_REPRESENTATION_CONTEXT() REPRESENTATION_CONTEXT('2D SPACE',''
  ) );
#1572 = PCURVE('',#1187,#1573);
#1573 = DEFINITIONAL_REPRESENTATION('',(#1574),#1578);
#1574 = LINE('',#1575,#1576);
#1575 = CARTESIAN_POINT('',(-0.,0.33941125497));
#1576 = VECTOR('',#1577,1.);
#1577 = DIRECTION('',(-1.,0.));
#1578 = ( GEOMETRIC_REPRESENTATION_CONTEXT(2) 
PARAMETRIC_REPRESENTATION_CONTEXT() REPRESENTATION_CONTEXT('2D SPACE',''
  ) );
#1579 = ORIENTED_EDGE('',*,*,#1199,.F.);
#1580 = ADVANCED_FACE('',(#1581),#1187,.F.);
#1581 = FACE_BOUND('',#1582,.T.);
#1582 = EDGE_LOOP('',(#1583,#1584,#1585,#1606));
#1583 = ORIENTED_EDGE('',*,*,#1171,.F.);
#1584 = ORIENTED_EDGE('',*,*,#1334,.T.);
#1585 = ORIENTED_EDGE('',*,*,#1586,.T.);
#1586 = EDGE_CURVE('',#1310,#1537,#1587,.T.);
#1587 = SURFACE_CURVE('',#1588,(#1592,#1599),.PCURVE_S1.);
#1588 = LINE('',#1589,#1590);
#1589 = CARTESIAN_POINT('',(4.E-02,4.E-02,-3.08));
#1590 = VECTOR('',#1591,1.);
#1591 = DIRECTION('',(-0.57735026919,-0.57735026919,-0.57735026919));
#1592 = PCURVE('',#1187,#1593);
#1593 = DEFINITIONAL_REPRESENTATION('',(#1594),#1598);
#1594 = LINE('',#1595,#1596);
#1595 = CARTESIAN_POINT('',(-0.64,0.452548339959));
#1596 = VECTOR('',#1597,1.);
#1597 = DIRECTION('',(0.57735026919,0.816496580928));
#1598 = ( GEOMETRIC_REPRESENTATION_CONTEXT(2) 
PARAMETRIC_REPRESENTATION_CONTEXT() REPRESENTATION_CONTEXT('2D SPACE',''
  ) );
#1599 = PCURVE('',#1395,#1600);
#1600 = DEFINITIONAL_REPRESENTATION('',(#1601),#1605);
#1601 = LINE('',#1602,#1603);
#1602 = CARTESIAN_POINT('',(0.64,0.452548339959));
#1603 = VECTOR('',#1604,1.);
#1604 = DIRECTION('',(-0.57735026919,0.816496580928));
#1605 = ( GEOMETRIC_REPRESENTATION_CONTEXT(2) 
PARAMETRIC_REPRESENTATION_CONTEXT() REPRESENTATION_CONTEXT('2D SPACE',''
  ) );
#1606 = ORIENTED_EDGE('',*,*,#1559,.F.);
#1607 = ADVANCED_FACE('',(#1608),#1294,.T.);
#1608 = FACE_BOUND('',#1609,.T.);
#1609 = EDGE_LOOP('',(#1610,#1611,#1634,#1655));
#1610 = ORIENTED_EDGE('',*,*,#1511,.T.);
#1611 = ORIENTED_EDGE('',*,*,#1612,.T.);
#1612 = EDGE_CURVE('',#1489,#1613,#1615,.T.);
#1613 = VERTEX_POINT('',#1614);
#1614 = CARTESIAN_POINT('',(0.12,0.12,14.6));
#1615 = SURFACE_CURVE('',#1616,(#1620,#1627),.PCURVE_S1.);
#1616 = LINE('',#1617,#1618);
#1617 = CARTESIAN_POINT('',(0.12,-0.6,14.6));
#1618 = VECTOR('',#1619,1.);
#1619 = DIRECTION('',(0.,1.,0.));
#1620 = PCURVE('',#1294,#1621);
#1621 = DEFINITIONAL_REPRESENTATION('',(#1622),#1626);
#1622 = LINE('',#1623,#1624);
#1623 = CARTESIAN_POINT('',(0.72,0.));
#1624 = VECTOR('',#1625,1.);
#1625 = DIRECTION('',(0.,1.));
#1626 = ( GEOMETRIC_REPRESENTATION_CONTEXT(2) 
PARAMETRIC_REPRESENTATION_CONTEXT() REPRESENTATION_CONTEXT('2D SPACE',''
  ) );
#1627 = PCURVE('',#1422,#1628);
#1628 = DEFINITIONAL_REPRESENTATION('',(#1629),#1633);
#1629 = LINE('',#1630,#1631);
#1630 = CARTESIAN_POINT('',(0.,0.33941125497));
#1631 = VECTOR('',#1632,1.);
#1632 = DIRECTION('',(1.,0.));
#1633 = ( GEOMETRIC_REPRESENTATION_CONTEXT(2) 
PARAMETRIC_REPRESENTATION_CONTEXT() REPRESENTATION_CONTEXT('2D SPACE',''
  ) );
#1634 = ORIENTED_EDGE('',*,*,#1635,.F.);
#1635 = EDGE_CURVE('',#1253,#1613,#1636,.T.);
#1636 = SURFACE_CURVE('',#1637,(#1641,#1648),.PCURVE_S1.);
#1637 = LINE('',#1638,#1639);
#1638 = CARTESIAN_POINT('',(-0.6,0.12,14.6));
#1639 = VECTOR('',#1640,1.);
#1640 = DIRECTION('',(1.,0.,0.));
#1641 = PCURVE('',#1294,#1642);
#1642 = DEFINITIONAL_REPRESENTATION('',(#1643),#1647);
#1643 = LINE('',#1644,#1645);
#1644 = CARTESIAN_POINT('',(0.,0.72));
#1645 = VECTOR('',#1646,1.);
#1646 = DIRECTION('',(1.,0.));
#1647 = ( GEOMETRIC_REPRESENTATION_CONTEXT(2) 
PARAMETRIC_REPRESENTATION_CONTEXT() REPRESENTATION_CONTEXT('2D SPACE',''
  ) );
#1648 = PCURVE('',#1268,#1649);
#1649 = DEFINITIONAL_REPRESENTATION('',(#1650),#1654);
#1650 = LINE('',#1651,#1652);
#1651 = CARTESIAN_POINT('',(-0.,0.33941125497));
#1652 = VECTOR('',#1653,1.);
#1653 = DIRECTION('',(-1.,0.));
#1654 = ( GEOMETRIC_REPRESENTATION_CONTEXT(2) 
PARAMETRIC_REPRESENTATION_CONTEXT() REPRESENTATION_CONTEXT('2D SPACE',''
  ) );
#1655 = ORIENTED_EDGE('',*,*,#1280,.F.);
#1656 = ADVANCED_FACE('',(#1657),#1268,.T.);
#1657 = FACE_BOUND('',#1658,.F.);
#1658 = EDGE_LOOP('',(#1659,#1660,#1661,#1682));
#1659 = ORIENTED_EDGE('',*,*,#1252,.F.);
#1660 = ORIENTED_EDGE('',*,*,#1356,.T.);
#1661 = ORIENTED_EDGE('',*,*,#1662,.T.);
#1662 = EDGE_CURVE('',#1312,#1613,#1663,.T.);
#1663 = SURFACE_CURVE('',#1664,(#1668,#1675),.PCURVE_S1.);
#1664 = LINE('',#1665,#1666);
#1665 = CARTESIAN_POINT('',(4.E-02,4.E-02,14.68));
#1666 = VECTOR('',#1667,1.);
#1667 = DIRECTION('',(-0.57735026919,-0.57735026919,0.57735026919));
#1668 = PCURVE('',#1268,#1669);
#1669 = DEFINITIONAL_REPRESENTATION('',(#1670),#1674);
#1670 = LINE('',#1671,#1672);
#1671 = CARTESIAN_POINT('',(-0.64,0.452548339959));
#1672 = VECTOR('',#1673,1.);
#1673 = DIRECTION('',(0.57735026919,0.816496580928));
#1674 = ( GEOMETRIC_REPRESENTATION_CONTEXT(2) 
PARAMETRIC_REPRESENTATION_CONTEXT() REPRESENTATION_CONTEXT('2D SPACE',''
  ) );
#1675 = PCURVE('',#1422,#1676);
#1676 = DEFINITIONAL_REPRESENTATION('',(#1677),#1681);
#1677 = LINE('',#1678,#1679);
#1678 = CARTESIAN_POINT('',(0.64,0.452548339959));
#1679 = VECTOR('',#1680,1.);
#1680 = DIRECTION('',(-0.57735026919,0.816496580928));
#1681 = ( GEOMETRIC_REPRESENTATION_CONTEXT(2) 
PARAMETRIC_REPRESENTATION_CONTEXT() REPRESENTATION_CONTEXT('2D SPACE',''
  ) );
#1682 = ORIENTED_EDGE('',*,*,#1635,.F.);
#1683 = ADVANCED_FACE('',(#1684),#1395,.F.);
#1684 = FACE_BOUND('',#1685,.F.);
#1685 = EDGE_LOOP('',(#1686,#1687,#1688,#1689));
#1686 = ORIENTED_EDGE('',*,*,#1439,.F.);
#1687 = ORIENTED_EDGE('',*,*,#1381,.T.);
#1688 = ORIENTED_EDGE('',*,*,#1586,.T.);
#1689 = ORIENTED_EDGE('',*,*,#1536,.F.);
#1690 = ADVANCED_FACE('',(#1691),#1422,.T.);
#1691 = FACE_BOUND('',#1692,.T.);
#1692 = EDGE_LOOP('',(#1693,#1694,#1695,#1696));
#1693 = ORIENTED_EDGE('',*,*,#1488,.F.);
#1694 = ORIENTED_EDGE('',*,*,#1408,.T.);
#1695 = ORIENTED_EDGE('',*,*,#1662,.T.);
#1696 = ORIENTED_EDGE('',*,*,#1612,.F.);
#1697 = MANIFOLD_SOLID_BREP('',#1698);
#1698 = CLOSED_SHELL('',(#1699,#1819,#1905,#1986,#2067,#2138,#2195,#2244
    ,#2293,#2342,#2369,#2418,#2445,#2452));
#1699 = ADVANCED_FACE('',(#1700),#1714,.F.);
#1700 = FACE_BOUND('',#1701,.F.);
#1701 = EDGE_LOOP('',(#1702,#1737,#1765,#1793));
#1702 = ORIENTED_EDGE('',*,*,#1703,.F.);
#1703 = EDGE_CURVE('',#1704,#1706,#1708,.T.);
#1704 = VERTEX_POINT('',#1705);
#1705 = CARTESIAN_POINT('',(-0.6,-6.4,-2.52));
#1706 = VERTEX_POINT('',#1707);
#1707 = CARTESIAN_POINT('',(-0.6,-6.4,14.12));
#1708 = SURFACE_CURVE('',#1709,(#1713,#1725),.PCURVE_S1.);
#1709 = LINE('',#1710,#1711);
#1710 = CARTESIAN_POINT('',(-0.6,-6.4,-3.));
#1711 = VECTOR('',#1712,1.);
#1712 = DIRECTION('',(0.,0.,1.));
#1713 = PCURVE('',#1714,#1719);
#1714 = PLANE('',#1715);
#1715 = AXIS2_PLACEMENT_3D('',#1716,#1717,#1718);
#1716 = CARTESIAN_POINT('',(-0.6,-6.4,-3.));
#1717 = DIRECTION('',(1.,0.,0.));
#1718 = DIRECTION('',(0.,0.,1.));
#1719 = DEFINITIONAL_REPRESENTATION('',(#1720),#1724);
#1720 = LINE('',#1721,#1722);
#1721 = CARTESIAN_POINT('',(0.,0.));
#1722 = VECTOR('',#1723,1.);
#1723 = DIRECTION('',(1.,0.));
#1724 = ( GEOMETRIC_REPRESENTATION_CONTEXT(2) 
PARAMETRIC_REPRESENTATION_CONTEXT() REPRESENTATION_CONTEXT('2D SPACE',''
  ) );
#1725 = PCURVE('',#1726,#1731);
#1726 = PLANE('',#1727);
#1727 = AXIS2_PLACEMENT_3D('',#1728,#1729,#1730);
#1728 = CARTESIAN_POINT('',(-0.6,-6.4,-3.));
#1729 = DIRECTION('',(0.,1.,0.));
#1730 = DIRECTION('',(0.,0.,1.));
#1731 = DEFINITIONAL_REPRESENTATION('',(#1732),#1736);
#1732 = LINE('',#1733,#1734);
#1733 = CARTESIAN_POINT('',(0.,0.));
#1734 = VECTOR('',#1735,1.);
#1735 = DIRECTION('',(1.,0.));
#1736 = ( GEOMETRIC_REPRESENTATION_CONTEXT(2) 
PARAMETRIC_REPRESENTATION_CONTEXT() REPRESENTATION_CONTEXT('2D SPACE',''
  ) );
#1737 = ORIENTED_EDGE('',*,*,#1738,.T.);
#1738 = EDGE_CURVE('',#1704,#1739,#1741,.T.);
#1739 = VERTEX_POINT('',#1740);
#1740 = CARTESIAN_POINT('',(-0.6,-5.2,-2.52));
#1741 = SURFACE_CURVE('',#1742,(#1746,#1753),.PCURVE_S1.);
#1742 = LINE('',#1743,#1744);
#1743 = CARTESIAN_POINT('',(-0.6,-6.4,-2.52));
#1744 = VECTOR('',#1745,1.);
#1745 = DIRECTION('',(0.,1.,0.));
#1746 = PCURVE('',#1714,#1747);
#1747 = DEFINITIONAL_REPRESENTATION('',(#1748),#1752);
#1748 = LINE('',#1749,#1750);
#1749 = CARTESIAN_POINT('',(0.48,0.));
#1750 = VECTOR('',#1751,1.);
#1751 = DIRECTION('',(0.,-1.));
#1752 = ( GEOMETRIC_REPRESENTATION_CONTEXT(2) 
PARAMETRIC_REPRESENTATION_CONTEXT() REPRESENTATION_CONTEXT('2D SPACE',''
  ) );
#1753 = PCURVE('',#1754,#1759);
#1754 = PLANE('',#1755);
#1755 = AXIS2_PLACEMENT_3D('',#1756,#1757,#1758);
#1756 = CARTESIAN_POINT('',(-0.36,-6.4,-2.76));
#1757 = DIRECTION('',(-0.707106781187,0.,-0.707106781187));
#1758 = DIRECTION('',(0.,1.,0.));
#1759 = DEFINITIONAL_REPRESENTATION('',(#1760),#1764);
#1760 = LINE('',#1761,#1762);
#1761 = CARTESIAN_POINT('',(0.,-0.33941125497));
#1762 = VECTOR('',#1763,1.);
#1763 = DIRECTION('',(1.,0.));
#1764 = ( GEOMETRIC_REPRESENTATION_CONTEXT(2) 
PARAMETRIC_REPRESENTATION_CONTEXT() REPRESENTATION_CONTEXT('2D SPACE',''
  ) );
#1765 = ORIENTED_EDGE('',*,*,#1766,.T.);
#1766 = EDGE_CURVE('',#1739,#1767,#1769,.T.);
#1767 = VERTEX_POINT('',#1768);
#1768 = CARTESIAN_POINT('',(-0.6,-5.2,14.12));
#1769 = SURFACE_CURVE('',#1770,(#1774,#1781),.PCURVE_S1.);
#1770 = LINE('',#1771,#1772);
#1771 = CARTESIAN_POINT('',(-0.6,-5.2,-3.));
#1772 = VECTOR('',#1773,1.);
#1773 = DIRECTION('',(0.,0.,1.));
#1774 = PCURVE('',#1714,#1775);
#1775 = DEFINITIONAL_REPRESENTATION('',(#1776),#1780);
#1776 = LINE('',#1777,#1778);
#1777 = CARTESIAN_POINT('',(0.,-1.2));
#1778 = VECTOR('',#1779,1.);
#1779 = DIRECTION('',(1.,0.));
#1780 = ( GEOMETRIC_REPRESENTATION_CONTEXT(2) 
PARAMETRIC_REPRESENTATION_CONTEXT() REPRESENTATION_CONTEXT('2D SPACE',''
  ) );
#1781 = PCURVE('',#1782,#1787);
#1782 = PLANE('',#1783);
#1783 = AXIS2_PLACEMENT_3D('',#1784,#1785,#1786);
#1784 = CARTESIAN_POINT('',(-0.6,-5.2,-3.));
#1785 = DIRECTION('',(0.,1.,0.));
#1786 = DIRECTION('',(0.,0.,1.));
#1787 = DEFINITIONAL_REPRESENTATION('',(#1788),#1792);
#1788 = LINE('',#1789,#1790);
#1789 = CARTESIAN_POINT('',(0.,0.));
#1790 = VECTOR('',#1791,1.);
#1791 = DIRECTION('',(1.,0.));
#1792 = ( GEOMETRIC_REPRESENTATION_CONTEXT(2) 
PARAMETRIC_REPRESENTATION_CONTEXT() REPRESENTATION_CONTEXT('2D SPACE',''
  ) );
#1793 = ORIENTED_EDGE('',*,*,#1794,.F.);
#1794 = EDGE_CURVE('',#1706,#1767,#1795,.T.);
#1795 = SURFACE_CURVE('',#1796,(#1800,#1807),.PCURVE_S1.);
#1796 = LINE('',#1797,#1798);
#1797 = CARTESIAN_POINT('',(-0.6,-6.4,14.12));
#1798 = VECTOR('',#1799,1.);
#1799 = DIRECTION('',(0.,1.,0.));
#1800 = PCURVE('',#1714,#1801);
#1801 = DEFINITIONAL_REPRESENTATION('',(#1802),#1806);
#1802 = LINE('',#1803,#1804);
#1803 = CARTESIAN_POINT('',(17.12,0.));
#1804 = VECTOR('',#1805,1.);
#1805 = DIRECTION('',(0.,-1.));
#1806 = ( GEOMETRIC_REPRESENTATION_CONTEXT(2) 
PARAMETRIC_REPRESENTATION_CONTEXT() REPRESENTATION_CONTEXT('2D SPACE',''
  ) );
#1807 = PCURVE('',#1808,#1813);
#1808 = PLANE('',#1809);
#1809 = AXIS2_PLACEMENT_3D('',#1810,#1811,#1812);
#1810 = CARTESIAN_POINT('',(-0.36,-6.4,14.36));
#1811 = DIRECTION('',(0.707106781187,6.954862740506E-18,-0.707106781187)
  );
#1812 = DIRECTION('',(-4.917830606033E-18,1.,4.917830606033E-18));
#1813 = DEFINITIONAL_REPRESENTATION('',(#1814),#1818);
#1814 = LINE('',#1815,#1816);
#1815 = CARTESIAN_POINT('',(0.,-0.33941125497));
#1816 = VECTOR('',#1817,1.);
#1817 = DIRECTION('',(1.,0.));
#1818 = ( GEOMETRIC_REPRESENTATION_CONTEXT(2) 
PARAMETRIC_REPRESENTATION_CONTEXT() REPRESENTATION_CONTEXT('2D SPACE',''
  ) );
#1819 = ADVANCED_FACE('',(#1820),#1726,.F.);
#1820 = FACE_BOUND('',#1821,.F.);
#1821 = EDGE_LOOP('',(#1822,#1852,#1878,#1879));
#1822 = ORIENTED_EDGE('',*,*,#1823,.F.);
#1823 = EDGE_CURVE('',#1824,#1826,#1828,.T.);
#1824 = VERTEX_POINT('',#1825);
#1825 = CARTESIAN_POINT('',(0.6,-6.4,-2.52));
#1826 = VERTEX_POINT('',#1827);
#1827 = CARTESIAN_POINT('',(0.6,-6.4,14.12));
#1828 = SURFACE_CURVE('',#1829,(#1833,#1840),.PCURVE_S1.);
#1829 = LINE('',#1830,#1831);
#1830 = CARTESIAN_POINT('',(0.6,-6.4,-3.));
#1831 = VECTOR('',#1832,1.);
#1832 = DIRECTION('',(0.,0.,1.));
#1833 = PCURVE('',#1726,#1834);
#1834 = DEFINITIONAL_REPRESENTATION('',(#1835),#1839);
#1835 = LINE('',#1836,#1837);
#1836 = CARTESIAN_POINT('',(0.,1.2));
#1837 = VECTOR('',#1838,1.);
#1838 = DIRECTION('',(1.,0.));
#1839 = ( GEOMETRIC_REPRESENTATION_CONTEXT(2) 
PARAMETRIC_REPRESENTATION_CONTEXT() REPRESENTATION_CONTEXT('2D SPACE',''
  ) );
#1840 = PCURVE('',#1841,#1846);
#1841 = PLANE('',#1842);
#1842 = AXIS2_PLACEMENT_3D('',#1843,#1844,#1845);
#1843 = CARTESIAN_POINT('',(0.6,-6.4,-3.));
#1844 = DIRECTION('',(1.,0.,0.));
#1845 = DIRECTION('',(0.,0.,1.));
#1846 = DEFINITIONAL_REPRESENTATION('',(#1847),#1851);
#1847 = LINE('',#1848,#1849);
#1848 = CARTESIAN_POINT('',(0.,0.));
#1849 = VECTOR('',#1850,1.);
#1850 = DIRECTION('',(1.,0.));
#1851 = ( GEOMETRIC_REPRESENTATION_CONTEXT(2) 
PARAMETRIC_REPRESENTATION_CONTEXT() REPRESENTATION_CONTEXT('2D SPACE',''
  ) );
#1852 = ORIENTED_EDGE('',*,*,#1853,.F.);
#1853 = EDGE_CURVE('',#1704,#1824,#1854,.T.);
#1854 = SURFACE_CURVE('',#1855,(#1859,#1866),.PCURVE_S1.);
#1855 = LINE('',#1856,#1857);
#1856 = CARTESIAN_POINT('',(-0.6,-6.4,-2.52));
#1857 = VECTOR('',#1858,1.);
#1858 = DIRECTION('',(1.,0.,0.));
#1859 = PCURVE('',#1726,#1860);
#1860 = DEFINITIONAL_REPRESENTATION('',(#1861),#1865);
#1861 = LINE('',#1862,#1863);
#1862 = CARTESIAN_POINT('',(0.48,0.));
#1863 = VECTOR('',#1864,1.);
#1864 = DIRECTION('',(0.,1.));
#1865 = ( GEOMETRIC_REPRESENTATION_CONTEXT(2) 
PARAMETRIC_REPRESENTATION_CONTEXT() REPRESENTATION_CONTEXT('2D SPACE',''
  ) );
#1866 = PCURVE('',#1867,#1872);
#1867 = PLANE('',#1868);
#1868 = AXIS2_PLACEMENT_3D('',#1869,#1870,#1871);
#1869 = CARTESIAN_POINT('',(-0.6,-6.16,-2.76));
#1870 = DIRECTION('',(0.,-0.707106781187,-0.707106781187));
#1871 = DIRECTION('',(-1.,-0.,-0.));
#1872 = DEFINITIONAL_REPRESENTATION('',(#1873),#1877);
#1873 = LINE('',#1874,#1875);
#1874 = CARTESIAN_POINT('',(-0.,-0.33941125497));
#1875 = VECTOR('',#1876,1.);
#1876 = DIRECTION('',(-1.,0.));
#1877 = ( GEOMETRIC_REPRESENTATION_CONTEXT(2) 
PARAMETRIC_REPRESENTATION_CONTEXT() REPRESENTATION_CONTEXT('2D SPACE',''
  ) );
#1878 = ORIENTED_EDGE('',*,*,#1703,.T.);
#1879 = ORIENTED_EDGE('',*,*,#1880,.T.);
#1880 = EDGE_CURVE('',#1706,#1826,#1881,.T.);
#1881 = SURFACE_CURVE('',#1882,(#1886,#1893),.PCURVE_S1.);
#1882 = LINE('',#1883,#1884);
#1883 = CARTESIAN_POINT('',(-0.6,-6.4,14.12));
#1884 = VECTOR('',#1885,1.);
#1885 = DIRECTION('',(1.,0.,0.));
#1886 = PCURVE('',#1726,#1887);
#1887 = DEFINITIONAL_REPRESENTATION('',(#1888),#1892);
#1888 = LINE('',#1889,#1890);
#1889 = CARTESIAN_POINT('',(17.12,0.));
#1890 = VECTOR('',#1891,1.);
#1891 = DIRECTION('',(0.,1.));
#1892 = ( GEOMETRIC_REPRESENTATION_CONTEXT(2) 
PARAMETRIC_REPRESENTATION_CONTEXT() REPRESENTATION_CONTEXT('2D SPACE',''
  ) );
#1893 = PCURVE('',#1894,#1899);
#1894 = PLANE('',#1895);
#1895 = AXIS2_PLACEMENT_3D('',#1896,#1897,#1898);
#1896 = CARTESIAN_POINT('',(-0.6,-6.16,14.36));
#1897 = DIRECTION('',(-6.954862740506E-18,0.707106781187,-0.707106781187
    ));
#1898 = DIRECTION('',(-1.,-4.917830606033E-18,4.917830606033E-18));
#1899 = DEFINITIONAL_REPRESENTATION('',(#1900),#1904);
#1900 = LINE('',#1901,#1902);
#1901 = CARTESIAN_POINT('',(-0.,-0.33941125497));
#1902 = VECTOR('',#1903,1.);
#1903 = DIRECTION('',(-1.,0.));
#1904 = ( GEOMETRIC_REPRESENTATION_CONTEXT(2) 
PARAMETRIC_REPRESENTATION_CONTEXT() REPRESENTATION_CONTEXT('2D SPACE',''
  ) );
#1905 = ADVANCED_FACE('',(#1906),#1754,.T.);
#1906 = FACE_BOUND('',#1907,.T.);
#1907 = EDGE_LOOP('',(#1908,#1931,#1932,#1960));
#1908 = ORIENTED_EDGE('',*,*,#1909,.F.);
#1909 = EDGE_CURVE('',#1704,#1910,#1912,.T.);
#1910 = VERTEX_POINT('',#1911);
#1911 = CARTESIAN_POINT('',(-0.12,-5.92,-3.));
#1912 = SURFACE_CURVE('',#1913,(#1917,#1924),.PCURVE_S1.);
#1913 = LINE('',#1914,#1915);
#1914 = CARTESIAN_POINT('',(-0.44,-6.24,-2.68));
#1915 = VECTOR('',#1916,1.);
#1916 = DIRECTION('',(0.57735026919,0.57735026919,-0.57735026919));
#1917 = PCURVE('',#1754,#1918);
#1918 = DEFINITIONAL_REPRESENTATION('',(#1919),#1923);
#1919 = LINE('',#1920,#1921);
#1920 = CARTESIAN_POINT('',(0.16,-0.11313708499));
#1921 = VECTOR('',#1922,1.);
#1922 = DIRECTION('',(0.57735026919,0.816496580928));
#1923 = ( GEOMETRIC_REPRESENTATION_CONTEXT(2) 
PARAMETRIC_REPRESENTATION_CONTEXT() REPRESENTATION_CONTEXT('2D SPACE',''
  ) );
#1924 = PCURVE('',#1867,#1925);
#1925 = DEFINITIONAL_REPRESENTATION('',(#1926),#1930);
#1926 = LINE('',#1927,#1928);
#1927 = CARTESIAN_POINT('',(-0.16,-0.11313708499));
#1928 = VECTOR('',#1929,1.);
#1929 = DIRECTION('',(-0.57735026919,0.816496580928));
#1930 = ( GEOMETRIC_REPRESENTATION_CONTEXT(2) 
PARAMETRIC_REPRESENTATION_CONTEXT() REPRESENTATION_CONTEXT('2D SPACE',''
  ) );
#1931 = ORIENTED_EDGE('',*,*,#1738,.T.);
#1932 = ORIENTED_EDGE('',*,*,#1933,.T.);
#1933 = EDGE_CURVE('',#1739,#1934,#1936,.T.);
#1934 = VERTEX_POINT('',#1935);
#1935 = CARTESIAN_POINT('',(-0.12,-5.68,-3.));
#1936 = SURFACE_CURVE('',#1937,(#1941,#1948),.PCURVE_S1.);
#1937 = LINE('',#1938,#1939);
#1938 = CARTESIAN_POINT('',(-0.24,-5.56,-2.88));
#1939 = VECTOR('',#1940,1.);
#1940 = DIRECTION('',(0.57735026919,-0.57735026919,-0.57735026919));
#1941 = PCURVE('',#1754,#1942);
#1942 = DEFINITIONAL_REPRESENTATION('',(#1943),#1947);
#1943 = LINE('',#1944,#1945);
#1944 = CARTESIAN_POINT('',(0.84,0.169705627485));
#1945 = VECTOR('',#1946,1.);
#1946 = DIRECTION('',(-0.57735026919,0.816496580928));
#1947 = ( GEOMETRIC_REPRESENTATION_CONTEXT(2) 
PARAMETRIC_REPRESENTATION_CONTEXT() REPRESENTATION_CONTEXT('2D SPACE',''
  ) );
#1948 = PCURVE('',#1949,#1954);
#1949 = PLANE('',#1950);
#1950 = AXIS2_PLACEMENT_3D('',#1951,#1952,#1953);
#1951 = CARTESIAN_POINT('',(-0.6,-5.44,-2.76));
#1952 = DIRECTION('',(0.,-0.707106781187,0.707106781187));
#1953 = DIRECTION('',(-1.,-0.,-0.));
#1954 = DEFINITIONAL_REPRESENTATION('',(#1955),#1959);
#1955 = LINE('',#1956,#1957);
#1956 = CARTESIAN_POINT('',(-0.36,0.169705627485));
#1957 = VECTOR('',#1958,1.);
#1958 = DIRECTION('',(-0.57735026919,0.816496580928));
#1959 = ( GEOMETRIC_REPRESENTATION_CONTEXT(2) 
PARAMETRIC_REPRESENTATION_CONTEXT() REPRESENTATION_CONTEXT('2D SPACE',''
  ) );
#1960 = ORIENTED_EDGE('',*,*,#1961,.F.);
#1961 = EDGE_CURVE('',#1910,#1934,#1962,.T.);
#1962 = SURFACE_CURVE('',#1963,(#1967,#1974),.PCURVE_S1.);
#1963 = LINE('',#1964,#1965);
#1964 = CARTESIAN_POINT('',(-0.12,-6.4,-3.));
#1965 = VECTOR('',#1966,1.);
#1966 = DIRECTION('',(0.,1.,0.));
#1967 = PCURVE('',#1754,#1968);
#1968 = DEFINITIONAL_REPRESENTATION('',(#1969),#1973);
#1969 = LINE('',#1970,#1971);
#1970 = CARTESIAN_POINT('',(0.,0.33941125497));
#1971 = VECTOR('',#1972,1.);
#1972 = DIRECTION('',(1.,0.));
#1973 = ( GEOMETRIC_REPRESENTATION_CONTEXT(2) 
PARAMETRIC_REPRESENTATION_CONTEXT() REPRESENTATION_CONTEXT('2D SPACE',''
  ) );
#1974 = PCURVE('',#1975,#1980);
#1975 = PLANE('',#1976);
#1976 = AXIS2_PLACEMENT_3D('',#1977,#1978,#1979);
#1977 = CARTESIAN_POINT('',(-0.6,-6.4,-3.));
#1978 = DIRECTION('',(0.,0.,1.));
#1979 = DIRECTION('',(1.,0.,0.));
#1980 = DEFINITIONAL_REPRESENTATION('',(#1981),#1985);
#1981 = LINE('',#1982,#1983);
#1982 = CARTESIAN_POINT('',(0.48,0.));
#1983 = VECTOR('',#1984,1.);
#1984 = DIRECTION('',(0.,1.));
#1985 = ( GEOMETRIC_REPRESENTATION_CONTEXT(2) 
PARAMETRIC_REPRESENTATION_CONTEXT() REPRESENTATION_CONTEXT('2D SPACE',''
  ) );
#1986 = ADVANCED_FACE('',(#1987),#1808,.F.);
#1987 = FACE_BOUND('',#1988,.F.);
#1988 = EDGE_LOOP('',(#1989,#2012,#2013,#2041));
#1989 = ORIENTED_EDGE('',*,*,#1990,.F.);
#1990 = EDGE_CURVE('',#1706,#1991,#1993,.T.);
#1991 = VERTEX_POINT('',#1992);
#1992 = CARTESIAN_POINT('',(-0.12,-5.92,14.6));
#1993 = SURFACE_CURVE('',#1994,(#1998,#2005),.PCURVE_S1.);
#1994 = LINE('',#1995,#1996);
#1995 = CARTESIAN_POINT('',(-0.44,-6.24,14.28));
#1996 = VECTOR('',#1997,1.);
#1997 = DIRECTION('',(0.57735026919,0.57735026919,0.57735026919));
#1998 = PCURVE('',#1808,#1999);
#1999 = DEFINITIONAL_REPRESENTATION('',(#2000),#2004);
#2000 = LINE('',#2001,#2002);
#2001 = CARTESIAN_POINT('',(0.16,-0.11313708499));
#2002 = VECTOR('',#2003,1.);
#2003 = DIRECTION('',(0.57735026919,0.816496580928));
#2004 = ( GEOMETRIC_REPRESENTATION_CONTEXT(2) 
PARAMETRIC_REPRESENTATION_CONTEXT() REPRESENTATION_CONTEXT('2D SPACE',''
  ) );
#2005 = PCURVE('',#1894,#2006);
#2006 = DEFINITIONAL_REPRESENTATION('',(#2007),#2011);
#2007 = LINE('',#2008,#2009);
#2008 = CARTESIAN_POINT('',(-0.16,-0.11313708499));
#2009 = VECTOR('',#2010,1.);
#2010 = DIRECTION('',(-0.57735026919,0.816496580928));
#2011 = ( GEOMETRIC_REPRESENTATION_CONTEXT(2) 
PARAMETRIC_REPRESENTATION_CONTEXT() REPRESENTATION_CONTEXT('2D SPACE',''
  ) );
#2012 = ORIENTED_EDGE('',*,*,#1794,.T.);
#2013 = ORIENTED_EDGE('',*,*,#2014,.T.);
#2014 = EDGE_CURVE('',#1767,#2015,#2017,.T.);
#2015 = VERTEX_POINT('',#2016);
#2016 = CARTESIAN_POINT('',(-0.12,-5.68,14.6));
#2017 = SURFACE_CURVE('',#2018,(#2022,#2029),.PCURVE_S1.);
#2018 = LINE('',#2019,#2020);
#2019 = CARTESIAN_POINT('',(-0.24,-5.56,14.48));
#2020 = VECTOR('',#2021,1.);
#2021 = DIRECTION('',(0.57735026919,-0.57735026919,0.57735026919));
#2022 = PCURVE('',#1808,#2023);
#2023 = DEFINITIONAL_REPRESENTATION('',(#2024),#2028);
#2024 = LINE('',#2025,#2026);
#2025 = CARTESIAN_POINT('',(0.84,0.169705627485));
#2026 = VECTOR('',#2027,1.);
#2027 = DIRECTION('',(-0.57735026919,0.816496580928));
#2028 = ( GEOMETRIC_REPRESENTATION_CONTEXT(2) 
PARAMETRIC_REPRESENTATION_CONTEXT() REPRESENTATION_CONTEXT('2D SPACE',''
  ) );
#2029 = PCURVE('',#2030,#2035);
#2030 = PLANE('',#2031);
#2031 = AXIS2_PLACEMENT_3D('',#2032,#2033,#2034);
#2032 = CARTESIAN_POINT('',(-0.6,-5.44,14.36));
#2033 = DIRECTION('',(6.954862740506E-18,0.707106781187,0.707106781187)
  );
#2034 = DIRECTION('',(-1.,4.917830606033E-18,4.917830606033E-18));
#2035 = DEFINITIONAL_REPRESENTATION('',(#2036),#2040);
#2036 = LINE('',#2037,#2038);
#2037 = CARTESIAN_POINT('',(-0.36,0.169705627485));
#2038 = VECTOR('',#2039,1.);
#2039 = DIRECTION('',(-0.57735026919,0.816496580928));
#2040 = ( GEOMETRIC_REPRESENTATION_CONTEXT(2) 
PARAMETRIC_REPRESENTATION_CONTEXT() REPRESENTATION_CONTEXT('2D SPACE',''
  ) );
#2041 = ORIENTED_EDGE('',*,*,#2042,.F.);
#2042 = EDGE_CURVE('',#1991,#2015,#2043,.T.);
#2043 = SURFACE_CURVE('',#2044,(#2048,#2055),.PCURVE_S1.);
#2044 = LINE('',#2045,#2046);
#2045 = CARTESIAN_POINT('',(-0.12,-6.4,14.6));
#2046 = VECTOR('',#2047,1.);
#2047 = DIRECTION('',(0.,1.,0.));
#2048 = PCURVE('',#1808,#2049);
#2049 = DEFINITIONAL_REPRESENTATION('',(#2050),#2054);
#2050 = LINE('',#2051,#2052);
#2051 = CARTESIAN_POINT('',(0.,0.33941125497));
#2052 = VECTOR('',#2053,1.);
#2053 = DIRECTION('',(1.,0.));
#2054 = ( GEOMETRIC_REPRESENTATION_CONTEXT(2) 
PARAMETRIC_REPRESENTATION_CONTEXT() REPRESENTATION_CONTEXT('2D SPACE',''
  ) );
#2055 = PCURVE('',#2056,#2061);
#2056 = PLANE('',#2057);
#2057 = AXIS2_PLACEMENT_3D('',#2058,#2059,#2060);
#2058 = CARTESIAN_POINT('',(-0.6,-6.4,14.6));
#2059 = DIRECTION('',(0.,0.,1.));
#2060 = DIRECTION('',(1.,0.,0.));
#2061 = DEFINITIONAL_REPRESENTATION('',(#2062),#2066);
#2062 = LINE('',#2063,#2064);
#2063 = CARTESIAN_POINT('',(0.48,0.));
#2064 = VECTOR('',#2065,1.);
#2065 = DIRECTION('',(0.,1.));
#2066 = ( GEOMETRIC_REPRESENTATION_CONTEXT(2) 
PARAMETRIC_REPRESENTATION_CONTEXT() REPRESENTATION_CONTEXT('2D SPACE',''
  ) );
#2067 = ADVANCED_FACE('',(#2068),#1782,.T.);
#2068 = FACE_BOUND('',#2069,.T.);
#2069 = EDGE_LOOP('',(#2070,#2095,#2116,#2117));
#2070 = ORIENTED_EDGE('',*,*,#2071,.F.);
#2071 = EDGE_CURVE('',#2072,#2074,#2076,.T.);
#2072 = VERTEX_POINT('',#2073);
#2073 = CARTESIAN_POINT('',(0.6,-5.2,-2.52));
#2074 = VERTEX_POINT('',#2075);
#2075 = CARTESIAN_POINT('',(0.6,-5.2,14.12));
#2076 = SURFACE_CURVE('',#2077,(#2081,#2088),.PCURVE_S1.);
#2077 = LINE('',#2078,#2079);
#2078 = CARTESIAN_POINT('',(0.6,-5.2,-3.));
#2079 = VECTOR('',#2080,1.);
#2080 = DIRECTION('',(0.,0.,1.));
#2081 = PCURVE('',#1782,#2082);
#2082 = DEFINITIONAL_REPRESENTATION('',(#2083),#2087);
#2083 = LINE('',#2084,#2085);
#2084 = CARTESIAN_POINT('',(0.,1.2));
#2085 = VECTOR('',#2086,1.);
#2086 = DIRECTION('',(1.,0.));
#2087 = ( GEOMETRIC_REPRESENTATION_CONTEXT(2) 
PARAMETRIC_REPRESENTATION_CONTEXT() REPRESENTATION_CONTEXT('2D SPACE',''
  ) );
#2088 = PCURVE('',#1841,#2089);
#2089 = DEFINITIONAL_REPRESENTATION('',(#2090),#2094);
#2090 = LINE('',#2091,#2092);
#2091 = CARTESIAN_POINT('',(0.,-1.2));
#2092 = VECTOR('',#2093,1.);
#2093 = DIRECTION('',(1.,0.));
#2094 = ( GEOMETRIC_REPRESENTATION_CONTEXT(2) 
PARAMETRIC_REPRESENTATION_CONTEXT() REPRESENTATION_CONTEXT('2D SPACE',''
  ) );
#2095 = ORIENTED_EDGE('',*,*,#2096,.F.);
#2096 = EDGE_CURVE('',#1739,#2072,#2097,.T.);
#2097 = SURFACE_CURVE('',#2098,(#2102,#2109),.PCURVE_S1.);
#2098 = LINE('',#2099,#2100);
#2099 = CARTESIAN_POINT('',(-0.6,-5.2,-2.52));
#2100 = VECTOR('',#2101,1.);
#2101 = DIRECTION('',(1.,0.,0.));
#2102 = PCURVE('',#1782,#2103);
#2103 = DEFINITIONAL_REPRESENTATION('',(#2104),#2108);
#2104 = LINE('',#2105,#2106);
#2105 = CARTESIAN_POINT('',(0.48,0.));
#2106 = VECTOR('',#2107,1.);
#2107 = DIRECTION('',(0.,1.));
#2108 = ( GEOMETRIC_REPRESENTATION_CONTEXT(2) 
PARAMETRIC_REPRESENTATION_CONTEXT() REPRESENTATION_CONTEXT('2D SPACE',''
  ) );
#2109 = PCURVE('',#1949,#2110);
#2110 = DEFINITIONAL_REPRESENTATION('',(#2111),#2115);
#2111 = LINE('',#2112,#2113);
#2112 = CARTESIAN_POINT('',(-0.,-0.33941125497));
#2113 = VECTOR('',#2114,1.);
#2114 = DIRECTION('',(-1.,0.));
#2115 = ( GEOMETRIC_REPRESENTATION_CONTEXT(2) 
PARAMETRIC_REPRESENTATION_CONTEXT() REPRESENTATION_CONTEXT('2D SPACE',''
  ) );
#2116 = ORIENTED_EDGE('',*,*,#1766,.T.);
#2117 = ORIENTED_EDGE('',*,*,#2118,.T.);
#2118 = EDGE_CURVE('',#1767,#2074,#2119,.T.);
#2119 = SURFACE_CURVE('',#2120,(#2124,#2131),.PCURVE_S1.);
#2120 = LINE('',#2121,#2122);
#2121 = CARTESIAN_POINT('',(-0.6,-5.2,14.12));
#2122 = VECTOR('',#2123,1.);
#2123 = DIRECTION('',(1.,0.,0.));
#2124 = PCURVE('',#1782,#2125);
#2125 = DEFINITIONAL_REPRESENTATION('',(#2126),#2130);
#2126 = LINE('',#2127,#2128);
#2127 = CARTESIAN_POINT('',(17.12,0.));
#2128 = VECTOR('',#2129,1.);
#2129 = DIRECTION('',(0.,1.));
#2130 = ( GEOMETRIC_REPRESENTATION_CONTEXT(2) 
PARAMETRIC_REPRESENTATION_CONTEXT() REPRESENTATION_CONTEXT('2D SPACE',''
  ) );
#2131 = PCURVE('',#2030,#2132);
#2132 = DEFINITIONAL_REPRESENTATION('',(#2133),#2137);
#2133 = LINE('',#2134,#2135);
#2134 = CARTESIAN_POINT('',(-1.232595164408E-32,-0.33941125497));
#2135 = VECTOR('',#2136,1.);
#2136 = DIRECTION('',(-1.,0.));
#2137 = ( GEOMETRIC_REPRESENTATION_CONTEXT(2) 
PARAMETRIC_REPRESENTATION_CONTEXT() REPRESENTATION_CONTEXT('2D SPACE',''
  ) );
#2138 = ADVANCED_FACE('',(#2139),#1841,.T.);
#2139 = FACE_BOUND('',#2140,.T.);
#2140 = EDGE_LOOP('',(#2141,#2142,#2168,#2169));
#2141 = ORIENTED_EDGE('',*,*,#1823,.F.);
#2142 = ORIENTED_EDGE('',*,*,#2143,.T.);
#2143 = EDGE_CURVE('',#1824,#2072,#2144,.T.);
#2144 = SURFACE_CURVE('',#2145,(#2149,#2156),.PCURVE_S1.);
#2145 = LINE('',#2146,#2147);
#2146 = CARTESIAN_POINT('',(0.6,-6.4,-2.52));
#2147 = VECTOR('',#2148,1.);
#2148 = DIRECTION('',(0.,1.,0.));
#2149 = PCURVE('',#1841,#2150);
#2150 = DEFINITIONAL_REPRESENTATION('',(#2151),#2155);
#2151 = LINE('',#2152,#2153);
#2152 = CARTESIAN_POINT('',(0.48,0.));
#2153 = VECTOR('',#2154,1.);
#2154 = DIRECTION('',(0.,-1.));
#2155 = ( GEOMETRIC_REPRESENTATION_CONTEXT(2) 
PARAMETRIC_REPRESENTATION_CONTEXT() REPRESENTATION_CONTEXT('2D SPACE',''
  ) );
#2156 = PCURVE('',#2157,#2162);
#2157 = PLANE('',#2158);
#2158 = AXIS2_PLACEMENT_3D('',#2159,#2160,#2161);
#2159 = CARTESIAN_POINT('',(0.36,-6.4,-2.76));
#2160 = DIRECTION('',(-0.707106781187,0.,0.707106781187));
#2161 = DIRECTION('',(0.,1.,0.));
#2162 = DEFINITIONAL_REPRESENTATION('',(#2163),#2167);
#2163 = LINE('',#2164,#2165);
#2164 = CARTESIAN_POINT('',(0.,-0.33941125497));
#2165 = VECTOR('',#2166,1.);
#2166 = DIRECTION('',(1.,0.));
#2167 = ( GEOMETRIC_REPRESENTATION_CONTEXT(2) 
PARAMETRIC_REPRESENTATION_CONTEXT() REPRESENTATION_CONTEXT('2D SPACE',''
  ) );
#2168 = ORIENTED_EDGE('',*,*,#2071,.T.);
#2169 = ORIENTED_EDGE('',*,*,#2170,.F.);
#2170 = EDGE_CURVE('',#1826,#2074,#2171,.T.);
#2171 = SURFACE_CURVE('',#2172,(#2176,#2183),.PCURVE_S1.);
#2172 = LINE('',#2173,#2174);
#2173 = CARTESIAN_POINT('',(0.6,-6.4,14.12));
#2174 = VECTOR('',#2175,1.);
#2175 = DIRECTION('',(0.,1.,0.));
#2176 = PCURVE('',#1841,#2177);
#2177 = DEFINITIONAL_REPRESENTATION('',(#2178),#2182);
#2178 = LINE('',#2179,#2180);
#2179 = CARTESIAN_POINT('',(17.12,0.));
#2180 = VECTOR('',#2181,1.);
#2181 = DIRECTION('',(0.,-1.));
#2182 = ( GEOMETRIC_REPRESENTATION_CONTEXT(2) 
PARAMETRIC_REPRESENTATION_CONTEXT() REPRESENTATION_CONTEXT('2D SPACE',''
  ) );
#2183 = PCURVE('',#2184,#2189);
#2184 = PLANE('',#2185);
#2185 = AXIS2_PLACEMENT_3D('',#2186,#2187,#2188);
#2186 = CARTESIAN_POINT('',(0.36,-6.4,14.36));
#2187 = DIRECTION('',(0.707106781187,-6.954862740506E-18,0.707106781187)
  );
#2188 = DIRECTION('',(4.917830606033E-18,1.,4.917830606033E-18));
#2189 = DEFINITIONAL_REPRESENTATION('',(#2190),#2194);
#2190 = LINE('',#2191,#2192);
#2191 = CARTESIAN_POINT('',(-1.232595164408E-32,-0.33941125497));
#2192 = VECTOR('',#2193,1.);
#2193 = DIRECTION('',(1.,0.));
#2194 = ( GEOMETRIC_REPRESENTATION_CONTEXT(2) 
PARAMETRIC_REPRESENTATION_CONTEXT() REPRESENTATION_CONTEXT('2D SPACE',''
  ) );
#2195 = ADVANCED_FACE('',(#2196),#1867,.T.);
#2196 = FACE_BOUND('',#2197,.F.);
#2197 = EDGE_LOOP('',(#2198,#2199,#2200,#2223));
#2198 = ORIENTED_EDGE('',*,*,#1909,.F.);
#2199 = ORIENTED_EDGE('',*,*,#1853,.T.);
#2200 = ORIENTED_EDGE('',*,*,#2201,.T.);
#2201 = EDGE_CURVE('',#1824,#2202,#2204,.T.);
#2202 = VERTEX_POINT('',#2203);
#2203 = CARTESIAN_POINT('',(0.12,-5.92,-3.));
#2204 = SURFACE_CURVE('',#2205,(#2209,#2216),.PCURVE_S1.);
#2205 = LINE('',#2206,#2207);
#2206 = CARTESIAN_POINT('',(0.24,-6.04,-2.88));
#2207 = VECTOR('',#2208,1.);
#2208 = DIRECTION('',(-0.57735026919,0.57735026919,-0.57735026919));
#2209 = PCURVE('',#1867,#2210);
#2210 = DEFINITIONAL_REPRESENTATION('',(#2211),#2215);
#2211 = LINE('',#2212,#2213);
#2212 = CARTESIAN_POINT('',(-0.84,0.169705627485));
#2213 = VECTOR('',#2214,1.);
#2214 = DIRECTION('',(0.57735026919,0.816496580928));
#2215 = ( GEOMETRIC_REPRESENTATION_CONTEXT(2) 
PARAMETRIC_REPRESENTATION_CONTEXT() REPRESENTATION_CONTEXT('2D SPACE',''
  ) );
#2216 = PCURVE('',#2157,#2217);
#2217 = DEFINITIONAL_REPRESENTATION('',(#2218),#2222);
#2218 = LINE('',#2219,#2220);
#2219 = CARTESIAN_POINT('',(0.36,0.169705627485));
#2220 = VECTOR('',#2221,1.);
#2221 = DIRECTION('',(0.57735026919,0.816496580928));
#2222 = ( GEOMETRIC_REPRESENTATION_CONTEXT(2) 
PARAMETRIC_REPRESENTATION_CONTEXT() REPRESENTATION_CONTEXT('2D SPACE',''
  ) );
#2223 = ORIENTED_EDGE('',*,*,#2224,.F.);
#2224 = EDGE_CURVE('',#1910,#2202,#2225,.T.);
#2225 = SURFACE_CURVE('',#2226,(#2230,#2237),.PCURVE_S1.);
#2226 = LINE('',#2227,#2228);
#2227 = CARTESIAN_POINT('',(-0.6,-5.92,-3.));
#2228 = VECTOR('',#2229,1.);
#2229 = DIRECTION('',(1.,0.,0.));
#2230 = PCURVE('',#1867,#2231);
#2231 = DEFINITIONAL_REPRESENTATION('',(#2232),#2236);
#2232 = LINE('',#2233,#2234);
#2233 = CARTESIAN_POINT('',(-0.,0.33941125497));
#2234 = VECTOR('',#2235,1.);
#2235 = DIRECTION('',(-1.,0.));
#2236 = ( GEOMETRIC_REPRESENTATION_CONTEXT(2) 
PARAMETRIC_REPRESENTATION_CONTEXT() REPRESENTATION_CONTEXT('2D SPACE',''
  ) );
#2237 = PCURVE('',#1975,#2238);
#2238 = DEFINITIONAL_REPRESENTATION('',(#2239),#2243);
#2239 = LINE('',#2240,#2241);
#2240 = CARTESIAN_POINT('',(0.,0.48));
#2241 = VECTOR('',#2242,1.);
#2242 = DIRECTION('',(1.,0.));
#2243 = ( GEOMETRIC_REPRESENTATION_CONTEXT(2) 
PARAMETRIC_REPRESENTATION_CONTEXT() REPRESENTATION_CONTEXT('2D SPACE',''
  ) );
#2244 = ADVANCED_FACE('',(#2245),#1894,.F.);
#2245 = FACE_BOUND('',#2246,.T.);
#2246 = EDGE_LOOP('',(#2247,#2248,#2249,#2272));
#2247 = ORIENTED_EDGE('',*,*,#1990,.F.);
#2248 = ORIENTED_EDGE('',*,*,#1880,.T.);
#2249 = ORIENTED_EDGE('',*,*,#2250,.T.);
#2250 = EDGE_CURVE('',#1826,#2251,#2253,.T.);
#2251 = VERTEX_POINT('',#2252);
#2252 = CARTESIAN_POINT('',(0.12,-5.92,14.6));
#2253 = SURFACE_CURVE('',#2254,(#2258,#2265),.PCURVE_S1.);
#2254 = LINE('',#2255,#2256);
#2255 = CARTESIAN_POINT('',(0.24,-6.04,14.48));
#2256 = VECTOR('',#2257,1.);
#2257 = DIRECTION('',(-0.57735026919,0.57735026919,0.57735026919));
#2258 = PCURVE('',#1894,#2259);
#2259 = DEFINITIONAL_REPRESENTATION('',(#2260),#2264);
#2260 = LINE('',#2261,#2262);
#2261 = CARTESIAN_POINT('',(-0.84,0.169705627485));
#2262 = VECTOR('',#2263,1.);
#2263 = DIRECTION('',(0.57735026919,0.816496580928));
#2264 = ( GEOMETRIC_REPRESENTATION_CONTEXT(2) 
PARAMETRIC_REPRESENTATION_CONTEXT() REPRESENTATION_CONTEXT('2D SPACE',''
  ) );
#2265 = PCURVE('',#2184,#2266);
#2266 = DEFINITIONAL_REPRESENTATION('',(#2267),#2271);
#2267 = LINE('',#2268,#2269);
#2268 = CARTESIAN_POINT('',(0.36,0.169705627485));
#2269 = VECTOR('',#2270,1.);
#2270 = DIRECTION('',(0.57735026919,0.816496580928));
#2271 = ( GEOMETRIC_REPRESENTATION_CONTEXT(2) 
PARAMETRIC_REPRESENTATION_CONTEXT() REPRESENTATION_CONTEXT('2D SPACE',''
  ) );
#2272 = ORIENTED_EDGE('',*,*,#2273,.F.);
#2273 = EDGE_CURVE('',#1991,#2251,#2274,.T.);
#2274 = SURFACE_CURVE('',#2275,(#2279,#2286),.PCURVE_S1.);
#2275 = LINE('',#2276,#2277);
#2276 = CARTESIAN_POINT('',(-0.6,-5.92,14.6));
#2277 = VECTOR('',#2278,1.);
#2278 = DIRECTION('',(1.,0.,0.));
#2279 = PCURVE('',#1894,#2280);
#2280 = DEFINITIONAL_REPRESENTATION('',(#2281),#2285);
#2281 = LINE('',#2282,#2283);
#2282 = CARTESIAN_POINT('',(-0.,0.33941125497));
#2283 = VECTOR('',#2284,1.);
#2284 = DIRECTION('',(-1.,0.));
#2285 = ( GEOMETRIC_REPRESENTATION_CONTEXT(2) 
PARAMETRIC_REPRESENTATION_CONTEXT() REPRESENTATION_CONTEXT('2D SPACE',''
  ) );
#2286 = PCURVE('',#2056,#2287);
#2287 = DEFINITIONAL_REPRESENTATION('',(#2288),#2292);
#2288 = LINE('',#2289,#2290);
#2289 = CARTESIAN_POINT('',(0.,0.48));
#2290 = VECTOR('',#2291,1.);
#2291 = DIRECTION('',(1.,0.));
#2292 = ( GEOMETRIC_REPRESENTATION_CONTEXT(2) 
PARAMETRIC_REPRESENTATION_CONTEXT() REPRESENTATION_CONTEXT('2D SPACE',''
  ) );
#2293 = ADVANCED_FACE('',(#2294),#1975,.F.);
#2294 = FACE_BOUND('',#2295,.F.);
#2295 = EDGE_LOOP('',(#2296,#2297,#2320,#2341));
#2296 = ORIENTED_EDGE('',*,*,#2224,.T.);
#2297 = ORIENTED_EDGE('',*,*,#2298,.T.);
#2298 = EDGE_CURVE('',#2202,#2299,#2301,.T.);
#2299 = VERTEX_POINT('',#2300);
#2300 = CARTESIAN_POINT('',(0.12,-5.68,-3.));
#2301 = SURFACE_CURVE('',#2302,(#2306,#2313),.PCURVE_S1.);
#2302 = LINE('',#2303,#2304);
#2303 = CARTESIAN_POINT('',(0.12,-6.4,-3.));
#2304 = VECTOR('',#2305,1.);
#2305 = DIRECTION('',(0.,1.,0.));
#2306 = PCURVE('',#1975,#2307);
#2307 = DEFINITIONAL_REPRESENTATION('',(#2308),#2312);
#2308 = LINE('',#2309,#2310);
#2309 = CARTESIAN_POINT('',(0.72,0.));
#2310 = VECTOR('',#2311,1.);
#2311 = DIRECTION('',(0.,1.));
#2312 = ( GEOMETRIC_REPRESENTATION_CONTEXT(2) 
PARAMETRIC_REPRESENTATION_CONTEXT() REPRESENTATION_CONTEXT('2D SPACE',''
  ) );
#2313 = PCURVE('',#2157,#2314);
#2314 = DEFINITIONAL_REPRESENTATION('',(#2315),#2319);
#2315 = LINE('',#2316,#2317);
#2316 = CARTESIAN_POINT('',(0.,0.33941125497));
#2317 = VECTOR('',#2318,1.);
#2318 = DIRECTION('',(1.,0.));
#2319 = ( GEOMETRIC_REPRESENTATION_CONTEXT(2) 
PARAMETRIC_REPRESENTATION_CONTEXT() REPRESENTATION_CONTEXT('2D SPACE',''
  ) );
#2320 = ORIENTED_EDGE('',*,*,#2321,.F.);
#2321 = EDGE_CURVE('',#1934,#2299,#2322,.T.);
#2322 = SURFACE_CURVE('',#2323,(#2327,#2334),.PCURVE_S1.);
#2323 = LINE('',#2324,#2325);
#2324 = CARTESIAN_POINT('',(-0.6,-5.68,-3.));
#2325 = VECTOR('',#2326,1.);
#2326 = DIRECTION('',(1.,0.,0.));
#2327 = PCURVE('',#1975,#2328);
#2328 = DEFINITIONAL_REPRESENTATION('',(#2329),#2333);
#2329 = LINE('',#2330,#2331);
#2330 = CARTESIAN_POINT('',(0.,0.72));
#2331 = VECTOR('',#2332,1.);
#2332 = DIRECTION('',(1.,0.));
#2333 = ( GEOMETRIC_REPRESENTATION_CONTEXT(2) 
PARAMETRIC_REPRESENTATION_CONTEXT() REPRESENTATION_CONTEXT('2D SPACE',''
  ) );
#2334 = PCURVE('',#1949,#2335);
#2335 = DEFINITIONAL_REPRESENTATION('',(#2336),#2340);
#2336 = LINE('',#2337,#2338);
#2337 = CARTESIAN_POINT('',(-0.,0.33941125497));
#2338 = VECTOR('',#2339,1.);
#2339 = DIRECTION('',(-1.,0.));
#2340 = ( GEOMETRIC_REPRESENTATION_CONTEXT(2) 
PARAMETRIC_REPRESENTATION_CONTEXT() REPRESENTATION_CONTEXT('2D SPACE',''
  ) );
#2341 = ORIENTED_EDGE('',*,*,#1961,.F.);
#2342 = ADVANCED_FACE('',(#2343),#1949,.F.);
#2343 = FACE_BOUND('',#2344,.T.);
#2344 = EDGE_LOOP('',(#2345,#2346,#2347,#2368));
#2345 = ORIENTED_EDGE('',*,*,#1933,.F.);
#2346 = ORIENTED_EDGE('',*,*,#2096,.T.);
#2347 = ORIENTED_EDGE('',*,*,#2348,.T.);
#2348 = EDGE_CURVE('',#2072,#2299,#2349,.T.);
#2349 = SURFACE_CURVE('',#2350,(#2354,#2361),.PCURVE_S1.);
#2350 = LINE('',#2351,#2352);
#2351 = CARTESIAN_POINT('',(4.E-02,-5.76,-3.08));
#2352 = VECTOR('',#2353,1.);
#2353 = DIRECTION('',(-0.57735026919,-0.57735026919,-0.57735026919));
#2354 = PCURVE('',#1949,#2355);
#2355 = DEFINITIONAL_REPRESENTATION('',(#2356),#2360);
#2356 = LINE('',#2357,#2358);
#2357 = CARTESIAN_POINT('',(-0.64,0.452548339959));
#2358 = VECTOR('',#2359,1.);
#2359 = DIRECTION('',(0.57735026919,0.816496580928));
#2360 = ( GEOMETRIC_REPRESENTATION_CONTEXT(2) 
PARAMETRIC_REPRESENTATION_CONTEXT() REPRESENTATION_CONTEXT('2D SPACE',''
  ) );
#2361 = PCURVE('',#2157,#2362);
#2362 = DEFINITIONAL_REPRESENTATION('',(#2363),#2367);
#2363 = LINE('',#2364,#2365);
#2364 = CARTESIAN_POINT('',(0.64,0.452548339959));
#2365 = VECTOR('',#2366,1.);
#2366 = DIRECTION('',(-0.57735026919,0.816496580928));
#2367 = ( GEOMETRIC_REPRESENTATION_CONTEXT(2) 
PARAMETRIC_REPRESENTATION_CONTEXT() REPRESENTATION_CONTEXT('2D SPACE',''
  ) );
#2368 = ORIENTED_EDGE('',*,*,#2321,.F.);
#2369 = ADVANCED_FACE('',(#2370),#2056,.T.);
#2370 = FACE_BOUND('',#2371,.T.);
#2371 = EDGE_LOOP('',(#2372,#2373,#2396,#2417));
#2372 = ORIENTED_EDGE('',*,*,#2273,.T.);
#2373 = ORIENTED_EDGE('',*,*,#2374,.T.);
#2374 = EDGE_CURVE('',#2251,#2375,#2377,.T.);
#2375 = VERTEX_POINT('',#2376);
#2376 = CARTESIAN_POINT('',(0.12,-5.68,14.6));
#2377 = SURFACE_CURVE('',#2378,(#2382,#2389),.PCURVE_S1.);
#2378 = LINE('',#2379,#2380);
#2379 = CARTESIAN_POINT('',(0.12,-6.4,14.6));
#2380 = VECTOR('',#2381,1.);
#2381 = DIRECTION('',(0.,1.,0.));
#2382 = PCURVE('',#2056,#2383);
#2383 = DEFINITIONAL_REPRESENTATION('',(#2384),#2388);
#2384 = LINE('',#2385,#2386);
#2385 = CARTESIAN_POINT('',(0.72,0.));
#2386 = VECTOR('',#2387,1.);
#2387 = DIRECTION('',(0.,1.));
#2388 = ( GEOMETRIC_REPRESENTATION_CONTEXT(2) 
PARAMETRIC_REPRESENTATION_CONTEXT() REPRESENTATION_CONTEXT('2D SPACE',''
  ) );
#2389 = PCURVE('',#2184,#2390);
#2390 = DEFINITIONAL_REPRESENTATION('',(#2391),#2395);
#2391 = LINE('',#2392,#2393);
#2392 = CARTESIAN_POINT('',(0.,0.33941125497));
#2393 = VECTOR('',#2394,1.);
#2394 = DIRECTION('',(1.,0.));
#2395 = ( GEOMETRIC_REPRESENTATION_CONTEXT(2) 
PARAMETRIC_REPRESENTATION_CONTEXT() REPRESENTATION_CONTEXT('2D SPACE',''
  ) );
#2396 = ORIENTED_EDGE('',*,*,#2397,.F.);
#2397 = EDGE_CURVE('',#2015,#2375,#2398,.T.);
#2398 = SURFACE_CURVE('',#2399,(#2403,#2410),.PCURVE_S1.);
#2399 = LINE('',#2400,#2401);
#2400 = CARTESIAN_POINT('',(-0.6,-5.68,14.6));
#2401 = VECTOR('',#2402,1.);
#2402 = DIRECTION('',(1.,0.,0.));
#2403 = PCURVE('',#2056,#2404);
#2404 = DEFINITIONAL_REPRESENTATION('',(#2405),#2409);
#2405 = LINE('',#2406,#2407);
#2406 = CARTESIAN_POINT('',(0.,0.72));
#2407 = VECTOR('',#2408,1.);
#2408 = DIRECTION('',(1.,0.));
#2409 = ( GEOMETRIC_REPRESENTATION_CONTEXT(2) 
PARAMETRIC_REPRESENTATION_CONTEXT() REPRESENTATION_CONTEXT('2D SPACE',''
  ) );
#2410 = PCURVE('',#2030,#2411);
#2411 = DEFINITIONAL_REPRESENTATION('',(#2412),#2416);
#2412 = LINE('',#2413,#2414);
#2413 = CARTESIAN_POINT('',(-0.,0.33941125497));
#2414 = VECTOR('',#2415,1.);
#2415 = DIRECTION('',(-1.,0.));
#2416 = ( GEOMETRIC_REPRESENTATION_CONTEXT(2) 
PARAMETRIC_REPRESENTATION_CONTEXT() REPRESENTATION_CONTEXT('2D SPACE',''
  ) );
#2417 = ORIENTED_EDGE('',*,*,#2042,.F.);
#2418 = ADVANCED_FACE('',(#2419),#2030,.T.);
#2419 = FACE_BOUND('',#2420,.F.);
#2420 = EDGE_LOOP('',(#2421,#2422,#2423,#2444));
#2421 = ORIENTED_EDGE('',*,*,#2014,.F.);
#2422 = ORIENTED_EDGE('',*,*,#2118,.T.);
#2423 = ORIENTED_EDGE('',*,*,#2424,.T.);
#2424 = EDGE_CURVE('',#2074,#2375,#2425,.T.);
#2425 = SURFACE_CURVE('',#2426,(#2430,#2437),.PCURVE_S1.);
#2426 = LINE('',#2427,#2428);
#2427 = CARTESIAN_POINT('',(4.E-02,-5.76,14.68));
#2428 = VECTOR('',#2429,1.);
#2429 = DIRECTION('',(-0.57735026919,-0.57735026919,0.57735026919));
#2430 = PCURVE('',#2030,#2431);
#2431 = DEFINITIONAL_REPRESENTATION('',(#2432),#2436);
#2432 = LINE('',#2433,#2434);
#2433 = CARTESIAN_POINT('',(-0.64,0.452548339959));
#2434 = VECTOR('',#2435,1.);
#2435 = DIRECTION('',(0.57735026919,0.816496580928));
#2436 = ( GEOMETRIC_REPRESENTATION_CONTEXT(2) 
PARAMETRIC_REPRESENTATION_CONTEXT() REPRESENTATION_CONTEXT('2D SPACE',''
  ) );
#2437 = PCURVE('',#2184,#2438);
#2438 = DEFINITIONAL_REPRESENTATION('',(#2439),#2443);
#2439 = LINE('',#2440,#2441);
#2440 = CARTESIAN_POINT('',(0.64,0.452548339959));
#2441 = VECTOR('',#2442,1.);
#2442 = DIRECTION('',(-0.57735026919,0.816496580928));
#2443 = ( GEOMETRIC_REPRESENTATION_CONTEXT(2) 
PARAMETRIC_REPRESENTATION_CONTEXT() REPRESENTATION_CONTEXT('2D SPACE',''
  ) );
#2444 = ORIENTED_EDGE('',*,*,#2397,.F.);
#2445 = ADVANCED_FACE('',(#2446),#2157,.F.);
#2446 = FACE_BOUND('',#2447,.F.);
#2447 = EDGE_LOOP('',(#2448,#2449,#2450,#2451));
#2448 = ORIENTED_EDGE('',*,*,#2201,.F.);
#2449 = ORIENTED_EDGE('',*,*,#2143,.T.);
#2450 = ORIENTED_EDGE('',*,*,#2348,.T.);
#2451 = ORIENTED_EDGE('',*,*,#2298,.F.);
#2452 = ADVANCED_FACE('',(#2453),#2184,.T.);
#2453 = FACE_BOUND('',#2454,.T.);
#2454 = EDGE_LOOP('',(#2455,#2456,#2457,#2458));
#2455 = ORIENTED_EDGE('',*,*,#2250,.F.);
#2456 = ORIENTED_EDGE('',*,*,#2170,.T.);
#2457 = ORIENTED_EDGE('',*,*,#2424,.T.);
#2458 = ORIENTED_EDGE('',*,*,#2374,.F.);
#2459 = ( GEOMETRIC_REPRESENTATION_CONTEXT(3) 
GLOBAL_UNCERTAINTY_ASSIGNED_CONTEXT((#2463)) 
GLOBAL_UNIT_ASSIGNED_CONTEXT((#2460,#2461,#2462)) REPRESENTATION_CONTEXT
('Context #1','3D Context with UNIT and UNCERTAINTY') );
#2460 = ( LENGTH_UNIT() NAMED_UNIT(*) SI_UNIT(.MILLI.,.METRE.) );
#2461 = ( NAMED_UNIT(*) PLANE_ANGLE_UNIT() SI_UNIT($,.RADIAN.) );
#2462 = ( NAMED_UNIT(*) SI_UNIT($,.STERADIAN.) SOLID_ANGLE_UNIT() );
#2463 = UNCERTAINTY_MEASURE_WITH_UNIT(LENGTH_MEASURE(5.E-05),#2460,
  'distance_accuracy_value','confusion accuracy');
#2464 = SHAPE_DEFINITION_REPRESENTATION(#2465,#934);
#2465 = PRODUCT_DEFINITION_SHAPE('','',#2466);
#2466 = PRODUCT_DEFINITION('design','',#2467,#2470);
#2467 = PRODUCT_DEFINITION_FORMATION('','',#2468);
#2468 = PRODUCT('LeadsArray','LeadsArray','',(#2469));
#2469 = PRODUCT_CONTEXT('',#2,'mechanical');
#2470 = PRODUCT_DEFINITION_CONTEXT('part definition',#2,'design');
#2471 = CONTEXT_DEPENDENT_SHAPE_REPRESENTATION(#2472,#2474);
#2472 = ( REPRESENTATION_RELATIONSHIP('','',#934,#10) 
REPRESENTATION_RELATIONSHIP_WITH_TRANSFORMATION(#2473) 
SHAPE_REPRESENTATION_RELATIONSHIP() );
#2473 = ITEM_DEFINED_TRANSFORMATION('','',#11,#19);
#2474 = PRODUCT_DEFINITION_SHAPE('Placement','Placement of an item',
  #2475);
#2475 = NEXT_ASSEMBLY_USAGE_OCCURRENCE('2','=>[0:1:1:3]','',#5,#2466,$);
#2476 = PRODUCT_RELATED_PRODUCT_CATEGORY('part',$,(#2468));
#2477 = MECHANICAL_DESIGN_GEOMETRIC_PRESENTATION_REPRESENTATION('',(
    #2478,#2488),#2459);
#2478 = STYLED_ITEM('color',(#2479),#935);
#2479 = PRESENTATION_STYLE_ASSIGNMENT((#2480,#2486));
#2480 = SURFACE_STYLE_USAGE(.BOTH.,#2481);
#2481 = SURFACE_SIDE_STYLE('',(#2482));
#2482 = SURFACE_STYLE_FILL_AREA(#2483);
#2483 = FILL_AREA_STYLE('',(#2484));
#2484 = FILL_AREA_STYLE_COLOUR('',#2485);
#2485 = COLOUR_RGB('',0.73400002718,0.773000001907,0.79699999094);
#2486 = CURVE_STYLE('',#2487,POSITIVE_LENGTH_MEASURE(0.1),#2485);
#2487 = DRAUGHTING_PRE_DEFINED_CURVE_FONT('continuous');
#2488 = STYLED_ITEM('color',(#2489),#1697);
#2489 = PRESENTATION_STYLE_ASSIGNMENT((#2490,#2495));
#2490 = SURFACE_STYLE_USAGE(.BOTH.,#2491);
#2491 = SURFACE_SIDE_STYLE('',(#2492));
#2492 = SURFACE_STYLE_FILL_AREA(#2493);
#2493 = FILL_AREA_STYLE('',(#2494));
#2494 = FILL_AREA_STYLE_COLOUR('',#2485);
#2495 = CURVE_STYLE('',#2496,POSITIVE_LENGTH_MEASURE(0.1),#2485);
#2496 = DRAUGHTING_PRE_DEFINED_CURVE_FONT('continuous');
#2497 = MECHANICAL_DESIGN_GEOMETRIC_PRESENTATION_REPRESENTATION('',(
    #2498),#916);
#2498 = STYLED_ITEM('color',(#2499),#30);
#2499 = PRESENTATION_STYLE_ASSIGNMENT((#2500,#2506));
#2500 = SURFACE_STYLE_USAGE(.BOTH.,#2501);
#2501 = SURFACE_SIDE_STYLE('',(#2502));
#2502 = SURFACE_STYLE_FILL_AREA(#2503);
#2503 = FILL_AREA_STYLE('',(#2504));
#2504 = FILL_AREA_STYLE_COLOUR('',#2505);
#2505 = COLOUR_RGB('',0.300000011921,0.300000011921,0.300000011921);
#2506 = CURVE_STYLE('',#2507,POSITIVE_LENGTH_MEASURE(0.1),#2505);
#2507 = DRAUGHTING_PRE_DEFINED_CURVE_FONT('continuous');
ENDSEC;
END-ISO-10303-21;
