ISO-10303-21;
HEADER;
FILE_DESCRIPTION (( 'STEP AP214' ),
    '1' );
FILE_NAME ('ADR3440ARJZ.STEP',
    '2022-07-15T10:57:51',
    ( '' ),
    ( '' ),
    'SwSTEP 2.0',
    'SolidWorks 2018',
    '' );
FILE_SCHEMA (( 'AUTOMOTIVE_DESIGN' ));
ENDSEC;

DATA;
#1 = UNCERTAINTY_MEASURE_WITH_UNIT (LENGTH_MEASURE( 1.000000000000000082E-05 ), #747, 'distance_accuracy_value', 'NONE');
#2 = SURFACE_SIDE_STYLE ('',( #4587 ) ) ;
#3 = EDGE_CURVE ( 'NONE', #1733, #2798, #2792, .T. ) ;
#4 =( GEOMETRIC_REPRESENTATION_CONTEXT ( 3 ) GLOBAL_UNCERTAINTY_ASSIGNED_CONTEXT ( ( #2955 ) ) GLOBAL_UNIT_ASSIGNED_CONTEXT ( ( #487, #4024, #1622 ) ) REPRESENTATION_CONTEXT ( 'NONE', 'WORKASPACE' ) );
#5 = PRESENTATION_STYLE_ASSIGNMENT (( #2535 ) ) ;
#6 = CYLINDRICAL_SURFACE ( 'NONE', #3160, 0.1600000000000001976 ) ;
#7 = VECTOR ( 'NONE', #2385, 1000.000000000000114 ) ;
#8 = SURFACE_SIDE_STYLE ('',( #2174 ) ) ;
#9 =( NAMED_UNIT ( * ) PLANE_ANGLE_UNIT ( ) SI_UNIT ( $, .RADIAN. ) );
#10 = CARTESIAN_POINT ( 'NONE',  ( -0.6999999999999999556, 0.5265162164611717488, 1.073919222098603354 ) ) ;
#11 = CIRCLE ( 'NONE', #4041, 0.04999999999999998890 ) ;
#12 = STYLED_ITEM ( 'NONE', ( #3266 ), #4649 ) ;
#13 = CIRCLE ( 'NONE', #2491, 0.07999999999999998779 ) ;
#14 = ORIENTED_EDGE ( 'NONE', *, *, #622, .F. ) ;
#15 = SURFACE_SIDE_STYLE ('',( #4645 ) ) ;
#16 = CARTESIAN_POINT ( 'NONE',  ( 0.2500000000000000000, -0.07719909958904112857, 0.9860980736990658801 ) ) ;
#17 = FILL_AREA_STYLE ('',( #4059 ) ) ;
#18 = CARTESIAN_POINT ( 'NONE',  ( -0.6999999999999999556, -0.1341666666666978536, -0.8277645427156451463 ) ) ;
#19 = ORIENTED_EDGE ( 'NONE', *, *, #4454, .F. ) ;
#20 = FILL_AREA_STYLE ('',( #4900 ) ) ;
#21 = ORIENTED_EDGE ( 'NONE', *, *, #4792, .F. ) ;
#22 = LINE ( 'NONE', #2167, #1914 ) ;
#23 = VERTEX_POINT ( 'NONE', #1362 ) ;
#24 = MECHANICAL_DESIGN_GEOMETRIC_PRESENTATION_REPRESENTATION (  '', ( #186 ), #843 ) ;
#25 = FACE_OUTER_BOUND ( 'NONE', #2047, .T. ) ;
#26 = SURFACE_SIDE_STYLE ('',( #4782 ) ) ;
#27 = LINE ( 'NONE', #3409, #2359 ) ;
#28 =( NAMED_UNIT ( * ) SI_UNIT ( $, .STERADIAN. ) SOLID_ANGLE_UNIT ( ) );
#29 = EDGE_LOOP ( 'NONE', ( #4781, #1499, #3250, #4537 ) ) ;
#30 = ORIENTED_EDGE ( 'NONE', *, *, #2979, .F. ) ;
#31 = PRESENTATION_STYLE_ASSIGNMENT (( #3102 ) ) ;
#32 = DIRECTION ( 'NONE',  ( 0.000000000000000000, 1.000000000000000000, 0.000000000000000000 ) ) ;
#33 = DIRECTION ( 'NONE',  ( 0.000000000000000000, 1.487341858474000679E-16, -1.000000000000000000 ) ) ;
#34 =( NAMED_UNIT ( * ) SI_UNIT ( $, .STERADIAN. ) SOLID_ANGLE_UNIT ( ) );
#35 = VERTEX_POINT ( 'NONE', #3755 ) ;
#36 = MECHANICAL_DESIGN_GEOMETRIC_PRESENTATION_REPRESENTATION (  '', ( #751 ), #2742 ) ;
#37 = EDGE_CURVE ( 'NONE', #4565, #1733, #3400, .T. ) ;
#38 = PRESENTATION_LAYER_ASSIGNMENT (  '', '', ( #3795 ) ) ;
#39 = COLOUR_RGB ( '',0.2509803921568627416, 0.2509803921568627416, 0.2509803921568627416 ) ;
#40 = ORIENTED_EDGE ( 'NONE', *, *, #3170, .T. ) ;
#41 = PRESENTATION_STYLE_ASSIGNMENT (( #3766 ) ) ;
#42 = UNCERTAINTY_MEASURE_WITH_UNIT (LENGTH_MEASURE( 1.000000000000000082E-05 ), #349, 'distance_accuracy_value', 'NONE');
#43 = FILL_AREA_STYLE ('',( #3677 ) ) ;
#44 = AXIS2_PLACEMENT_3D ( 'NONE', #4914, #908, #2490 ) ;
#45 = CARTESIAN_POINT ( 'NONE',  ( 0.2500000000000000000, -0.1341666666666978536, -0.8277645427156450353 ) ) ;
#46 = ORIENTED_EDGE ( 'NONE', *, *, #1163, .T. ) ;
#47 = VECTOR ( 'NONE', #184, 1000.000000000000114 ) ;
#48 = EDGE_CURVE ( 'NONE', #5092, #5085, #1520, .T. ) ;
#49 = VERTEX_POINT ( 'NONE', #2145 ) ;
#50 = FACE_OUTER_BOUND ( 'NONE', #3991, .T. ) ;
#51 = PRESENTATION_LAYER_ASSIGNMENT (  '', '', ( #4915 ) ) ;
#52 =( NAMED_UNIT ( * ) PLANE_ANGLE_UNIT ( ) SI_UNIT ( $, .RADIAN. ) );
#53 = LINE ( 'NONE', #4941, #2590 ) ;
#54 = SURFACE_STYLE_USAGE ( .BOTH. , #3679 ) ;
#55 = SURFACE_SIDE_STYLE ('',( #1209 ) ) ;
#56 = PLANE ( 'NONE',  #3819 ) ;
#57 = MECHANICAL_DESIGN_GEOMETRIC_PRESENTATION_REPRESENTATION (  '', ( #3919 ), #636 ) ;
#58 = CARTESIAN_POINT ( 'NONE',  ( 1.342469145205119396, -0.5250000000000000222, -0.6924691452051197071 ) ) ;
#59 = MECHANICAL_DESIGN_GEOMETRIC_PRESENTATION_REPRESENTATION (  '', ( #2675 ), #2056 ) ;
#60 = CIRCLE ( 'NONE', #599, 0.05000000000000002359 ) ;
#61 = VECTOR ( 'NONE', #1287, 1000.000000000000000 ) ;
#62 =( GEOMETRIC_REPRESENTATION_CONTEXT ( 3 ) GLOBAL_UNCERTAINTY_ASSIGNED_CONTEXT ( ( #1588 ) ) GLOBAL_UNIT_ASSIGNED_CONTEXT ( ( #2433, #1633, #798 ) ) REPRESENTATION_CONTEXT ( 'NONE', 'WORKASPACE' ) );
#63 = UNCERTAINTY_MEASURE_WITH_UNIT (LENGTH_MEASURE( 1.000000000000000082E-05 ), #3002, 'distance_accuracy_value', 'NONE');
#64 = PRESENTATION_STYLE_ASSIGNMENT (( #954 ) ) ;
#65 = FACE_OUTER_BOUND ( 'NONE', #2253, .T. ) ;
#66 = VECTOR ( 'NONE', #3384, 1000.000000000000000 ) ;
#67 = CARTESIAN_POINT ( 'NONE',  ( 0.6999999999999999556, -0.1749999999999915512, -0.8000000000000000444 ) ) ;
#68 = EDGE_CURVE ( 'NONE', #976, #2487, #837, .T. ) ;
#69 = MECHANICAL_DESIGN_GEOMETRIC_PRESENTATION_REPRESENTATION (  '', ( #4864 ), #3564 ) ;
#70 = ORIENTED_EDGE ( 'NONE', *, *, #343, .F. ) ;
#71 = DIRECTION ( 'NONE',  ( 0.000000000000000000, 0.000000000000000000, -1.000000000000000000 ) ) ;
#72 = VECTOR ( 'NONE', #3086, 1000.000000000000114 ) ;
#73 = FILL_AREA_STYLE ('',( #4887 ) ) ;
#74 = CARTESIAN_POINT ( 'NONE',  ( -1.342469145205119396, -0.5250000000000000222, 0.6924691452051199292 ) ) ;
#75 = VERTEX_POINT ( 'NONE', #3774 ) ;
#76 = CARTESIAN_POINT ( 'NONE',  ( -1.200000000000000178, 0.6750000000000000444, -1.400000000000000133 ) ) ;
#77 = EDGE_CURVE ( 'NONE', #3218, #982, #2668, .T. ) ;
#78 = VECTOR ( 'NONE', #2988, 1000.000000000000114 ) ;
#79 = VERTEX_POINT ( 'NONE', #2182 ) ;
#80 = CARTESIAN_POINT ( 'NONE',  ( 0.2500000000000000000, -0.2141666666666977581, 0.6455263157894751691 ) ) ;
#81 = PLANE ( 'NONE',  #4659 ) ;
#82 = EDGE_LOOP ( 'NONE', ( #3305, #4200, #4761, #4747 ) ) ;
#83 = ORIENTED_EDGE ( 'NONE', *, *, #4314, .F. ) ;
#84 = CARTESIAN_POINT ( 'NONE',  ( -1.449999999999999956, -0.1750000000000311307, -0.7506473632687963304 ) ) ;
#85 = CARTESIAN_POINT ( 'NONE',  ( -1.200000000000000178, 0.5150000000000000133, 1.153085987590313888 ) ) ;
#86 = AXIS2_PLACEMENT_3D ( 'NONE', #2709, #4650, #623 ) ;
#87 = EDGE_LOOP ( 'NONE', ( #1007, #3910, #2702, #4691, #754, #3986, #1986, #4500, #4232, #591, #2553, #383, #2893 ) ) ;
#88 = VECTOR ( 'NONE', #2922, 1000.000000000000000 ) ;
#89 = STYLED_ITEM ( 'NONE', ( #438 ), #1884 ) ;
#90 =( NAMED_UNIT ( * ) SI_UNIT ( $, .STERADIAN. ) SOLID_ANGLE_UNIT ( ) );
#91 = LINE ( 'NONE', #1796, #2938 ) ;
#92 =( NAMED_UNIT ( * ) PLANE_ANGLE_UNIT ( ) SI_UNIT ( $, .RADIAN. ) );
#93 =( LENGTH_UNIT ( ) NAMED_UNIT ( * ) SI_UNIT ( .MILLI., .METRE. ) );
#94 = EDGE_CURVE ( 'NONE', #1157, #311, #4666, .T. ) ;
#95 = VERTEX_POINT ( 'NONE', #3344 ) ;
#96 = PLANE ( 'NONE',  #2453 ) ;
#97 = CARTESIAN_POINT ( 'NONE',  ( 0.6999999999999999556, -0.05416666666669783803, -0.8277645427156450353 ) ) ;
#98 = ORIENTED_EDGE ( 'NONE', *, *, #2691, .T. ) ;
#99 = FACE_OUTER_BOUND ( 'NONE', #4081, .T. ) ;
#100 = EDGE_CURVE ( 'NONE', #2100, #3251, #3640, .T. ) ;
#101 = UNCERTAINTY_MEASURE_WITH_UNIT (LENGTH_MEASURE( 1.000000000000000082E-05 ), #5109, 'distance_accuracy_value', 'NONE');
#102 = AXIS2_PLACEMENT_3D ( 'NONE', #1623, #432, #2046 ) ;
#103 = ORIENTED_EDGE ( 'NONE', *, *, #309, .T. ) ;
#104 = VECTOR ( 'NONE', #5047, 1000.000000000000114 ) ;
#105 = AXIS2_PLACEMENT_3D ( 'NONE', #223, #2219, #274 ) ;
#106 = DIRECTION ( 'NONE',  ( -1.000000000000000000, -0.000000000000000000, 0.000000000000000000 ) ) ;
#107 = ORIENTED_EDGE ( 'NONE', *, *, #4890, .T. ) ;
#108 = VECTOR ( 'NONE', #958, 1000.000000000000000 ) ;
#109 = DIRECTION ( 'NONE',  ( -1.000000000000000000, -0.000000000000000000, -0.000000000000000000 ) ) ;
#110 = CARTESIAN_POINT ( 'NONE',  ( 0.6999999999999999556, -0.06568288312786951799, 0.9069313082073551247 ) ) ;
#111 = DIRECTION ( 'NONE',  ( 0.000000000000000000, 0.1439527057646445007, 0.9895845686463778934 ) ) ;
#112 = ORIENTED_EDGE ( 'NONE', *, *, #1137, .T. ) ;
#113 = EDGE_CURVE ( 'NONE', #1976, #4305, #1402, .T. ) ;
#114 = CARTESIAN_POINT ( 'NONE',  ( -0.2500000000000000000, -0.06568288312786951799, 0.9069313082073552357 ) ) ;
#115 = ORIENTED_EDGE ( 'NONE', *, *, #1363, .T. ) ;
#116 = VECTOR ( 'NONE', #3620, 1000.000000000000000 ) ;
#117 =( NAMED_UNIT ( * ) PLANE_ANGLE_UNIT ( ) SI_UNIT ( $, .RADIAN. ) );
#118 = PRESENTATION_LAYER_ASSIGNMENT (  '', '', ( #3095 ) ) ;
#119 = LINE ( 'NONE', #4710, #4850 ) ;
#120 = DIRECTION ( 'NONE',  ( 0.08602294726405149139, 0.9925724684314050084, 0.08602294726405146363 ) ) ;
#121 = DIRECTION ( 'NONE',  ( -1.000000000000000000, -0.000000000000000000, -0.000000000000000000 ) ) ;
#122 = FILL_AREA_STYLE_COLOUR ( '', #2436 ) ;
#123 = DIRECTION ( 'NONE',  ( -1.000000000000000000, -0.000000000000000000, -0.000000000000000000 ) ) ;
#124 = PRESENTATION_LAYER_ASSIGNMENT (  '', '', ( #1556 ) ) ;
#125 = SURFACE_STYLE_FILL_AREA ( #3352 ) ;
#126 = PRESENTATION_STYLE_ASSIGNMENT (( #4929 ) ) ;
#127 = UNCERTAINTY_MEASURE_WITH_UNIT (LENGTH_MEASURE( 1.000000000000000082E-05 ), #484, 'distance_accuracy_value', 'NONE');
#128 = ADVANCED_FACE ( 'NONE', ( #3214 ), #3466, .F. ) ;
#129 = STYLED_ITEM ( 'NONE', ( #41 ), #610 ) ;
#130 =( NAMED_UNIT ( * ) SI_UNIT ( $, .STERADIAN. ) SOLID_ANGLE_UNIT ( ) );
#131 = LINE ( 'NONE', #2756, #4285 ) ;
#132 = LINE ( 'NONE', #4143, #2541 ) ;
#133 = ORIENTED_EDGE ( 'NONE', *, *, #969, .T. ) ;
#134 = CARTESIAN_POINT ( 'NONE',  ( 1.200000000000000178, 0.5950000000000001954, 1.153085987590313444 ) ) ;
#135 = PRESENTATION_LAYER_ASSIGNMENT (  '', '', ( #2409 ) ) ;
#136 = COLOUR_RGB ( '',1.000000000000000000, 1.000000000000000000, 1.000000000000000000 ) ;
#137 = SURFACE_SIDE_STYLE ('',( #2368 ) ) ;
#138 = VERTEX_POINT ( 'NONE', #686 ) ;
#139 = DIRECTION ( 'NONE',  ( 0.000000000000000000, 0.000000000000000000, -1.000000000000000000 ) ) ;
#140 = VECTOR ( 'NONE', #3321, 1000.000000000000000 ) ;
#141 = DIRECTION ( 'NONE',  ( 0.1583717986114569487, 0.9745956837628331204, 0.1583717986114570042 ) ) ;
#142 = VERTEX_POINT ( 'NONE', #3483 ) ;
#143 = EDGE_CURVE ( 'NONE', #724, #3728, #4528, .T. ) ;
#144 =( NAMED_UNIT ( * ) SI_UNIT ( $, .STERADIAN. ) SOLID_ANGLE_UNIT ( ) );
#145 = ORIENTED_EDGE ( 'NONE', *, *, #100, .T. ) ;
#146 = CARTESIAN_POINT ( 'NONE',  ( 0.2500000000000000000, 0.5150000000000000133, -1.153085987590313666 ) ) ;
#147 =( NAMED_UNIT ( * ) SI_UNIT ( $, .STERADIAN. ) SOLID_ANGLE_UNIT ( ) );
#148 = PLANE ( 'NONE',  #1260 ) ;
#149 = VERTEX_POINT ( 'NONE', #5048 ) ;
#150 = LINE ( 'NONE', #2822, #4493 ) ;
#151 = ORIENTED_EDGE ( 'NONE', *, *, #3591, .F. ) ;
#152 = DIRECTION ( 'NONE',  ( -0.1583717986114560050, 0.9745956837628338976, -0.1583717986114542009 ) ) ;
#153 = ORIENTED_EDGE ( 'NONE', *, *, #113, .F. ) ;
#154 = PRESENTATION_STYLE_ASSIGNMENT (( #2354 ) ) ;
#155 = CARTESIAN_POINT ( 'NONE',  ( 1.200000000000000178, 0.5950000000000001954, -1.153085987590313444 ) ) ;
#156 = SURFACE_STYLE_USAGE ( .BOTH. , #137 ) ;
#157 = ADVANCED_FACE ( 'NONE', ( #3513 ), #4230, .F. ) ;
#158 =( GEOMETRIC_REPRESENTATION_CONTEXT ( 3 ) GLOBAL_UNCERTAINTY_ASSIGNED_CONTEXT ( ( #3924 ) ) GLOBAL_UNIT_ASSIGNED_CONTEXT ( ( #93, #2483, #903 ) ) REPRESENTATION_CONTEXT ( 'NONE', 'WORKASPACE' ) );
#159 = ORIENTED_EDGE ( 'NONE', *, *, #820, .T. ) ;
#160 = PRESENTATION_LAYER_ASSIGNMENT (  '', '', ( #3489 ) ) ;
#161 = PRESENTATION_STYLE_ASSIGNMENT (( #483 ) ) ;
#162 = FILL_AREA_STYLE ('',( #950 ) ) ;
#163 = FILL_AREA_STYLE_COLOUR ( '', #928 ) ;
#164 = CARTESIAN_POINT ( 'NONE',  ( -0.2500000000000000000, -0.2141666666666979801, -0.8277645427156451463 ) ) ;
#165 =( NAMED_UNIT ( * ) PLANE_ANGLE_UNIT ( ) SI_UNIT ( $, .RADIAN. ) );
#166 =( GEOMETRIC_REPRESENTATION_CONTEXT ( 3 ) GLOBAL_UNCERTAINTY_ASSIGNED_CONTEXT ( ( #1143 ) ) GLOBAL_UNIT_ASSIGNED_CONTEXT ( ( #4742, #1097, #287 ) ) REPRESENTATION_CONTEXT ( 'NONE', 'WORKASPACE' ) );
#167 = ORIENTED_EDGE ( 'NONE', *, *, #546, .F. ) ;
#168 = SURFACE_SIDE_STYLE ('',( #4667 ) ) ;
#169 = CARTESIAN_POINT ( 'NONE',  ( 1.200000000000000178, 0.5950000000000000844, -1.399999999999999689 ) ) ;
#170 = SURFACE_SIDE_STYLE ('',( #3309 ) ) ;
#171 = EDGE_CURVE ( 'NONE', #1061, #1798, #1464, .T. ) ;
#172 = ORIENTED_EDGE ( 'NONE', *, *, #1806, .F. ) ;
#173 = LINE ( 'NONE', #3027, #47 ) ;
#174 = AXIS2_PLACEMENT_3D ( 'NONE', #4655, #1801, #3772 ) ;
#175 = PLANE ( 'NONE',  #2583 ) ;
#176 = VERTEX_POINT ( 'NONE', #3060 ) ;
#177 = DIRECTION ( 'NONE',  ( 0.000000000000000000, 0.000000000000000000, -1.000000000000000000 ) ) ;
#178 = EDGE_CURVE ( 'NONE', #2811, #1598, #4215, .T. ) ;
#179 = STYLED_ITEM ( 'NONE', ( #64 ), #4647 ) ;
#180 =( LENGTH_UNIT ( ) NAMED_UNIT ( * ) SI_UNIT ( .MILLI., .METRE. ) );
#181 = COLOUR_RGB ( '',1.000000000000000000, 1.000000000000000000, 1.000000000000000000 ) ;
#182 = PLANE ( 'NONE',  #4886 ) ;
#183 = ADVANCED_FACE ( 'NONE', ( #372 ), #1707, .T. ) ;
#184 = DIRECTION ( 'NONE',  ( -0.000000000000000000, 0.9870527346239436062, -0.1603960693763873402 ) ) ;
#185 = FACE_OUTER_BOUND ( 'NONE', #1051, .T. ) ;
#186 = STYLED_ITEM ( 'NONE', ( #1046 ), #993 ) ;
#187 = AXIS2_PLACEMENT_3D ( 'NONE', #4002, #3189, #2037 ) ;
#188 = CARTESIAN_POINT ( 'NONE',  ( 1.200000000000000178, -0.07719909958904112857, 0.9860980736990656581 ) ) ;
#189 = EDGE_CURVE ( 'NONE', #3488, #3079, #2786, .T. ) ;
#190 = PRESENTATION_STYLE_ASSIGNMENT (( #828 ) ) ;
#191 = UNCERTAINTY_MEASURE_WITH_UNIT (LENGTH_MEASURE( 1.000000000000000082E-05 ), #4330, 'distance_accuracy_value', 'NONE');
#192 = EDGE_LOOP ( 'NONE', ( #3122, #2809, #2097, #3442, #771, #4435, #2585, #2303, #264, #4629, #334, #4188, #422 ) ) ;
#193 = CARTESIAN_POINT ( 'NONE',  ( 1.200000000000000178, 0.5265162164611717488, 1.073919222098602910 ) ) ;
#194 = CARTESIAN_POINT ( 'NONE',  ( 0.6999999999999999556, 0.5950000000000001954, 1.153085987590313444 ) ) ;
#195 = AXIS2_PLACEMENT_3D ( 'NONE', #4609, #1006, #984 ) ;
#196 = VECTOR ( 'NONE', #662, 1000.000000000000000 ) ;
#197 = EDGE_CURVE ( 'NONE', #1056, #4321, #245, .T. ) ;
#198 = STYLED_ITEM ( 'NONE', ( #219 ), #5132 ) ;
#199 = EDGE_LOOP ( 'NONE', ( #848, #3547, #822, #202, #4731, #2618, #2875, #2859, #4776, #1175, #4451, #4165, #1908 ) ) ;
#200 = DIRECTION ( 'NONE',  ( -1.000000000000000000, -0.000000000000000000, 0.000000000000000000 ) ) ;
#201 =( NAMED_UNIT ( * ) PLANE_ANGLE_UNIT ( ) SI_UNIT ( $, .RADIAN. ) );
#202 = ORIENTED_EDGE ( 'NONE', *, *, #363, .T. ) ;
#203 = DIRECTION ( 'NONE',  ( -1.000000000000000000, -0.000000000000000000, 0.000000000000000000 ) ) ;
#204 = AXIS2_PLACEMENT_3D ( 'NONE', #4003, #2107, #4969 ) ;
#205 = LINE ( 'NONE', #3902, #2621 ) ;
#206 = SURFACE_SIDE_STYLE ('',( #3541 ) ) ;
#207 = ADVANCED_FACE ( 'NONE', ( #5240 ), #1566, .F. ) ;
#208 = VERTEX_POINT ( 'NONE', #3511 ) ;
#209 = LINE ( 'NONE', #1011, #1049 ) ;
#210 = ORIENTED_EDGE ( 'NONE', *, *, #3840, .F. ) ;
#211 = DIRECTION ( 'NONE',  ( 0.000000000000000000, -1.487341858474000679E-16, -1.000000000000000000 ) ) ;
#212 = EDGE_CURVE ( 'NONE', #3488, #2356, #5111, .T. ) ;
#213 = SPHERICAL_SURFACE ( 'NONE', #2148, 0.05000000000000000278 ) ;
#214 = DIRECTION ( 'NONE',  ( -1.000000000000000000, 0.000000000000000000, -0.000000000000000000 ) ) ;
#215 = EDGE_LOOP ( 'NONE', ( #4546, #5153, #2891, #2696 ) ) ;
#216 = CARTESIAN_POINT ( 'NONE',  ( -0.6999999999999999556, 0.5380324329223433732, 0.9947524566068933760 ) ) ;
#217 = SURFACE_STYLE_USAGE ( .BOTH. , #2234 ) ;
#218 = CARTESIAN_POINT ( 'NONE',  ( 0.2500000000000000000, 0.6750000000000000444, -1.153085987590313666 ) ) ;
#219 = PRESENTATION_STYLE_ASSIGNMENT (( #1256 ) ) ;
#220 = ORIENTED_EDGE ( 'NONE', *, *, #3637, .T. ) ;
#221 = PRESENTATION_LAYER_ASSIGNMENT (  '', '', ( #4816 ) ) ;
#222 = DIRECTION ( 'NONE',  ( 0.000000000000000000, -0.000000000000000000, 1.000000000000000000 ) ) ;
#223 = CARTESIAN_POINT ( 'NONE',  ( 0.2500000000000000000, 0.6750000000000000444, 1.153085987590313666 ) ) ;
#224 = ORIENTED_EDGE ( 'NONE', *, *, #1702, .F. ) ;
#225 =( BOUNDED_CURVE ( )  B_SPLINE_CURVE ( 3, ( #2098, #506, #3298, #84 ),
 .UNSPECIFIED., .F., .T. ) 
 B_SPLINE_CURVE_WITH_KNOTS ( ( 4, 4 ),
 ( 2.369080204567851844, 3.914105102611736609 ),
 .UNSPECIFIED. ) 
 CURVE ( )  GEOMETRIC_REPRESENTATION_ITEM ( )  RATIONAL_B_SPLINE_CURVE ( ( 1.000000000000000000, 0.8107729341887252028, 0.8107729341887252028, 1.000000000000000000 ) ) 
 REPRESENTATION_ITEM ( '' )  );
#226 = CARTESIAN_POINT ( 'NONE',  ( 1.400186726540876281, -0.1750000000000308253, 0.8000000000000000444 ) ) ;
#227 = MECHANICAL_DESIGN_GEOMETRIC_PRESENTATION_REPRESENTATION (  '', ( #3814 ), #2973 ) ;
#228 = VERTEX_POINT ( 'NONE', #341 ) ;
#229 = FACE_OUTER_BOUND ( 'NONE', #3005, .T. ) ;
#230 = SURFACE_SIDE_STYLE ('',( #2306 ) ) ;
#231 = CARTESIAN_POINT ( 'NONE',  ( -0.6999999999999999556, -0.07719909958904112857, 0.9860980736990661022 ) ) ;
#232 = STYLED_ITEM ( 'NONE', ( #161 ), #583 ) ;
#233 = ORIENTED_EDGE ( 'NONE', *, *, #2001, .T. ) ;
#234 = ADVANCED_FACE ( 'NONE', ( #1962 ), #777, .F. ) ;
#235 =( NAMED_UNIT ( * ) PLANE_ANGLE_UNIT ( ) SI_UNIT ( $, .RADIAN. ) );
#236 = DIRECTION ( 'NONE',  ( 0.000000000000000000, 0.000000000000000000, -1.000000000000000000 ) ) ;
#237 = SURFACE_STYLE_USAGE ( .BOTH. , #1436 ) ;
#238 = ORIENTED_EDGE ( 'NONE', *, *, #1806, .T. ) ;
#239 = SURFACE_SIDE_STYLE ('',( #3842 ) ) ;
#240 = DIRECTION ( 'NONE',  ( 1.000000000000000000, -0.000000000000000000, -0.000000000000000000 ) ) ;
#241 = LINE ( 'NONE', #4318, #1515 ) ;
#242 = EDGE_CURVE ( 'NONE', #982, #2929, #3950, .T. ) ;
#243 =( NAMED_UNIT ( * ) SI_UNIT ( $, .STERADIAN. ) SOLID_ANGLE_UNIT ( ) );
#244 = CARTESIAN_POINT ( 'NONE',  ( -1.339145906842450273, 0.5250000000000000222, 0.6891459068424505841 ) ) ;
#245 = LINE ( 'NONE', #4264, #3454 ) ;
#246 = FACE_OUTER_BOUND ( 'NONE', #4251, .T. ) ;
#247 = FILL_AREA_STYLE_COLOUR ( '', #4078 ) ;
#248 = DIRECTION ( 'NONE',  ( 0.000000000000000000, 0.9895845686463776714, -0.1439527057646453889 ) ) ;
#249 = LINE ( 'NONE', #3723, #61 ) ;
#250 = ORIENTED_EDGE ( 'NONE', *, *, #5141, .F. ) ;
#251 = LINE ( 'NONE', #1206, #7 ) ;
#252 =( GEOMETRIC_REPRESENTATION_CONTEXT ( 3 ) GLOBAL_UNCERTAINTY_ASSIGNED_CONTEXT ( ( #3993 ) ) GLOBAL_UNIT_ASSIGNED_CONTEXT ( ( #4218, #3354, #3428 ) ) REPRESENTATION_CONTEXT ( 'NONE', 'WORKASPACE' ) );
#253 = SURFACE_STYLE_USAGE ( .BOTH. , #2690 ) ;
#254 = MECHANICAL_DESIGN_GEOMETRIC_PRESENTATION_REPRESENTATION (  '', ( #291 ), #2188 ) ;
#255 = COLOUR_RGB ( '',1.000000000000000000, 1.000000000000000000, 1.000000000000000000 ) ;
#256 = UNCERTAINTY_MEASURE_WITH_UNIT (LENGTH_MEASURE( 1.000000000000000082E-05 ), #4416, 'distance_accuracy_value', 'NONE');
#257 = CARTESIAN_POINT ( 'NONE',  ( -0.6999999999999999556, 0.5950000000000001954, -1.153085987590313888 ) ) ;
#258 = ADVANCED_FACE ( 'NONE', ( #4790 ), #4656, .F. ) ;
#259 = ORIENTED_EDGE ( 'NONE', *, *, #3240, .F. ) ;
#260 = EDGE_CURVE ( 'NONE', #1076, #4305, #366, .T. ) ;
#261 = PRESENTATION_STYLE_ASSIGNMENT (( #5002 ) ) ;
#262 = DIRECTION ( 'NONE',  ( -0.000000000000000000, -1.000000000000000000, -0.000000000000000000 ) ) ;
#263 = VECTOR ( 'NONE', #2636, 1000.000000000000000 ) ;
#264 = ORIENTED_EDGE ( 'NONE', *, *, #260, .F. ) ;
#265 = EDGE_CURVE ( 'NONE', #5127, #4945, #241, .T. ) ;
#266 =( GEOMETRIC_REPRESENTATION_CONTEXT ( 3 ) GLOBAL_UNCERTAINTY_ASSIGNED_CONTEXT ( ( #3042 ) ) GLOBAL_UNIT_ASSIGNED_CONTEXT ( ( #3626, #3639, #34 ) ) REPRESENTATION_CONTEXT ( 'NONE', 'WORKASPACE' ) );
#267 = FILL_AREA_STYLE ('',( #247 ) ) ;
#268 = DIRECTION ( 'NONE',  ( 0.000000000000000000, 1.000000000000000000, -4.391011113158564976E-16 ) ) ;
#269 = ORIENTED_EDGE ( 'NONE', *, *, #1930, .F. ) ;
#270 = ORIENTED_EDGE ( 'NONE', *, *, #2364, .T. ) ;
#271 = PRESENTATION_STYLE_ASSIGNMENT (( #4646 ) ) ;
#272 = VERTEX_POINT ( 'NONE', #3145 ) ;
#273 = ORIENTED_EDGE ( 'NONE', *, *, #661, .T. ) ;
#274 = DIRECTION ( 'NONE',  ( 0.000000000000000000, -0.000000000000000000, -1.000000000000000000 ) ) ;
#275 = MECHANICAL_DESIGN_GEOMETRIC_PRESENTATION_REPRESENTATION (  '', ( #1099 ), #834 ) ;
#276 = VECTOR ( 'NONE', #278, 1000.000000000000000 ) ;
#277 = ORIENTED_EDGE ( 'NONE', *, *, #1466, .T. ) ;
#278 = DIRECTION ( 'NONE',  ( 0.000000000000000000, 2.974683716947999386E-16, 1.000000000000000000 ) ) ;
#279 = CARTESIAN_POINT ( 'NONE',  ( 1.400647363268796353, -0.1750000000000311307, -0.8000000000000001554 ) ) ;
#280 = VECTOR ( 'NONE', #3833, 1000.000000000000000 ) ;
#281 = EDGE_LOOP ( 'NONE', ( #681, #4746, #1241, #1879 ) ) ;
#282 = FACE_OUTER_BOUND ( 'NONE', #2748, .T. ) ;
#283 = ADVANCED_FACE ( 'NONE', ( #3943 ), #3532, .F. ) ;
#284 =( NAMED_UNIT ( * ) PLANE_ANGLE_UNIT ( ) SI_UNIT ( $, .RADIAN. ) );
#285 = DIRECTION ( 'NONE',  ( 1.000000000000000000, 0.000000000000000000, -0.000000000000000000 ) ) ;
#286 =( NAMED_UNIT ( * ) PLANE_ANGLE_UNIT ( ) SI_UNIT ( $, .RADIAN. ) );
#287 =( NAMED_UNIT ( * ) SI_UNIT ( $, .STERADIAN. ) SOLID_ANGLE_UNIT ( ) );
#288 = PRESENTATION_LAYER_ASSIGNMENT (  '', '', ( #2733 ) ) ;
#289 = EDGE_LOOP ( 'NONE', ( #1995, #115, #1668, #1802 ) ) ;
#290 = UNCERTAINTY_MEASURE_WITH_UNIT (LENGTH_MEASURE( 1.000000000000000082E-05 ), #2006, 'distance_accuracy_value', 'NONE');
#291 = STYLED_ITEM ( 'NONE', ( #1038 ), #1758 ) ;
#292 = DIRECTION ( 'NONE',  ( 1.000000000000000000, -1.540743955509788340E-33, -1.495451272393799542E-16 ) ) ;
#293 = EDGE_LOOP ( 'NONE', ( #477, #3608, #3061, #2735 ) ) ;
#294 = DIRECTION ( 'NONE',  ( 0.1583717986114560050, 0.9745956837628338976, 0.1583717986114542009 ) ) ;
#295 =( GEOMETRIC_REPRESENTATION_CONTEXT ( 3 ) GLOBAL_UNCERTAINTY_ASSIGNED_CONTEXT ( ( #2663 ) ) GLOBAL_UNIT_ASSIGNED_CONTEXT ( ( #4724, #286, #3916 ) ) REPRESENTATION_CONTEXT ( 'NONE', 'WORKASPACE' ) );
#296 =( NAMED_UNIT ( * ) SI_UNIT ( $, .STERADIAN. ) SOLID_ANGLE_UNIT ( ) );
#297 = EDGE_CURVE ( 'NONE', #802, #3725, #4521, .T. ) ;
#298 = VERTEX_POINT ( 'NONE', #10 ) ;
#299 = COLOUR_RGB ( '',0.2509803921568627416, 0.2509803921568627416, 0.2509803921568627416 ) ;
#300 = CARTESIAN_POINT ( 'NONE',  ( 0.2500000000000000000, -0.05416666666669783803, 0.8277645427156451463 ) ) ;
#301 =( NAMED_UNIT ( * ) PLANE_ANGLE_UNIT ( ) SI_UNIT ( $, .RADIAN. ) );
#302 = DIRECTION ( 'NONE',  ( -0.000000000000000000, 0.9870527346239436062, -0.1603960693763873402 ) ) ;
#303 = VECTOR ( 'NONE', #4386, 1000.000000000000000 ) ;
#304 = DIRECTION ( 'NONE',  ( -1.000000000000000000, -0.000000000000000000, -0.000000000000000000 ) ) ;
#305 = LINE ( 'NONE', #45, #4852 ) ;
#306 = CARTESIAN_POINT ( 'NONE',  ( 1.449999999999999956, -0.1750000000000311307, 0.7501867265408768137 ) ) ;
#307 =( NAMED_UNIT ( * ) PLANE_ANGLE_UNIT ( ) SI_UNIT ( $, .RADIAN. ) );
#308 = ADVANCED_FACE ( 'NONE', ( #1838 ), #3450, .T. ) ;
#309 = EDGE_CURVE ( 'NONE', #3022, #395, #3319, .T. ) ;
#310 = FACE_OUTER_BOUND ( 'NONE', #1115, .T. ) ;
#311 = VERTEX_POINT ( 'NONE', #5231 ) ;
#312 = LINE ( 'NONE', #836, #2084 ) ;
#313 = CARTESIAN_POINT ( 'NONE',  ( -1.200000000000000178, -0.05416666666669788660, 0.8277645427156451463 ) ) ;
#314 = VECTOR ( 'NONE', #3318, 1000.000000000000000 ) ;
#315 = SURFACE_STYLE_USAGE ( .BOTH. , #4759 ) ;
#316 = COLOUR_RGB ( '',1.000000000000000000, 1.000000000000000000, 1.000000000000000000 ) ;
#317 = MECHANICAL_DESIGN_GEOMETRIC_PRESENTATION_REPRESENTATION (  '', ( #3913 ), #1422 ) ;
#318 = CYLINDRICAL_SURFACE ( 'NONE', #2447, 0.04999999999999998890 ) ;
#319 = ORIENTED_EDGE ( 'NONE', *, *, #4220, .T. ) ;
#320 = DIRECTION ( 'NONE',  ( 0.000000000000000000, 1.000000000000000000, -4.391011113158564976E-16 ) ) ;
#321 =( NAMED_UNIT ( * ) SI_UNIT ( $, .STERADIAN. ) SOLID_ANGLE_UNIT ( ) );
#322 = VECTOR ( 'NONE', #4748, 1000.000000000000000 ) ;
#323 = VECTOR ( 'NONE', #2318, 1000.000000000000000 ) ;
#324 = EDGE_LOOP ( 'NONE', ( #1336, #2757, #3229, #3127 ) ) ;
#325 = PRESENTATION_LAYER_ASSIGNMENT (  '', '', ( #1426 ) ) ;
#326 = CARTESIAN_POINT ( 'NONE',  ( 0.6999999999999999556, 0.5950000000000000844, 1.399999999999999689 ) ) ;
#327 = AXIS2_PLACEMENT_3D ( 'NONE', #3243, #2067, #2103 ) ;
#328 = CARTESIAN_POINT ( 'NONE',  ( -0.6999999999999999556, 0.5150000000000000133, -1.153085987590313888 ) ) ;
#329 = ORIENTED_EDGE ( 'NONE', *, *, #4908, .T. ) ;
#330 = PRESENTATION_LAYER_ASSIGNMENT (  '', '', ( #5207 ) ) ;
#331 = CARTESIAN_POINT ( 'NONE',  ( -1.449999999999999956, -0.1750000000000311307, 0.7501867265408770358 ) ) ;
#332 = CIRCLE ( 'NONE', #816, 0.04999999999999991257 ) ;
#333 = EDGE_LOOP ( 'NONE', ( #1130, #2485, #4673, #4085 ) ) ;
#334 = ORIENTED_EDGE ( 'NONE', *, *, #2087, .F. ) ;
#335 = EDGE_CURVE ( 'NONE', #3739, #1366, #2335, .T. ) ;
#336 = STYLED_ITEM ( 'NONE', ( #154 ), #3782 ) ;
#337 = FACE_OUTER_BOUND ( 'NONE', #4768, .T. ) ;
#338 = SURFACE_STYLE_USAGE ( .BOTH. , #2410 ) ;
#339 = PLANE ( 'NONE',  #2439 ) ;
#340 = FILL_AREA_STYLE ('',( #5180 ) ) ;
#341 = CARTESIAN_POINT ( 'NONE',  ( 0.2500000000000000000, -0.07719909958904112857, 0.9860980736990658801 ) ) ;
#342 = ORIENTED_EDGE ( 'NONE', *, *, #2208, .F. ) ;
#343 = EDGE_CURVE ( 'NONE', #5195, #3245, #4333, .T. ) ;
#344 = FILL_AREA_STYLE_COLOUR ( '', #1712 ) ;
#345 = ORIENTED_EDGE ( 'NONE', *, *, #745, .T. ) ;
#346 = EDGE_LOOP ( 'NONE', ( #2111, #407, #2625, #2263 ) ) ;
#347 = LINE ( 'NONE', #2444, #1311 ) ;
#348 = CARTESIAN_POINT ( 'NONE',  ( -1.342469145205119396, -0.5250000000000000222, 0.6924691452051199292 ) ) ;
#349 =( LENGTH_UNIT ( ) NAMED_UNIT ( * ) SI_UNIT ( .MILLI., .METRE. ) );
#350 = ORIENTED_EDGE ( 'NONE', *, *, #871, .F. ) ;
#351 = DIRECTION ( 'NONE',  ( 0.000000000000000000, 0.9895845686463776714, -0.1439527057646453889 ) ) ;
#352 = CARTESIAN_POINT ( 'NONE',  ( -0.6999999999999999556, -0.05416666666669783803, 0.8277645427156452573 ) ) ;
#353 =( NAMED_UNIT ( * ) SI_UNIT ( $, .STERADIAN. ) SOLID_ANGLE_UNIT ( ) );
#354 = PRESENTATION_LAYER_ASSIGNMENT (  '', '', ( #3349 ) ) ;
#355 =( GEOMETRIC_REPRESENTATION_CONTEXT ( 3 ) GLOBAL_UNCERTAINTY_ASSIGNED_CONTEXT ( ( #4322 ) ) GLOBAL_UNIT_ASSIGNED_CONTEXT ( ( #1679, #864, #437 ) ) REPRESENTATION_CONTEXT ( 'NONE', 'WORKASPACE' ) );
#356 = ORIENTED_EDGE ( 'NONE', *, *, #1171, .T. ) ;
#357 = SURFACE_STYLE_FILL_AREA ( #3611 ) ;
#358 = DIRECTION ( 'NONE',  ( -1.000000000000000000, -0.000000000000000000, 0.000000000000000000 ) ) ;
#359 = EDGE_CURVE ( 'NONE', #2929, #2885, #761, .T. ) ;
#360 = CARTESIAN_POINT ( 'NONE',  ( -0.6999999999999999556, 0.5950000000000001954, 1.153085987590313888 ) ) ;
#361 = DIRECTION ( 'NONE',  ( 0.000000000000000000, 0.000000000000000000, -1.000000000000000000 ) ) ;
#362 = ORIENTED_EDGE ( 'NONE', *, *, #573, .T. ) ;
#363 = EDGE_CURVE ( 'NONE', #4813, #929, #2206, .T. ) ;
#364 = AXIS2_PLACEMENT_3D ( 'NONE', #1135, #3166, #361 ) ;
#365 = DIRECTION ( 'NONE',  ( 0.000000000000000000, -4.391011113158564976E-16, 1.000000000000000000 ) ) ;
#366 = LINE ( 'NONE', #1513, #4720 ) ;
#367 = LINE ( 'NONE', #3222, #1703 ) ;
#368 = CARTESIAN_POINT ( 'NONE',  ( -1.325306414920533804, 0.6846864452528879097, -0.6753064149205336708 ) ) ;
#369 = CARTESIAN_POINT ( 'NONE',  ( 1.449999999999999956, -0.1750000000000311307, 0.7506473632687966635 ) ) ;
#370 =( NAMED_UNIT ( * ) PLANE_ANGLE_UNIT ( ) SI_UNIT ( $, .RADIAN. ) );
#371 = FILL_AREA_STYLE_COLOUR ( '', #1021 ) ;
#372 = FACE_OUTER_BOUND ( 'NONE', #4823, .T. ) ;
#373 = CIRCLE ( 'NONE', #2402, 0.1599999999999999756 ) ;
#374 = STYLED_ITEM ( 'NONE', ( #1269 ), #4585 ) ;
#375 = FILL_AREA_STYLE_COLOUR ( '', #3034 ) ;
#376 =( LENGTH_UNIT ( ) NAMED_UNIT ( * ) SI_UNIT ( .MILLI., .METRE. ) );
#377 = SURFACE_STYLE_FILL_AREA ( #3798 ) ;
#378 = VECTOR ( 'NONE', #3058, 1000.000000000000000 ) ;
#379 =( NAMED_UNIT ( * ) PLANE_ANGLE_UNIT ( ) SI_UNIT ( $, .RADIAN. ) );
#380 = SURFACE_STYLE_FILL_AREA ( #17 ) ;
#381 = EDGE_CURVE ( 'NONE', #741, #4925, #628, .T. ) ;
#382 = VECTOR ( 'NONE', #3909, 1000.000000000000000 ) ;
#383 = ORIENTED_EDGE ( 'NONE', *, *, #4856, .F. ) ;
#384 = FILL_AREA_STYLE ('',( #4794 ) ) ;
#385 = STYLED_ITEM ( 'NONE', ( #4099 ), #940 ) ;
#386 = STYLED_ITEM ( 'NONE', ( #4721 ), #3089 ) ;
#387 = FILL_AREA_STYLE_COLOUR ( '', #4692 ) ;
#388 = SURFACE_STYLE_USAGE ( .BOTH. , #2782 ) ;
#389 = CARTESIAN_POINT ( 'NONE',  ( -0.6999999999999999556, 0.5380324329223433732, -0.9947524566068933760 ) ) ;
#390 = VERTEX_POINT ( 'NONE', #2413 ) ;
#391 = CARTESIAN_POINT ( 'NONE',  ( 1.449999999999999956, -0.1750000000000311307, -0.8000000000000001554 ) ) ;
#392 = DIRECTION ( 'NONE',  ( 0.000000000000000000, 0.000000000000000000, -1.000000000000000000 ) ) ;
#393 = ORIENTED_EDGE ( 'NONE', *, *, #1777, .T. ) ;
#394 = LINE ( 'NONE', #193, #2747 ) ;
#395 = VERTEX_POINT ( 'NONE', #4402 ) ;
#396 = DIRECTION ( 'NONE',  ( 0.000000000000000000, -0.000000000000000000, 1.000000000000000000 ) ) ;
#397 = FILL_AREA_STYLE ('',( #2420 ) ) ;
#398 =( GEOMETRIC_REPRESENTATION_CONTEXT ( 3 ) GLOBAL_UNCERTAINTY_ASSIGNED_CONTEXT ( ( #450 ) ) GLOBAL_UNIT_ASSIGNED_CONTEXT ( ( #561, #2236, #1050 ) ) REPRESENTATION_CONTEXT ( 'NONE', 'WORKASPACE' ) );
#399 =( NAMED_UNIT ( * ) SI_UNIT ( $, .STERADIAN. ) SOLID_ANGLE_UNIT ( ) );
#400 = LINE ( 'NONE', #3578, #3477 ) ;
#401 = MECHANICAL_DESIGN_GEOMETRIC_PRESENTATION_REPRESENTATION (  '', ( #1254 ), #3724 ) ;
#402 = VERTEX_POINT ( 'NONE', #4037 ) ;
#403 = CIRCLE ( 'NONE', #3802, 0.1599999999999999756 ) ;
#404 = ORIENTED_EDGE ( 'NONE', *, *, #2372, .T. ) ;
#405 = DIRECTION ( 'NONE',  ( 0.000000000000000000, 0.000000000000000000, 1.000000000000000000 ) ) ;
#406 = CARTESIAN_POINT ( 'NONE',  ( 1.451237844405991462, -0.1673824959631194931, 0.7518852076747946089 ) ) ;
#407 = ORIENTED_EDGE ( 'NONE', *, *, #3931, .F. ) ;
#408 = FACE_OUTER_BOUND ( 'NONE', #748, .T. ) ;
#409 = AXIS2_PLACEMENT_3D ( 'NONE', #497, #2022, #4836 ) ;
#410 = FILL_AREA_STYLE ('',( #2800 ) ) ;
#411 = CARTESIAN_POINT ( 'NONE',  ( -0.6999999999999999556, -0.2141666666666977581, -0.6455263157894752801 ) ) ;
#412 = AXIS2_PLACEMENT_3D ( 'NONE', #4061, #3154, #3221 ) ;
#413 = CARTESIAN_POINT ( 'NONE',  ( 1.200000000000000178, 0.6750000000000000444, -1.153085987590313444 ) ) ;
#414 =( LENGTH_UNIT ( ) NAMED_UNIT ( * ) SI_UNIT ( .MILLI., .METRE. ) );
#415 = PRESENTATION_STYLE_ASSIGNMENT (( #1537 ) ) ;
#416 = ORIENTED_EDGE ( 'NONE', *, *, #4896, .F. ) ;
#417 = FILL_AREA_STYLE_COLOUR ( '', #2320 ) ;
#418 = EDGE_CURVE ( 'NONE', #3775, #2100, #1701, .T. ) ;
#419 = SURFACE_SIDE_STYLE ('',( #4924 ) ) ;
#420 = DIRECTION ( 'NONE',  ( -1.000000000000000000, -4.033862073541320480E-33, 1.495451272393799296E-16 ) ) ;
#421 = PLANE ( 'NONE',  #2850 ) ;
#422 = ORIENTED_EDGE ( 'NONE', *, *, #859, .F. ) ;
#423 = VECTOR ( 'NONE', #1531, 1000.000000000000000 ) ;
#424 = VERTEX_POINT ( 'NONE', #815 ) ;
#425 = ORIENTED_EDGE ( 'NONE', *, *, #335, .F. ) ;
#426 = AXIS2_PLACEMENT_3D ( 'NONE', #1283, #123, #2520 ) ;
#427 = MECHANICAL_DESIGN_GEOMETRIC_PRESENTATION_REPRESENTATION (  '', ( #883 ), #2150 ) ;
#428 =( LENGTH_UNIT ( ) NAMED_UNIT ( * ) SI_UNIT ( .MILLI., .METRE. ) );
#429 = FACE_OUTER_BOUND ( 'NONE', #3242, .T. ) ;
#430 = MECHANICAL_DESIGN_GEOMETRIC_PRESENTATION_REPRESENTATION (  '', ( #5105 ), #166 ) ;
#431 = CARTESIAN_POINT ( 'NONE',  ( -0.6999999999999999556, 0.6750000000000000444, 1.153085987590313888 ) ) ;
#432 = DIRECTION ( 'NONE',  ( -1.000000000000000000, -0.000000000000000000, -0.000000000000000000 ) ) ;
#433 = PRESENTATION_STYLE_ASSIGNMENT (( #1248 ) ) ;
#434 = VECTOR ( 'NONE', #4566, 1000.000000000000227 ) ;
#435 = CIRCLE ( 'NONE', #4736, 0.05000000000000002359 ) ;
#436 = EDGE_CURVE ( 'NONE', #3595, #3245, #3693, .T. ) ;
#437 =( NAMED_UNIT ( * ) SI_UNIT ( $, .STERADIAN. ) SOLID_ANGLE_UNIT ( ) );
#438 = PRESENTATION_STYLE_ASSIGNMENT (( #2475 ) ) ;
#439 = VECTOR ( 'NONE', #2181, 1000.000000000000000 ) ;
#440 = COLOUR_RGB ( '',1.000000000000000000, 1.000000000000000000, 1.000000000000000000 ) ;
#441 = DIRECTION ( 'NONE',  ( -1.301042606982604690E-14, 0.000000000000000000, 1.000000000000000000 ) ) ;
#442 = EDGE_CURVE ( 'NONE', #1157, #402, #702, .T. ) ;
#443 = FACE_OUTER_BOUND ( 'NONE', #2646, .T. ) ;
#444 = MECHANICAL_DESIGN_GEOMETRIC_PRESENTATION_REPRESENTATION (  '', ( #728 ), #3609 ) ;
#445 = PRESENTATION_STYLE_ASSIGNMENT (( #1151 ) ) ;
#446 = ORIENTED_EDGE ( 'NONE', *, *, #1461, .T. ) ;
#447 = CARTESIAN_POINT ( 'NONE',  ( -0.2500000000000000000, -0.07719909958904112857, -0.9860980736990658801 ) ) ;
#448 = DIRECTION ( 'NONE',  ( 1.000000000000000000, 0.000000000000000000, -1.495451272393799296E-16 ) ) ;
#449 = DIRECTION ( 'NONE',  ( -1.000000000000000000, 0.000000000000000000, 1.121588454295349780E-16 ) ) ;
#450 = UNCERTAINTY_MEASURE_WITH_UNIT (LENGTH_MEASURE( 1.000000000000000082E-05 ), #561, 'distance_accuracy_value', 'NONE');
#451 = ORIENTED_EDGE ( 'NONE', *, *, #1831, .F. ) ;
#452 = PRESENTATION_STYLE_ASSIGNMENT (( #4557 ) ) ;
#453 = CARTESIAN_POINT ( 'NONE',  ( -0.6999999999999999556, -0.2141666666666979801, 0.8277645427156452573 ) ) ;
#454 = SURFACE_STYLE_FILL_AREA ( #2599 ) ;
#455 = VERTEX_POINT ( 'NONE', #2025 ) ;
#456 = PRESENTATION_LAYER_ASSIGNMENT (  '', '', ( #385 ) ) ;
#457 = AXIS2_PLACEMENT_3D ( 'NONE', #2819, #2393, #809 ) ;
#458 = SURFACE_SIDE_STYLE ('',( #1636 ) ) ;
#459 = CIRCLE ( 'NONE', #1344, 0.05000000000000002359 ) ;
#460 = FILL_AREA_STYLE_COLOUR ( '', #4336 ) ;
#461 = FILL_AREA_STYLE_COLOUR ( '', #1062 ) ;
#462 = ORIENTED_EDGE ( 'NONE', *, *, #4446, .F. ) ;
#463 = VECTOR ( 'NONE', #4066, 1000.000000000000000 ) ;
#464 = VERTEX_POINT ( 'NONE', #3206 ) ;
#465 = CARTESIAN_POINT ( 'NONE',  ( 1.339145906842450273, 0.5749999999999999556, -0.6891459068424503620 ) ) ;
#466 = EDGE_CURVE ( 'NONE', #49, #3022, #2464, .T. ) ;
#467 = VECTOR ( 'NONE', #1497, 1000.000000000000000 ) ;
#468 = CARTESIAN_POINT ( 'NONE',  ( 1.200000000000000178, 0.5265162164611717488, 1.073919222098602910 ) ) ;
#469 = CARTESIAN_POINT ( 'NONE',  ( -1.379929654226053071, 0.6335039896993894804, 0.6801163807669302619 ) ) ;
#470 = VERTEX_POINT ( 'NONE', #2940 ) ;
#471 = AXIS2_PLACEMENT_3D ( 'NONE', #2160, #2613, #2288 ) ;
#472 = EDGE_CURVE ( 'NONE', #1299, #1427, #4047, .T. ) ;
#473 = AXIS2_PLACEMENT_3D ( 'NONE', #3753, #4636, #594 ) ;
#474 = VERTEX_POINT ( 'NONE', #1667 ) ;
#475 = DIRECTION ( 'NONE',  ( -0.08602294726405144976, -0.9925724684314048973, 0.08602294726405156078 ) ) ;
#476 = CARTESIAN_POINT ( 'NONE',  ( 0.2500000000000000000, -0.05416666666669788660, 0.8277645427156450353 ) ) ;
#477 = ORIENTED_EDGE ( 'NONE', *, *, #4617, .F. ) ;
#478 = LINE ( 'NONE', #1548, #1310 ) ;
#479 = STYLED_ITEM ( 'NONE', ( #800 ), #3914 ) ;
#480 = CIRCLE ( 'NONE', #102, 0.1599999999999999756 ) ;
#481 = DIRECTION ( 'NONE',  ( 0.000000000000000000, 1.000000000000000000, 0.000000000000000000 ) ) ;
#482 = DIRECTION ( 'NONE',  ( 0.000000000000000000, 0.000000000000000000, 1.000000000000000000 ) ) ;
#483 = SURFACE_STYLE_USAGE ( .BOTH. , #2888 ) ;
#484 =( LENGTH_UNIT ( ) NAMED_UNIT ( * ) SI_UNIT ( .MILLI., .METRE. ) );
#485 = UNCERTAINTY_MEASURE_WITH_UNIT (LENGTH_MEASURE( 1.000000000000000082E-05 ), #2386, 'distance_accuracy_value', 'NONE');
#486 = EDGE_CURVE ( 'NONE', #3110, #4813, #3864, .T. ) ;
#487 =( LENGTH_UNIT ( ) NAMED_UNIT ( * ) SI_UNIT ( .MILLI., .METRE. ) );
#488 = CARTESIAN_POINT ( 'NONE',  ( -0.2500000000000000000, -0.05416666666669788660, -0.8277645427156450353 ) ) ;
#489 = ORIENTED_EDGE ( 'NONE', *, *, #2789, .F. ) ;
#490 = UNCERTAINTY_MEASURE_WITH_UNIT (LENGTH_MEASURE( 1.000000000000000082E-05 ), #4212, 'distance_accuracy_value', 'NONE');
#491 =( GEOMETRIC_REPRESENTATION_CONTEXT ( 3 ) GLOBAL_UNCERTAINTY_ASSIGNED_CONTEXT ( ( #2795 ) ) GLOBAL_UNIT_ASSIGNED_CONTEXT ( ( #376, #3147, #4408 ) ) REPRESENTATION_CONTEXT ( 'NONE', 'WORKASPACE' ) );
#492 = CARTESIAN_POINT ( 'NONE',  ( 1.342469145205119396, -0.5330198034688192754, 0.7418217819363167598 ) ) ;
#493 = ORIENTED_EDGE ( 'NONE', *, *, #3563, .F. ) ;
#494 = SURFACE_SIDE_STYLE ('',( #3975 ) ) ;
#495 = CARTESIAN_POINT ( 'NONE',  ( 0.2500000000000000000, -0.05416666666669788660, 0.8277645427156450353 ) ) ;
#496 = CARTESIAN_POINT ( 'NONE',  ( -1.200000000000000178, -0.1750000000000311307, -0.7999999999999932720 ) ) ;
#497 = CARTESIAN_POINT ( 'NONE',  ( 0.2500000000000000000, 0.5950000000000001954, 1.153085987590313666 ) ) ;
#498 = CARTESIAN_POINT ( 'NONE',  ( 1.339145906842450273, 0.5293171503664571009, -0.7389591803015738147 ) ) ;
#499 =( NAMED_UNIT ( * ) PLANE_ANGLE_UNIT ( ) SI_UNIT ( $, .RADIAN. ) );
#500 = MECHANICAL_DESIGN_GEOMETRIC_PRESENTATION_REPRESENTATION (  '', ( #232 ), #1326 ) ;
#501 = CARTESIAN_POINT ( 'NONE',  ( -1.200000000000000178, 0.6750000000000000444, -1.153085987590313888 ) ) ;
#502 = PRESENTATION_STYLE_ASSIGNMENT (( #2967 ) ) ;
#503 = LINE ( 'NONE', #447, #770 ) ;
#504 = ORIENTED_EDGE ( 'NONE', *, *, #3496, .F. ) ;
#505 = CYLINDRICAL_SURFACE ( 'NONE', #2374, 0.08000000000000020983 ) ;
#506 = CARTESIAN_POINT ( 'NONE',  ( -1.429536463331204210, -0.1760646121896917715, -0.7998263945175601020 ) ) ;
#507 = STYLED_ITEM ( 'NONE', ( #1106 ), #3867 ) ;
#508 = PLANE ( 'NONE',  #4204 ) ;
#509 = DIRECTION ( 'NONE',  ( 0.000000000000000000, 0.000000000000000000, -1.000000000000000000 ) ) ;
#510 = SURFACE_STYLE_FILL_AREA ( #5155 ) ;
#511 = CARTESIAN_POINT ( 'NONE',  ( -0.2500000000000000000, -0.06568288312786950411, 0.9069313082073552357 ) ) ;
#512 = SURFACE_STYLE_FILL_AREA ( #397 ) ;
#513 =( NAMED_UNIT ( * ) SI_UNIT ( $, .STERADIAN. ) SOLID_ANGLE_UNIT ( ) );
#514 = ORIENTED_EDGE ( 'NONE', *, *, #3303, .T. ) ;
#515 =( NAMED_UNIT ( * ) SI_UNIT ( $, .STERADIAN. ) SOLID_ANGLE_UNIT ( ) );
#516 = EDGE_CURVE ( 'NONE', #4020, #2930, #2118, .T. ) ;
#517 = UNCERTAINTY_MEASURE_WITH_UNIT (LENGTH_MEASURE( 1.000000000000000082E-05 ), #2750, 'distance_accuracy_value', 'NONE');
#518 = FACE_OUTER_BOUND ( 'NONE', #4448, .T. ) ;
#519 = LINE ( 'NONE', #5113, #263 ) ;
#520 = ORIENTED_EDGE ( 'NONE', *, *, #3430, .T. ) ;
#521 = DIRECTION ( 'NONE',  ( 0.1583717986114569487, -0.9745956837628331204, -0.1583717986114570875 ) ) ;
#522 = FILL_AREA_STYLE ('',( #1749 ) ) ;
#523 = FACE_OUTER_BOUND ( 'NONE', #4651, .T. ) ;
#524 = ORIENTED_EDGE ( 'NONE', *, *, #4246, .F. ) ;
#525 = ORIENTED_EDGE ( 'NONE', *, *, #2265, .T. ) ;
#526 =( NAMED_UNIT ( * ) SI_UNIT ( $, .STERADIAN. ) SOLID_ANGLE_UNIT ( ) );
#527 = LINE ( 'NONE', #3432, #3424 ) ;
#528 = SURFACE_STYLE_FILL_AREA ( #1041 ) ;
#529 = CARTESIAN_POINT ( 'NONE',  ( 0.2500000000000000000, -0.2141666666666978136, -0.7936354166666602650 ) ) ;
#530 = ADVANCED_FACE ( 'NONE', ( #2697 ), #56, .F. ) ;
#531 = PRESENTATION_LAYER_ASSIGNMENT (  '', '', ( #1888 ) ) ;
#532 = ORIENTED_EDGE ( 'NONE', *, *, #2645, .F. ) ;
#533 = EDGE_LOOP ( 'NONE', ( #3630, #4111, #532, #3770 ) ) ;
#534 = PRESENTATION_LAYER_ASSIGNMENT (  '', '', ( #4682 ) ) ;
#535 = CYLINDRICAL_SURFACE ( 'NONE', #1112, 0.07999999999999998779 ) ;
#536 = SURFACE_SIDE_STYLE ('',( #1840 ) ) ;
#537 = FILL_AREA_STYLE ('',( #2961 ) ) ;
#538 = CARTESIAN_POINT ( 'NONE',  ( 0.2500000000000000000, -0.07719909958904112857, -0.9860980736990658801 ) ) ;
#539 = FILL_AREA_STYLE_COLOUR ( '', #1794 ) ;
#540 = AXIS2_PLACEMENT_3D ( 'NONE', #3078, #1824, #3809 ) ;
#541 = ORIENTED_EDGE ( 'NONE', *, *, #2161, .F. ) ;
#542 = LINE ( 'NONE', #3336, #4885 ) ;
#543 =( NAMED_UNIT ( * ) PLANE_ANGLE_UNIT ( ) SI_UNIT ( $, .RADIAN. ) );
#544 = SURFACE_SIDE_STYLE ('',( #4726 ) ) ;
#545 = ORIENTED_EDGE ( 'NONE', *, *, #3303, .F. ) ;
#546 = EDGE_CURVE ( 'NONE', #5085, #2754, #3490, .T. ) ;
#547 = AXIS2_PLACEMENT_3D ( 'NONE', #1748, #4526, #3294 ) ;
#548 = SURFACE_SIDE_STYLE ('',( #2427 ) ) ;
#549 = EDGE_LOOP ( 'NONE', ( #1324, #4238, #3966, #3843, #4049, #4958, #2996, #3853, #5006, #2562, #1563, #2259, #1738 ) ) ;
#550 = SURFACE_SIDE_STYLE ('',( #125 ) ) ;
#551 = DIRECTION ( 'NONE',  ( -1.000000000000000000, 0.000000000000000000, 0.000000000000000000 ) ) ;
#552 =( GEOMETRIC_REPRESENTATION_CONTEXT ( 3 ) GLOBAL_UNCERTAINTY_ASSIGNED_CONTEXT ( ( #1787 ) ) GLOBAL_UNIT_ASSIGNED_CONTEXT ( ( #1036, #3812, #2293 ) ) REPRESENTATION_CONTEXT ( 'NONE', 'WORKASPACE' ) );
#553 = VERTEX_POINT ( 'NONE', #76 ) ;
#554 = PRESENTATION_STYLE_ASSIGNMENT (( #1222 ) ) ;
#555 =( NAMED_UNIT ( * ) SI_UNIT ( $, .STERADIAN. ) SOLID_ANGLE_UNIT ( ) );
#556 = CARTESIAN_POINT ( 'NONE',  ( 1.391821781936316560, -0.5330198034688193864, -0.6924691452051199292 ) ) ;
#557 = ORIENTED_EDGE ( 'NONE', *, *, #3170, .F. ) ;
#558 = ADVANCED_FACE ( 'NONE', ( #99 ), #3246, .T. ) ;
#559 = CARTESIAN_POINT ( 'NONE',  ( 0.2500000000000000000, -0.2141666666666979801, 0.8277645427156451463 ) ) ;
#560 =( NAMED_UNIT ( * ) PLANE_ANGLE_UNIT ( ) SI_UNIT ( $, .RADIAN. ) );
#561 =( LENGTH_UNIT ( ) NAMED_UNIT ( * ) SI_UNIT ( .MILLI., .METRE. ) );
#562 = CARTESIAN_POINT ( 'NONE',  ( -1.342469145205119396, -0.5250000000000000222, -0.6924691452051193741 ) ) ;
#563 =( GEOMETRIC_REPRESENTATION_CONTEXT ( 3 ) GLOBAL_UNCERTAINTY_ASSIGNED_CONTEXT ( ( #657 ) ) GLOBAL_UNIT_ASSIGNED_CONTEXT ( ( #1522, #4324, #4734 ) ) REPRESENTATION_CONTEXT ( 'NONE', 'WORKASPACE' ) );
#564 = CARTESIAN_POINT ( 'NONE',  ( -1.451237844405991462, -0.1673824959631194931, 0.7518852076747948310 ) ) ;
#565 = AXIS2_PLACEMENT_3D ( 'NONE', #1045, #214, #3818 ) ;
#566 = DIRECTION ( 'NONE',  ( -0.000000000000000000, 4.391011113158564976E-16, -1.000000000000000000 ) ) ;
#567 = FILL_AREA_STYLE ('',( #5071 ) ) ;
#568 = SURFACE_STYLE_USAGE ( .BOTH. , #536 ) ;
#569 = FILL_AREA_STYLE ('',( #163 ) ) ;
#570 = MECHANICAL_DESIGN_GEOMETRIC_PRESENTATION_REPRESENTATION (  '', ( #3100 ), #295 ) ;
#571 = LINE ( 'NONE', #453, #1027 ) ;
#572 = PRESENTATION_STYLE_ASSIGNMENT (( #5169 ) ) ;
#573 = EDGE_CURVE ( 'NONE', #1489, #2316, #1816, .T. ) ;
#574 =( GEOMETRIC_REPRESENTATION_CONTEXT ( 3 ) GLOBAL_UNCERTAINTY_ASSIGNED_CONTEXT ( ( #1 ) ) GLOBAL_UNIT_ASSIGNED_CONTEXT ( ( #747, #1943, #4772 ) ) REPRESENTATION_CONTEXT ( 'NONE', 'WORKASPACE' ) );
#575 = FILL_AREA_STYLE ('',( #3017 ) ) ;
#576 = PLANE ( 'NONE',  #5050 ) ;
#577 =( NAMED_UNIT ( * ) SI_UNIT ( $, .STERADIAN. ) SOLID_ANGLE_UNIT ( ) );
#578 = VERTEX_POINT ( 'NONE', #880 ) ;
#579 = DIRECTION ( 'NONE',  ( -0.1583717986114568932, 0.9745956837628331204, 0.1583717986114570597 ) ) ;
#580 = LINE ( 'NONE', #4690, #4733 ) ;
#581 = MECHANICAL_DESIGN_GEOMETRIC_PRESENTATION_REPRESENTATION (  '', ( #4179 ), #4450 ) ;
#582 = CARTESIAN_POINT ( 'NONE',  ( 0.2500000000000000000, 0.5950000000000000844, -1.399999999999999911 ) ) ;
#583 = ADVANCED_FACE ( 'NONE', ( #282 ), #1321, .F. ) ;
#584 = ORIENTED_EDGE ( 'NONE', *, *, #1967, .T. ) ;
#585 = UNCERTAINTY_MEASURE_WITH_UNIT (LENGTH_MEASURE( 1.000000000000000082E-05 ), #3301, 'distance_accuracy_value', 'NONE');
#586 = SURFACE_STYLE_FILL_AREA ( #3669 ) ;
#587 =( LENGTH_UNIT ( ) NAMED_UNIT ( * ) SI_UNIT ( .MILLI., .METRE. ) );
#588 = EDGE_CURVE ( 'NONE', #138, #3484, #4313, .T. ) ;
#589 = PRESENTATION_STYLE_ASSIGNMENT (( #1081 ) ) ;
#590 = CARTESIAN_POINT ( 'NONE',  ( 1.200000000000000178, 0.5749999999999999556, 0.7350000000000000977 ) ) ;
#591 = ORIENTED_EDGE ( 'NONE', *, *, #1508, .F. ) ;
#592 = CARTESIAN_POINT ( 'NONE',  ( 0.2500000000000000000, 0.5950000000000001954, -1.153085987590313666 ) ) ;
#593 = CIRCLE ( 'NONE', #3316, 0.04999999999999999584 ) ;
#594 = DIRECTION ( 'NONE',  ( 0.000000000000000000, 0.000000000000000000, 1.000000000000000000 ) ) ;
#595 =( NAMED_UNIT ( * ) PLANE_ANGLE_UNIT ( ) SI_UNIT ( $, .RADIAN. ) );
#596 = ORIENTED_EDGE ( 'NONE', *, *, #2909, .T. ) ;
#597 =( NAMED_UNIT ( * ) PLANE_ANGLE_UNIT ( ) SI_UNIT ( $, .RADIAN. ) );
#598 = ORIENTED_EDGE ( 'NONE', *, *, #4413, .T. ) ;
#599 = AXIS2_PLACEMENT_3D ( 'NONE', #2024, #1666, #2496 ) ;
#600 = VECTOR ( 'NONE', #1478, 1000.000000000000000 ) ;
#601 = ORIENTED_EDGE ( 'NONE', *, *, #1657, .T. ) ;
#602 = SURFACE_STYLE_FILL_AREA ( #5027 ) ;
#603 = STYLED_ITEM ( 'NONE', ( #271 ), #1092 ) ;
#604 = ORIENTED_EDGE ( 'NONE', *, *, #1479, .T. ) ;
#605 = STYLED_ITEM ( 'NONE', ( #3821 ), #2172 ) ;
#606 = CARTESIAN_POINT ( 'NONE',  ( 1.339145906842450273, 0.5250000000000000222, -0.6891459068424504730 ) ) ;
#607 = AXIS2_PLACEMENT_3D ( 'NONE', #3973, #4016, #1202 ) ;
#608 = EDGE_LOOP ( 'NONE', ( #799, #4607, #2437, #1048 ) ) ;
#609 = COLOUR_RGB ( '',1.000000000000000000, 1.000000000000000000, 1.000000000000000000 ) ;
#610 = ADVANCED_FACE ( 'NONE', ( #4563 ), #3360, .F. ) ;
#611 = DIRECTION ( 'NONE',  ( 0.000000000000000000, -4.391011113158564976E-16, 1.000000000000000000 ) ) ;
#612 = FILL_AREA_STYLE ('',( #2631 ) ) ;
#613 = SURFACE_SIDE_STYLE ('',( #377 ) ) ;
#614 = EDGE_CURVE ( 'NONE', #3463, #3057, #4762, .T. ) ;
#615 = ORIENTED_EDGE ( 'NONE', *, *, #2239, .T. ) ;
#616 = CIRCLE ( 'NONE', #4893, 0.05000000000000002359 ) ;
#617 = AXIS2_PLACEMENT_3D ( 'NONE', #2536, #2581, #4975 ) ;
#618 =( NAMED_UNIT ( * ) PLANE_ANGLE_UNIT ( ) SI_UNIT ( $, .RADIAN. ) );
#619 = UNCERTAINTY_MEASURE_WITH_UNIT (LENGTH_MEASURE( 1.000000000000000082E-05 ), #1458, 'distance_accuracy_value', 'NONE');
#620 = ORIENTED_EDGE ( 'NONE', *, *, #2743, .T. ) ;
#621 = FILL_AREA_STYLE ('',( #3781 ) ) ;
#622 = EDGE_CURVE ( 'NONE', #4153, #4387, #3548, .T. ) ;
#623 = DIRECTION ( 'NONE',  ( 0.000000000000000000, 0.000000000000000000, 1.000000000000000000 ) ) ;
#624 = ORIENTED_EDGE ( 'NONE', *, *, #3380, .F. ) ;
#625 = CIRCLE ( 'NONE', #4851, 0.1600000000000000866 ) ;
#626 = FILL_AREA_STYLE_COLOUR ( '', #3712 ) ;
#627 =( NAMED_UNIT ( * ) SI_UNIT ( $, .STERADIAN. ) SOLID_ANGLE_UNIT ( ) );
#628 = LINE ( 'NONE', #3194, #1141 ) ;
#629 = LINE ( 'NONE', #4327, #2779 ) ;
#630 = DIRECTION ( 'NONE',  ( 0.000000000000000000, -1.000000000000000000, 0.000000000000000000 ) ) ;
#631 = FILL_AREA_STYLE_COLOUR ( '', #3087 ) ;
#632 = PRESENTATION_STYLE_ASSIGNMENT (( #1742 ) ) ;
#633 = CARTESIAN_POINT ( 'NONE',  ( 1.449999999999999956, -0.2141666666666978136, -0.7936354166666604870 ) ) ;
#634 = MECHANICAL_DESIGN_GEOMETRIC_PRESENTATION_REPRESENTATION (  '', ( #3349 ), #912 ) ;
#635 = CARTESIAN_POINT ( 'NONE',  ( -0.2500000000000000000, -0.1750000000000308253, 0.8000000000000002665 ) ) ;
#636 =( GEOMETRIC_REPRESENTATION_CONTEXT ( 3 ) GLOBAL_UNCERTAINTY_ASSIGNED_CONTEXT ( ( #2918 ) ) GLOBAL_UNIT_ASSIGNED_CONTEXT ( ( #2532, #3790, #3398 ) ) REPRESENTATION_CONTEXT ( 'NONE', 'WORKASPACE' ) );
#637 = CARTESIAN_POINT ( 'NONE',  ( -0.6999999999999999556, -0.07719909958904112857, 0.9860980736990661022 ) ) ;
#638 = ADVANCED_FACE ( 'NONE', ( #2634 ), #4989, .F. ) ;
#639 = VECTOR ( 'NONE', #3994, 1000.000000000000000 ) ;
#640 = EDGE_CURVE ( 'NONE', #1998, #2224, #2049, .T. ) ;
#641 = ORIENTED_EDGE ( 'NONE', *, *, #2533, .T. ) ;
#642 = CIRCLE ( 'NONE', #2542, 0.07999999999999998779 ) ;
#643 = COLOUR_RGB ( '',1.000000000000000000, 1.000000000000000000, 1.000000000000000000 ) ;
#644 = DIRECTION ( 'NONE',  ( -1.000000000000000000, -0.000000000000000000, 0.000000000000000000 ) ) ;
#645 = DIRECTION ( 'NONE',  ( 0.000000000000000000, 0.9895845686463778934, -0.1439527057646445007 ) ) ;
#646 = LINE ( 'NONE', #2301, #3588 ) ;
#647 = EDGE_CURVE ( 'NONE', #2164, #5156, #91, .T. ) ;
#648 = VECTOR ( 'NONE', #746, 1000.000000000000000 ) ;
#649 = MECHANICAL_DESIGN_GEOMETRIC_PRESENTATION_REPRESENTATION (  '', ( #3795 ), #3892 ) ;
#650 = ORIENTED_EDGE ( 'NONE', *, *, #2196, .T. ) ;
#651 = DIRECTION ( 'NONE',  ( 0.000000000000000000, 0.000000000000000000, -1.000000000000000000 ) ) ;
#652 = DIRECTION ( 'NONE',  ( 0.000000000000000000, 0.9895845686463778934, 0.1439527057646445007 ) ) ;
#653 = VECTOR ( 'NONE', #3455, 1000.000000000000000 ) ;
#654 = VERTEX_POINT ( 'NONE', #2207 ) ;
#655 = CARTESIAN_POINT ( 'NONE',  ( -1.449999999999999956, -0.1750000000000311307, -0.7999999999999997113 ) ) ;
#656 = AXIS2_PLACEMENT_3D ( 'NONE', #4542, #4071, #2125 ) ;
#657 = UNCERTAINTY_MEASURE_WITH_UNIT (LENGTH_MEASURE( 1.000000000000000082E-05 ), #1522, 'distance_accuracy_value', 'NONE');
#658 = ORIENTED_EDGE ( 'NONE', *, *, #48, .T. ) ;
#659 = ORIENTED_EDGE ( 'NONE', *, *, #3668, .F. ) ;
#660 = CARTESIAN_POINT ( 'NONE',  ( 1.200000000000000178, 0.5265162164611717488, -1.073919222098602910 ) ) ;
#661 = EDGE_CURVE ( 'NONE', #4756, #395, #4249, .T. ) ;
#662 = DIRECTION ( 'NONE',  ( 0.000000000000000000, 4.391011113158564976E-16, 1.000000000000000000 ) ) ;
#663 = VERTEX_POINT ( 'NONE', #4612 ) ;
#664 = ORIENTED_EDGE ( 'NONE', *, *, #3830, .T. ) ;
#665 = ADVANCED_FACE ( 'NONE', ( #3296 ), #535, .F. ) ;
#666 = PRESENTATION_STYLE_ASSIGNMENT (( #1818 ) ) ;
#667 = DIRECTION ( 'NONE',  ( 1.000000000000000000, -0.000000000000000000, 0.000000000000000000 ) ) ;
#668 = CARTESIAN_POINT ( 'NONE',  ( 0.6999999999999999556, -0.1341666666666979368, 0.7964611111111113972 ) ) ;
#669 = CARTESIAN_POINT ( 'NONE',  ( 0.6999999999999999556, 0.5380324329223433732, 0.9947524566068929319 ) ) ;
#670 =( NAMED_UNIT ( * ) PLANE_ANGLE_UNIT ( ) SI_UNIT ( $, .RADIAN. ) );
#671 = MECHANICAL_DESIGN_GEOMETRIC_PRESENTATION_REPRESENTATION (  '', ( #3512 ), #4602 ) ;
#672 = ORIENTED_EDGE ( 'NONE', *, *, #1835, .F. ) ;
#673 = MECHANICAL_DESIGN_GEOMETRIC_PRESENTATION_REPRESENTATION (  '', ( #2370 ), #3883 ) ;
#674 = CARTESIAN_POINT ( 'NONE',  ( 0.2500000000000000000, 0.5265162164611717488, 1.073919222098603132 ) ) ;
#675 = COLOUR_RGB ( '',0.2509803921568627416, 0.2509803921568627416, 0.2509803921568627416 ) ;
#676 = ORIENTED_EDGE ( 'NONE', *, *, #2484, .T. ) ;
#677 = MECHANICAL_DESIGN_GEOMETRIC_PRESENTATION_REPRESENTATION (  '', ( #1655 ), #2297 ) ;
#678 = ORIENTED_EDGE ( 'NONE', *, *, #3756, .T. ) ;
#679 = CARTESIAN_POINT ( 'NONE',  ( 1.200000000000000178, 0.6750000000000000444, 1.153085987590313444 ) ) ;
#680 = CARTESIAN_POINT ( 'NONE',  ( -1.391821781936316560, -0.5330198034688193864, -0.6924691452051194851 ) ) ;
#681 = ORIENTED_EDGE ( 'NONE', *, *, #1878, .F. ) ;
#682 = VECTOR ( 'NONE', #1839, 1000.000000000000000 ) ;
#683 = SURFACE_STYLE_USAGE ( .BOTH. , #3501 ) ;
#684 = SURFACE_SIDE_STYLE ('',( #3088 ) ) ;
#685 = CARTESIAN_POINT ( 'NONE',  ( -0.7000000000000000666, -0.1750000000000311307, -0.7999999999999998224 ) ) ;
#686 = CARTESIAN_POINT ( 'NONE',  ( 1.200000000000000178, 0.5950000000000000844, -1.399999999999999689 ) ) ;
#687 = UNCERTAINTY_MEASURE_WITH_UNIT (LENGTH_MEASURE( 1.000000000000000082E-05 ), #2830, 'distance_accuracy_value', 'NONE');
#688 = AXIS2_PLACEMENT_3D ( 'NONE', #5001, #5042, #988 ) ;
#689 = ORIENTED_EDGE ( 'NONE', *, *, #2660, .F. ) ;
#690 = PRESENTATION_LAYER_ASSIGNMENT (  '', '', ( #4627 ) ) ;
#691 = DIRECTION ( 'NONE',  ( 0.000000000000000000, -0.9895845686463776714, 0.1439527057646453889 ) ) ;
#692 = DIRECTION ( 'NONE',  ( -1.000000000000000000, 0.000000000000000000, 0.000000000000000000 ) ) ;
#693 = ADVANCED_FACE ( 'NONE', ( #3727 ), #1109, .F. ) ;
#694 = EDGE_CURVE ( 'NONE', #876, #1352, #1365, .T. ) ;
#695 =( NAMED_UNIT ( * ) PLANE_ANGLE_UNIT ( ) SI_UNIT ( $, .RADIAN. ) );
#696 = FILL_AREA_STYLE ('',( #4592 ) ) ;
#697 = PRESENTATION_STYLE_ASSIGNMENT (( #1231 ) ) ;
#698 = CARTESIAN_POINT ( 'NONE',  ( 1.200000000000000178, -0.07719909958904112857, -0.9860980736990656581 ) ) ;
#699 = DIRECTION ( 'NONE',  ( -1.000000000000000000, -0.000000000000000000, 0.000000000000000000 ) ) ;
#700 = DIRECTION ( 'NONE',  ( -1.000000000000000000, -0.000000000000000000, -0.000000000000000000 ) ) ;
#701 = DIRECTION ( 'NONE',  ( 0.000000000000000000, 0.000000000000000000, 1.000000000000000000 ) ) ;
#702 = LINE ( 'NONE', #1615, #4857 ) ;
#703 = LINE ( 'NONE', #389, #959 ) ;
#704 = VECTOR ( 'NONE', #3259, 1000.000000000000000 ) ;
#705 = DIRECTION ( 'NONE',  ( 0.000000000000000000, -0.9962654691824661679, 0.08634300732914350351 ) ) ;
#706 = PRESENTATION_LAYER_ASSIGNMENT (  '', '', ( #3814 ) ) ;
#707 = LINE ( 'NONE', #3403, #66 ) ;
#708 = LINE ( 'NONE', #2104, #3161 ) ;
#709 = DIRECTION ( 'NONE',  ( 1.000000000000000000, 0.000000000000000000, 2.168404344971012812E-15 ) ) ;
#710 = ORIENTED_EDGE ( 'NONE', *, *, #516, .T. ) ;
#711 = STYLED_ITEM ( 'NONE', ( #4139 ), #207 ) ;
#712 = CARTESIAN_POINT ( 'NONE',  ( -1.200000000000000178, -0.1750000000000308253, 0.8000000000000003775 ) ) ;
#713 = ORIENTED_EDGE ( 'NONE', *, *, #3405, .F. ) ;
#714 = EDGE_CURVE ( 'NONE', #5072, #2454, #4307, .T. ) ;
#715 = LINE ( 'NONE', #3738, #5131 ) ;
#716 = ADVANCED_FACE ( 'NONE', ( #4433 ), #2281, .F. ) ;
#717 = DIRECTION ( 'NONE',  ( -1.121588454295348794E-16, 0.000000000000000000, -1.000000000000000000 ) ) ;
#718 = ORIENTED_EDGE ( 'NONE', *, *, #3662, .F. ) ;
#719 = LINE ( 'NONE', #4217, #3347 ) ;
#720 = DIRECTION ( 'NONE',  ( 0.000000000000000000, 2.974683716947999386E-16, 1.000000000000000000 ) ) ;
#721 = EDGE_LOOP ( 'NONE', ( #2044, #2187, #2051, #2157, #3044, #678 ) ) ;
#722 = CIRCLE ( 'NONE', #2897, 0.08000000000000020983 ) ;
#723 = LINE ( 'NONE', #1070, #3658 ) ;
#724 = VERTEX_POINT ( 'NONE', #2659 ) ;
#725 = EDGE_CURVE ( 'NONE', #4565, #2798, #4241, .T. ) ;
#726 = ORIENTED_EDGE ( 'NONE', *, *, #3691, .T. ) ;
#727 = DIRECTION ( 'NONE',  ( -1.000000000000000000, -0.000000000000000000, 1.121588454295349533E-16 ) ) ;
#728 = STYLED_ITEM ( 'NONE', ( #3586 ), #4534 ) ;
#729 = DIRECTION ( 'NONE',  ( 1.000000000000000000, 0.000000000000000000, 0.000000000000000000 ) ) ;
#730 = DIRECTION ( 'NONE',  ( -1.000000000000000000, -0.000000000000000000, -0.000000000000000000 ) ) ;
#731 = FACE_OUTER_BOUND ( 'NONE', #2138, .T. ) ;
#732 = ORIENTED_EDGE ( 'NONE', *, *, #2861, .F. ) ;
#733 = VECTOR ( 'NONE', #2075, 1000.000000000000114 ) ;
#734 = DIRECTION ( 'NONE',  ( -0.000000000000000000, 4.391011113158564976E-16, -1.000000000000000000 ) ) ;
#735 = VECTOR ( 'NONE', #5065, 1000.000000000000114 ) ;
#736 = ORIENTED_EDGE ( 'NONE', *, *, #3786, .F. ) ;
#737 = CARTESIAN_POINT ( 'NONE',  ( -0.6999999999999999556, -0.06568288312786951799, -0.9069313082073553467 ) ) ;
#738 = CARTESIAN_POINT ( 'NONE',  ( 8.288080848218005138E-17, 0.5293171503664571009, 0.7389591803015738147 ) ) ;
#739 = DIRECTION ( 'NONE',  ( -1.000000000000000000, -0.000000000000000000, -0.000000000000000000 ) ) ;
#740 = PRESENTATION_LAYER_ASSIGNMENT (  '', '', ( #1916 ) ) ;
#741 = VERTEX_POINT ( 'NONE', #660 ) ;
#742 = AXIS2_PLACEMENT_3D ( 'NONE', #1463, #4719, #1075 ) ;
#743 = CIRCLE ( 'NONE', #2092, 0.05000000000000001665 ) ;
#744 =( NAMED_UNIT ( * ) PLANE_ANGLE_UNIT ( ) SI_UNIT ( $, .RADIAN. ) );
#745 = EDGE_CURVE ( 'NONE', #4387, #3918, #527, .T. ) ;
#746 = DIRECTION ( 'NONE',  ( -1.000000000000000000, -0.000000000000000000, -0.000000000000000000 ) ) ;
#747 =( LENGTH_UNIT ( ) NAMED_UNIT ( * ) SI_UNIT ( .MILLI., .METRE. ) );
#748 = EDGE_LOOP ( 'NONE', ( #2551, #1590, #1628, #2564 ) ) ;
#749 =( LENGTH_UNIT ( ) NAMED_UNIT ( * ) SI_UNIT ( .MILLI., .METRE. ) );
#750 = ADVANCED_FACE ( 'NONE', ( #731 ), #5075, .F. ) ;
#751 = STYLED_ITEM ( 'NONE', ( #4267 ), #2579 ) ;
#752 =( NAMED_UNIT ( * ) PLANE_ANGLE_UNIT ( ) SI_UNIT ( $, .RADIAN. ) );
#753 = EDGE_CURVE ( 'NONE', #142, #2543, #1545, .T. ) ;
#754 = ORIENTED_EDGE ( 'NONE', *, *, #68, .F. ) ;
#755 = MECHANICAL_DESIGN_GEOMETRIC_PRESENTATION_REPRESENTATION (  '', ( #1844 ), #2034 ) ;
#756 = DIRECTION ( 'NONE',  ( 0.000000000000000000, 0.000000000000000000, 1.000000000000000000 ) ) ;
#757 = UNCERTAINTY_MEASURE_WITH_UNIT (LENGTH_MEASURE( 1.000000000000000082E-05 ), #1316, 'distance_accuracy_value', 'NONE');
#758 =( NAMED_UNIT ( * ) PLANE_ANGLE_UNIT ( ) SI_UNIT ( $, .RADIAN. ) );
#759 = SURFACE_SIDE_STYLE ('',( #2851 ) ) ;
#760 =( GEOMETRIC_REPRESENTATION_CONTEXT ( 3 ) GLOBAL_UNCERTAINTY_ASSIGNED_CONTEXT ( ( #5087 ) ) GLOBAL_UNIT_ASSIGNED_CONTEXT ( ( #4145, #2154, #144 ) ) REPRESENTATION_CONTEXT ( 'NONE', 'WORKASPACE' ) );
#761 = LINE ( 'NONE', #1185, #4912 ) ;
#762 = CARTESIAN_POINT ( 'NONE',  ( -1.339145906842450273, 0.5250000000000000222, -0.6891459068424500289 ) ) ;
#763 =( NAMED_UNIT ( * ) PLANE_ANGLE_UNIT ( ) SI_UNIT ( $, .RADIAN. ) );
#764 = SURFACE_STYLE_FILL_AREA ( #162 ) ;
#765 = CARTESIAN_POINT ( 'NONE',  ( -1.339145906842450273, 0.5250000000000000222, 0.000000000000000000 ) ) ;
#766 = EDGE_CURVE ( 'NONE', #1228, #3932, #1808, .T. ) ;
#767 = VECTOR ( 'NONE', #5124, 1000.000000000000000 ) ;
#768 = LINE ( 'NONE', #4953, #2788 ) ;
#769 = CARTESIAN_POINT ( 'NONE',  ( -0.6999999999999999556, 0.5950000000000001954, 1.153085987590313888 ) ) ;
#770 = VECTOR ( 'NONE', #2045, 1000.000000000000114 ) ;
#771 = ORIENTED_EDGE ( 'NONE', *, *, #5116, .F. ) ;
#772 = CYLINDRICAL_SURFACE ( 'NONE', #1658, 0.05000000000000002359 ) ;
#773 = AXIS2_PLACEMENT_3D ( 'NONE', #5021, #3011, #4826 ) ;
#774 = ORIENTED_EDGE ( 'NONE', *, *, #3938, .F. ) ;
#775 = DIRECTION ( 'NONE',  ( 0.08602294726405147751, 0.9925724684314051194, 0.08602294726405146363 ) ) ;
#776 = SURFACE_SIDE_STYLE ('',( #874 ) ) ;
#777 = PLANE ( 'NONE',  #3399 ) ;
#778 = VECTOR ( 'NONE', #705, 1000.000000000000114 ) ;
#779 = LINE ( 'NONE', #2920, #2858 ) ;
#780 = ORIENTED_EDGE ( 'NONE', *, *, #4617, .T. ) ;
#781 = FILL_AREA_STYLE_COLOUR ( '', #643 ) ;
#782 =( GEOMETRIC_REPRESENTATION_CONTEXT ( 3 ) GLOBAL_UNCERTAINTY_ASSIGNED_CONTEXT ( ( #1946 ) ) GLOBAL_UNIT_ASSIGNED_CONTEXT ( ( #2430, #830, #813 ) ) REPRESENTATION_CONTEXT ( 'NONE', 'WORKASPACE' ) );
#783 = PLANE ( 'NONE',  #3435 ) ;
#784 = VECTOR ( 'NONE', #2244, 1000.000000000000000 ) ;
#785 = ORIENTED_EDGE ( 'NONE', *, *, #2540, .T. ) ;
#786 = PRESENTATION_LAYER_ASSIGNMENT (  '', '', ( #3041 ) ) ;
#787 = UNCERTAINTY_MEASURE_WITH_UNIT (LENGTH_MEASURE( 1.000000000000000082E-05 ), #5028, 'distance_accuracy_value', 'NONE');
#788 = CARTESIAN_POINT ( 'NONE',  ( 0.6999999999999999556, -0.06568288312786950411, -0.9069313082073551247 ) ) ;
#789 = DIRECTION ( 'NONE',  ( -0.000000000000000000, -1.000000000000000000, 0.000000000000000000 ) ) ;
#790 = ORIENTED_EDGE ( 'NONE', *, *, #2208, .T. ) ;
#791 = VECTOR ( 'NONE', #1403, 1000.000000000000000 ) ;
#792 = VERTEX_POINT ( 'NONE', #3861 ) ;
#793 = MECHANICAL_DESIGN_GEOMETRIC_PRESENTATION_REPRESENTATION (  '', ( #1406 ), #1592 ) ;
#794 = CIRCLE ( 'NONE', #2563, 0.07999999999999998779 ) ;
#795 =( NAMED_UNIT ( * ) SI_UNIT ( $, .STERADIAN. ) SOLID_ANGLE_UNIT ( ) );
#796 = CARTESIAN_POINT ( 'NONE',  ( 1.388959180301573504, 0.5293171503664571009, -0.6891459068424504730 ) ) ;
#797 = DIRECTION ( 'NONE',  ( -1.000000000000000000, -0.000000000000000000, 0.000000000000000000 ) ) ;
#798 =( NAMED_UNIT ( * ) SI_UNIT ( $, .STERADIAN. ) SOLID_ANGLE_UNIT ( ) );
#799 = ORIENTED_EDGE ( 'NONE', *, *, #4890, .F. ) ;
#800 = PRESENTATION_STYLE_ASSIGNMENT (( #2574 ) ) ;
#801 = EDGE_CURVE ( 'NONE', #2310, #741, #2555, .T. ) ;
#802 = VERTEX_POINT ( 'NONE', #5101 ) ;
#803 = FACE_OUTER_BOUND ( 'NONE', #5211, .T. ) ;
#804 = FILL_AREA_STYLE_COLOUR ( '', #805 ) ;
#805 = COLOUR_RGB ( '',1.000000000000000000, 1.000000000000000000, 1.000000000000000000 ) ;
#806 = ORIENTED_EDGE ( 'NONE', *, *, #2645, .T. ) ;
#807 = SURFACE_STYLE_FILL_AREA ( #537 ) ;
#808 = PLANE ( 'NONE',  #4403 ) ;
#809 = DIRECTION ( 'NONE',  ( 0.000000000000000000, 0.000000000000000000, -1.000000000000000000 ) ) ;
#810 = ORIENTED_EDGE ( 'NONE', *, *, #2315, .T. ) ;
#811 = CYLINDRICAL_SURFACE ( 'NONE', #471, 0.05000000000000000278 ) ;
#812 = FILL_AREA_STYLE_COLOUR ( '', #3062 ) ;
#813 =( NAMED_UNIT ( * ) SI_UNIT ( $, .STERADIAN. ) SOLID_ANGLE_UNIT ( ) );
#814 = PLANE ( 'NONE',  #4459 ) ;
#815 = CARTESIAN_POINT ( 'NONE',  ( -0.2500000000000000000, 0.6750000000000000444, 1.153085987590313666 ) ) ;
#816 = AXIS2_PLACEMENT_3D ( 'NONE', #5152, #5088, #709 ) ;
#817 = MECHANICAL_DESIGN_GEOMETRIC_PRESENTATION_REPRESENTATION (  '', ( #3587 ), #1827 ) ;
#818 = ORIENTED_EDGE ( 'NONE', *, *, #753, .T. ) ;
#819 = CARTESIAN_POINT ( 'NONE',  ( 0.6999999999999999556, 0.5749999999999999556, -0.7350000000000000977 ) ) ;
#820 = EDGE_CURVE ( 'NONE', #464, #904, #2626, .T. ) ;
#821 = CARTESIAN_POINT ( 'NONE',  ( -1.200000000000000178, -0.07719909958904112857, 0.9860980736990661022 ) ) ;
#822 = ORIENTED_EDGE ( 'NONE', *, *, #486, .T. ) ;
#823 = VECTOR ( 'NONE', #3710, 1000.000000000000000 ) ;
#824 = DIRECTION ( 'NONE',  ( -1.000000000000000000, -0.000000000000000000, -0.000000000000000000 ) ) ;
#825 = EDGE_CURVE ( 'NONE', #1187, #2065, #1734, .T. ) ;
#826 = UNCERTAINTY_MEASURE_WITH_UNIT (LENGTH_MEASURE( 1.000000000000000082E-05 ), #1502, 'distance_accuracy_value', 'NONE');
#827 = PRESENTATION_LAYER_ASSIGNMENT (  '', '', ( #2712 ) ) ;
#828 = SURFACE_STYLE_USAGE ( .BOTH. , #3252 ) ;
#829 = APPLICATION_CONTEXT ( 'automotive_design' ) ;
#830 =( NAMED_UNIT ( * ) PLANE_ANGLE_UNIT ( ) SI_UNIT ( $, .RADIAN. ) );
#831 = CARTESIAN_POINT ( 'NONE',  ( 8.243675139070820279E-17, 0.5749999999999999556, 0.7350000000000002087 ) ) ;
#832 = DIRECTION ( 'NONE',  ( -0.000000000000000000, -0.9895845686463778934, 0.1439527057646445007 ) ) ;
#833 = PRESENTATION_STYLE_ASSIGNMENT (( #4888 ) ) ;
#834 =( GEOMETRIC_REPRESENTATION_CONTEXT ( 3 ) GLOBAL_UNCERTAINTY_ASSIGNED_CONTEXT ( ( #4511 ) ) GLOBAL_UNIT_ASSIGNED_CONTEXT ( ( #2503, #543, #3688 ) ) REPRESENTATION_CONTEXT ( 'NONE', 'WORKASPACE' ) );
#835 = SURFACE_SIDE_STYLE ('',( #2727 ) ) ;
#836 = CARTESIAN_POINT ( 'NONE',  ( 1.449999999999999956, -0.1750000000000311307, -0.8000000000000001554 ) ) ;
#837 = LINE ( 'NONE', #4150, #1709 ) ;
#838 = LINE ( 'NONE', #3940, #2722 ) ;
#839 = DIRECTION ( 'NONE',  ( 1.000000000000000000, 0.000000000000000000, -0.000000000000000000 ) ) ;
#840 = CYLINDRICAL_SURFACE ( 'NONE', #4703, 0.04999999999999991257 ) ;
#841 = EDGE_LOOP ( 'NONE', ( #2428, #3239, #1257 ) ) ;
#842 = CARTESIAN_POINT ( 'NONE',  ( -1.200000000000000178, -0.05416666666669788660, -0.8277645427156451463 ) ) ;
#843 =( GEOMETRIC_REPRESENTATION_CONTEXT ( 3 ) GLOBAL_UNCERTAINTY_ASSIGNED_CONTEXT ( ( #5185 ) ) GLOBAL_UNIT_ASSIGNED_CONTEXT ( ( #1609, #3596, #4833 ) ) REPRESENTATION_CONTEXT ( 'NONE', 'WORKASPACE' ) );
#844 = AXIS2_PLACEMENT_3D ( 'NONE', #3362, #1932, #645 ) ;
#845 = COLOUR_RGB ( '',1.000000000000000000, 1.000000000000000000, 1.000000000000000000 ) ;
#846 = DIRECTION ( 'NONE',  ( -1.000000000000000000, -0.000000000000000000, 0.000000000000000000 ) ) ;
#847 = FILL_AREA_STYLE ('',( #460 ) ) ;
#848 = ORIENTED_EDGE ( 'NONE', *, *, #3964, .F. ) ;
#849 = DIRECTION ( 'NONE',  ( -1.000000000000000000, 0.000000000000000000, 0.000000000000000000 ) ) ;
#850 = DIRECTION ( 'NONE',  ( -0.000000000000000000, -0.9895845686463778934, -0.1439527057646445007 ) ) ;
#851 = EDGE_LOOP ( 'NONE', ( #3439, #732, #30, #818 ) ) ;
#852 = ORIENTED_EDGE ( 'NONE', *, *, #2344, .F. ) ;
#853 =( NAMED_UNIT ( * ) SI_UNIT ( $, .STERADIAN. ) SOLID_ANGLE_UNIT ( ) );
#854 = CARTESIAN_POINT ( 'NONE',  ( 0.6999999999999999556, 0.5950000000000000844, -1.399999999999999689 ) ) ;
#855 = AXIS2_PLACEMENT_3D ( 'NONE', #2666, #3059, #236 ) ;
#856 = FILL_AREA_STYLE ('',( #804 ) ) ;
#857 = UNCERTAINTY_MEASURE_WITH_UNIT (LENGTH_MEASURE( 1.000000000000000082E-05 ), #3872, 'distance_accuracy_value', 'NONE');
#858 = PRESENTATION_STYLE_ASSIGNMENT (( #3698 ) ) ;
#859 = EDGE_CURVE ( 'NONE', #208, #2316, #2687, .T. ) ;
#860 = STYLED_ITEM ( 'NONE', ( #932 ), #5060 ) ;
#861 = EDGE_LOOP ( 'NONE', ( #5146, #3185, #393, #2652 ) ) ;
#862 = ORIENTED_EDGE ( 'NONE', *, *, #2389, .F. ) ;
#863 = CARTESIAN_POINT ( 'NONE',  ( -0.2500000000000000000, -0.1749999999999916067, 0.8000000000000002665 ) ) ;
#864 =( NAMED_UNIT ( * ) PLANE_ANGLE_UNIT ( ) SI_UNIT ( $, .RADIAN. ) );
#865 = ORIENTED_EDGE ( 'NONE', *, *, #1306, .F. ) ;
#866 = LINE ( 'NONE', #1421, #3987 ) ;
#867 = PRESENTATION_LAYER_ASSIGNMENT (  '', '', ( #3899 ) ) ;
#868 = DIRECTION ( 'NONE',  ( 1.000000000000000000, -1.668185456054627303E-32, -1.121588454295349533E-16 ) ) ;
#869 =( NAMED_UNIT ( * ) PLANE_ANGLE_UNIT ( ) SI_UNIT ( $, .RADIAN. ) );
#870 = VERTEX_POINT ( 'NONE', #331 ) ;
#871 = EDGE_CURVE ( 'NONE', #1107, #2868, #1488, .T. ) ;
#872 = CARTESIAN_POINT ( 'NONE',  ( -0.2500000000000000000, -0.1341666666666978813, -0.6455263157894751691 ) ) ;
#873 = ORIENTED_EDGE ( 'NONE', *, *, #2156, .T. ) ;
#874 = SURFACE_STYLE_FILL_AREA ( #3205 ) ;
#875 = DIRECTION ( 'NONE',  ( -0.000000000000000000, 0.9870527346239436062, -0.1603960693763873402 ) ) ;
#876 = VERTEX_POINT ( 'NONE', #1139 ) ;
#877 = AXIS2_PLACEMENT_3D ( 'NONE', #2899, #4005, #1614 ) ;
#878 =( LENGTH_UNIT ( ) NAMED_UNIT ( * ) SI_UNIT ( .MILLI., .METRE. ) );
#879 = EDGE_LOOP ( 'NONE', ( #3291, #2692, #3279, #1875, #1194, #493, #4038, #269, #689, #1944, #1172, #1102, #3237 ) ) ;
#880 = CARTESIAN_POINT ( 'NONE',  ( -0.6999999999999999556, -0.2141666666666979801, -0.8277645427156452573 ) ) ;
#881 = AXIS2_PLACEMENT_3D ( 'NONE', #3761, #2600, #177 ) ;
#882 = DIRECTION ( 'NONE',  ( -0.08602294726405147751, 0.9925724684314050084, 0.08602294726405150527 ) ) ;
#883 = STYLED_ITEM ( 'NONE', ( #4276 ), #2199 ) ;
#884 = DIRECTION ( 'NONE',  ( -0.000000000000000000, 1.000000000000000000, 2.974683716947999386E-16 ) ) ;
#885 = AXIS2_PLACEMENT_3D ( 'NONE', #2842, #1648, #2041 ) ;
#886 = FILL_AREA_STYLE ('',( #1224 ) ) ;
#887 = CARTESIAN_POINT ( 'NONE',  ( 0.6999999999999999556, -0.1341666666666978536, 0.8277645427156449243 ) ) ;
#888 = UNCERTAINTY_MEASURE_WITH_UNIT (LENGTH_MEASURE( 1.000000000000000082E-05 ), #3270, 'distance_accuracy_value', 'NONE');
#889 = PRESENTATION_STYLE_ASSIGNMENT (( #5181 ) ) ;
#890 = VECTOR ( 'NONE', #1912, 1000.000000000000000 ) ;
#891 =( NAMED_UNIT ( * ) PLANE_ANGLE_UNIT ( ) SI_UNIT ( $, .RADIAN. ) );
#892 = EDGE_CURVE ( 'NONE', #4487, #4266, #4625, .T. ) ;
#893 = AXIS2_PLACEMENT_3D ( 'NONE', #4173, #2159, #4993 ) ;
#894 = CARTESIAN_POINT ( 'NONE',  ( -0.2500000000000000000, 0.5150000000000000133, 1.153085987590313666 ) ) ;
#895 = VECTOR ( 'NONE', #3870, 1000.000000000000000 ) ;
#896 = COLOUR_RGB ( '',1.000000000000000000, 1.000000000000000000, 1.000000000000000000 ) ;
#897 = LINE ( 'NONE', #501, #2724 ) ;
#898 = CARTESIAN_POINT ( 'NONE',  ( -1.329148490548053507, -0.6149930628969189073, -0.7285011272792506487 ) ) ;
#899 =( LENGTH_UNIT ( ) NAMED_UNIT ( * ) SI_UNIT ( .MILLI., .METRE. ) );
#900 =( NAMED_UNIT ( * ) PLANE_ANGLE_UNIT ( ) SI_UNIT ( $, .RADIAN. ) );
#901 = EDGE_CURVE ( 'NONE', #1221, #663, #1297, .T. ) ;
#902 =( NAMED_UNIT ( * ) SI_UNIT ( $, .STERADIAN. ) SOLID_ANGLE_UNIT ( ) );
#903 =( NAMED_UNIT ( * ) SI_UNIT ( $, .STERADIAN. ) SOLID_ANGLE_UNIT ( ) );
#904 = VERTEX_POINT ( 'NONE', #788 ) ;
#905 = FILL_AREA_STYLE ('',( #2981 ) ) ;
#906 = SURFACE_STYLE_FILL_AREA ( #2365 ) ;
#907 = ORIENTED_EDGE ( 'NONE', *, *, #714, .F. ) ;
#908 = DIRECTION ( 'NONE',  ( -1.489866463530924782E-16, 0.08634300732914343413, -0.9962654691824662789 ) ) ;
#909 = COLOUR_RGB ( '',1.000000000000000000, 1.000000000000000000, 1.000000000000000000 ) ;
#910 = SURFACE_SIDE_STYLE ('',( #3845 ) ) ;
#911 = ORIENTED_EDGE ( 'NONE', *, *, #4108, .T. ) ;
#912 =( GEOMETRIC_REPRESENTATION_CONTEXT ( 3 ) GLOBAL_UNCERTAINTY_ASSIGNED_CONTEXT ( ( #4152 ) ) GLOBAL_UNIT_ASSIGNED_CONTEXT ( ( #5137, #3841, #3890 ) ) REPRESENTATION_CONTEXT ( 'NONE', 'WORKASPACE' ) );
#913 = PRESENTATION_LAYER_ASSIGNMENT (  '', '', ( #89 ) ) ;
#914 = DIRECTION ( 'NONE',  ( -0.000000000000000000, 0.9870527346239436062, -0.1603960693763873402 ) ) ;
#915 = CARTESIAN_POINT ( 'NONE',  ( 0.2500000000000000000, -0.2141666666666979801, -0.8277645427156451463 ) ) ;
#916 = DIRECTION ( 'NONE',  ( 0.000000000000000000, 0.000000000000000000, 1.000000000000000000 ) ) ;
#917 = EDGE_LOOP ( 'NONE', ( #557, #3274, #3038, #4541 ) ) ;
#918 = LINE ( 'NONE', #2523, #1803 ) ;
#919 = EDGE_LOOP ( 'NONE', ( #4702, #2765, #1542, #1571 ) ) ;
#920 = DIRECTION ( 'NONE',  ( 0.000000000000000000, 1.000000000000000000, 0.000000000000000000 ) ) ;
#921 = EDGE_CURVE ( 'NONE', #3302, #4393, #400, .T. ) ;
#922 = UNCERTAINTY_MEASURE_WITH_UNIT (LENGTH_MEASURE( 1.000000000000000082E-05 ), #428, 'distance_accuracy_value', 'NONE');
#923 = FILL_AREA_STYLE ('',( #375 ) ) ;
#924 = CARTESIAN_POINT ( 'NONE',  ( -1.400186726540876281, -0.1750000000000311307, -0.7999999999999997113 ) ) ;
#925 = ORIENTED_EDGE ( 'NONE', *, *, #1528, .F. ) ;
#926 = EDGE_CURVE ( 'NONE', #5164, #4879, #794, .T. ) ;
#927 = PRESENTATION_LAYER_ASSIGNMENT (  '', '', ( #860 ) ) ;
#928 = COLOUR_RGB ( '',1.000000000000000000, 1.000000000000000000, 1.000000000000000000 ) ;
#929 = VERTEX_POINT ( 'NONE', #5210 ) ;
#930 = CARTESIAN_POINT ( 'NONE',  ( -1.449999999999999956, -0.1750000000000311307, 0.7506473632687968855 ) ) ;
#931 = CARTESIAN_POINT ( 'NONE',  ( 0.2500000000000000000, -0.07719909958904112857, -0.9860980736990658801 ) ) ;
#932 = PRESENTATION_STYLE_ASSIGNMENT (( #3441 ) ) ;
#933 = VERTEX_POINT ( 'NONE', #712 ) ;
#934 = STYLED_ITEM ( 'NONE', ( #2693 ), #4323 ) ;
#935 = DIRECTION ( 'NONE',  ( -0.000000000000000000, 2.974683716947999386E-16, -1.000000000000000000 ) ) ;
#936 =( NAMED_UNIT ( * ) SI_UNIT ( $, .STERADIAN. ) SOLID_ANGLE_UNIT ( ) );
#937 = FILL_AREA_STYLE_COLOUR ( '', #2866 ) ;
#938 = ORIENTED_EDGE ( 'NONE', *, *, #753, .F. ) ;
#939 = EDGE_CURVE ( 'NONE', #929, #142, #1987, .T. ) ;
#940 = ADVANCED_FACE ( 'NONE', ( #337 ), #2777, .F. ) ;
#941 =( NAMED_UNIT ( * ) SI_UNIT ( $, .STERADIAN. ) SOLID_ANGLE_UNIT ( ) );
#942 = ORIENTED_EDGE ( 'NONE', *, *, #1892, .T. ) ;
#943 = STYLED_ITEM ( 'NONE', ( #3416 ), #963 ) ;
#944 = PLANE ( 'NONE',  #5110 ) ;
#945 = AXIS2_PLACEMENT_3D ( 'NONE', #3516, #2814, #5187 ) ;
#946 = DIRECTION ( 'NONE',  ( 1.000000000000000000, 0.000000000000000000, 0.000000000000000000 ) ) ;
#947 = ORIENTED_EDGE ( 'NONE', *, *, #3047, .T. ) ;
#948 = LINE ( 'NONE', #1664, #4064 ) ;
#949 = CARTESIAN_POINT ( 'NONE',  ( -1.342469145205119396, -0.5749999999999999556, -0.7349999999999995426 ) ) ;
#950 = FILL_AREA_STYLE_COLOUR ( '', #440 ) ;
#951 =( NAMED_UNIT ( * ) PLANE_ANGLE_UNIT ( ) SI_UNIT ( $, .RADIAN. ) );
#952 = CARTESIAN_POINT ( 'NONE',  ( -0.6999999999999999556, 0.5950000000000001954, -1.153085987590313888 ) ) ;
#953 =( GEOMETRIC_REPRESENTATION_CONTEXT ( 3 ) GLOBAL_UNCERTAINTY_ASSIGNED_CONTEXT ( ( #4116 ) ) GLOBAL_UNIT_ASSIGNED_CONTEXT ( ( #2455, #4021, #4544 ) ) REPRESENTATION_CONTEXT ( 'NONE', 'WORKASPACE' ) );
#954 = SURFACE_STYLE_USAGE ( .BOTH. , #419 ) ;
#955 =( GEOMETRIC_REPRESENTATION_CONTEXT ( 3 ) GLOBAL_UNCERTAINTY_ASSIGNED_CONTEXT ( ( #826 ) ) GLOBAL_UNIT_ASSIGNED_CONTEXT ( ( #1502, #1149, #1901 ) ) REPRESENTATION_CONTEXT ( 'NONE', 'WORKASPACE' ) );
#956 = COLOUR_RGB ( '',1.000000000000000000, 1.000000000000000000, 1.000000000000000000 ) ;
#957 = LINE ( 'NONE', #2970, #2405 ) ;
#958 = DIRECTION ( 'NONE',  ( 0.000000000000000000, 1.487341858474000679E-16, 1.000000000000000000 ) ) ;
#959 = VECTOR ( 'NONE', #1952, 1000.000000000000000 ) ;
#960 = LINE ( 'NONE', #872, #704 ) ;
#961 = AXIS2_PLACEMENT_3D ( 'NONE', #1786, #3020, #2186 ) ;
#962 = DIRECTION ( 'NONE',  ( -1.000000000000000000, -0.000000000000000000, 0.000000000000000000 ) ) ;
#963 = ADVANCED_FACE ( 'NONE', ( #4940 ), #4616, .T. ) ;
#964 = DIRECTION ( 'NONE',  ( -1.000000000000000000, -0.000000000000000000, 1.121588454295349533E-16 ) ) ;
#965 = CYLINDRICAL_SURFACE ( 'NONE', #1678, 0.1599999999999999756 ) ;
#966 =( LENGTH_UNIT ( ) NAMED_UNIT ( * ) SI_UNIT ( .MILLI., .METRE. ) );
#967 = VERTEX_POINT ( 'NONE', #3544 ) ;
#968 = CARTESIAN_POINT ( 'NONE',  ( 1.449999999999999956, -0.2141666666666978136, 0.7936354166666603760 ) ) ;
#969 = EDGE_CURVE ( 'NONE', #1798, #1352, #2870, .T. ) ;
#970 = DIRECTION ( 'NONE',  ( -1.000000000000000000, -0.000000000000000000, -0.000000000000000000 ) ) ;
#971 = SURFACE_SIDE_STYLE ('',( #4157 ) ) ;
#972 = ORIENTED_EDGE ( 'NONE', *, *, #4632, .F. ) ;
#973 =( NAMED_UNIT ( * ) SI_UNIT ( $, .STERADIAN. ) SOLID_ANGLE_UNIT ( ) );
#974 =( LENGTH_UNIT ( ) NAMED_UNIT ( * ) SI_UNIT ( .MILLI., .METRE. ) );
#975 = ORIENTED_EDGE ( 'NONE', *, *, #4170, .T. ) ;
#976 = VERTEX_POINT ( 'NONE', #2116 ) ;
#977 = PLANE ( 'NONE',  #961 ) ;
#978 = CARTESIAN_POINT ( 'NONE',  ( 0.2500000000000000000, 0.5265162164611717488, -1.073919222098603132 ) ) ;
#979 = CARTESIAN_POINT ( 'NONE',  ( 0.6999999999999999556, -0.2141666666666979801, -0.8277645427156450353 ) ) ;
#980 = STYLED_ITEM ( 'NONE', ( #2162 ), #1418 ) ;
#981 = ORIENTED_EDGE ( 'NONE', *, *, #4407, .T. ) ;
#982 = VERTEX_POINT ( 'NONE', #529 ) ;
#983 = STYLED_ITEM ( 'NONE', ( #2901 ), #2223 ) ;
#984 = DIRECTION ( 'NONE',  ( 0.000000000000000000, 0.000000000000000000, -1.000000000000000000 ) ) ;
#985 = UNCERTAINTY_MEASURE_WITH_UNIT (LENGTH_MEASURE( 1.000000000000000082E-05 ), #2171, 'distance_accuracy_value', 'NONE');
#986 = VECTOR ( 'NONE', #141, 1000.000000000000000 ) ;
#987 = SURFACE_SIDE_STYLE ('',( #764 ) ) ;
#988 = DIRECTION ( 'NONE',  ( 0.000000000000000000, 0.000000000000000000, 1.000000000000000000 ) ) ;
#989 =( LENGTH_UNIT ( ) NAMED_UNIT ( * ) SI_UNIT ( .MILLI., .METRE. ) );
#990 = STYLED_ITEM ( 'NONE', ( #889 ), #283 ) ;
#991 = EDGE_LOOP ( 'NONE', ( #3136, #2943, #273, #3363 ) ) ;
#992 = VECTOR ( 'NONE', #1564, 1000.000000000000227 ) ;
#993 = ADVANCED_FACE ( 'NONE', ( #25 ), #2620, .T. ) ;
#994 = DIRECTION ( 'NONE',  ( -0.000000000000000000, 1.000000000000000000, 2.974683716947999386E-16 ) ) ;
#995 = CYLINDRICAL_SURFACE ( 'NONE', #3075, 0.05000000000000002359 ) ;
#996 = VERTEX_POINT ( 'NONE', #3333 ) ;
#997 = COLOUR_RGB ( '',0.7921568627450980005, 0.8196078431372548767, 0.9333333333333333481 ) ;
#998 = EDGE_CURVE ( 'NONE', #3079, #1076, #4876, .T. ) ;
#999 = PRESENTATION_LAYER_ASSIGNMENT (  '', '', ( #336 ) ) ;
#1000 = PLANE ( 'NONE',  #4727 ) ;
#1001 = VERTEX_POINT ( 'NONE', #4985 ) ;
#1002 = VECTOR ( 'NONE', #1870, 1000.000000000000000 ) ;
#1003 = SURFACE_SIDE_STYLE ('',( #2431 ) ) ;
#1004 = EDGE_CURVE ( 'NONE', #2868, #2798, #1290, .T. ) ;
#1005 =( GEOMETRIC_REPRESENTATION_CONTEXT ( 3 ) GLOBAL_UNCERTAINTY_ASSIGNED_CONTEXT ( ( #4743 ) ) GLOBAL_UNIT_ASSIGNED_CONTEXT ( ( #1420, #2593, #4559 ) ) REPRESENTATION_CONTEXT ( 'NONE', 'WORKASPACE' ) );
#1006 = DIRECTION ( 'NONE',  ( -1.000000000000000000, -0.000000000000000000, -0.000000000000000000 ) ) ;
#1007 = ORIENTED_EDGE ( 'NONE', *, *, #3707, .F. ) ;
#1008 = SURFACE_STYLE_FILL_AREA ( #5009 ) ;
#1009 = DIRECTION ( 'NONE',  ( -0.000000000000000000, -0.000000000000000000, 1.000000000000000000 ) ) ;
#1010 = DIRECTION ( 'NONE',  ( -1.000000000000000000, -0.000000000000000000, -0.000000000000000000 ) ) ;
#1011 = CARTESIAN_POINT ( 'NONE',  ( 0.2500000000000000000, -0.1341666666666978536, 0.8277645427156450353 ) ) ;
#1012 = CARTESIAN_POINT ( 'NONE',  ( 1.200000000000000178, -0.06568288312786951799, 0.9069313082073551247 ) ) ;
#1013 = EDGE_LOOP ( 'NONE', ( #1759, #3664, #350, #3847 ) ) ;
#1014 = DIRECTION ( 'NONE',  ( 0.000000000000000000, 0.9895845686463776714, -0.1439527057646453889 ) ) ;
#1015 = MECHANICAL_DESIGN_GEOMETRIC_PRESENTATION_REPRESENTATION (  '', ( #385 ), #563 ) ;
#1016 =( NAMED_UNIT ( * ) PLANE_ANGLE_UNIT ( ) SI_UNIT ( $, .RADIAN. ) );
#1017 = UNCERTAINTY_MEASURE_WITH_UNIT (LENGTH_MEASURE( 1.000000000000000082E-05 ), #2580, 'distance_accuracy_value', 'NONE');
#1018 = PRESENTATION_LAYER_ASSIGNMENT (  '', '', ( #2734 ) ) ;
#1019 = CARTESIAN_POINT ( 'NONE',  ( -1.449999999999999956, -0.1749999999999915790, 0.8000000000000003775 ) ) ;
#1020 = ADVANCED_FACE ( 'NONE', ( #2486 ), #1862, .T. ) ;
#1021 = COLOUR_RGB ( '',0.2509803921568627416, 0.2509803921568627416, 0.2509803921568627416 ) ;
#1022 = COLOUR_RGB ( '',1.000000000000000000, 1.000000000000000000, 1.000000000000000000 ) ;
#1023 = EDGE_CURVE ( 'NONE', #996, #2706, #722, .T. ) ;
#1024 = LINE ( 'NONE', #4491, #5117 ) ;
#1025 = CARTESIAN_POINT ( 'NONE',  ( 0.2500000000000000000, -0.06568288312786951799, -0.9069313082073552357 ) ) ;
#1026 = AXIS2_PLACEMENT_3D ( 'NONE', #1064, #3125, #3465 ) ;
#1027 = VECTOR ( 'NONE', #4030, 1000.000000000000000 ) ;
#1028 = EDGE_CURVE ( 'NONE', #2487, #3369, #1918, .T. ) ;
#1029 = STYLED_ITEM ( 'NONE', ( #2377 ), #5158 ) ;
#1030 = CARTESIAN_POINT ( 'NONE',  ( 1.200000000000000178, -0.06568288312786950411, 0.9069313082073551247 ) ) ;
#1031 = SURFACE_SIDE_STYLE ('',( #1448 ) ) ;
#1032 = DIRECTION ( 'NONE',  ( 1.000000000000000000, 0.000000000000000000, -0.000000000000000000 ) ) ;
#1033 = SURFACE_STYLE_FILL_AREA ( #5175 ) ;
#1034 = LINE ( 'NONE', #3045, #5188 ) ;
#1035 = ORIENTED_EDGE ( 'NONE', *, *, #4524, .F. ) ;
#1036 =( LENGTH_UNIT ( ) NAMED_UNIT ( * ) SI_UNIT ( .MILLI., .METRE. ) );
#1037 = LINE ( 'NONE', #1874, #4018 ) ;
#1038 = PRESENTATION_STYLE_ASSIGNMENT (( #1610 ) ) ;
#1039 = PRESENTATION_LAYER_ASSIGNMENT (  '', '', ( #1406 ) ) ;
#1040 = LINE ( 'NONE', #2529, #3647 ) ;
#1041 = FILL_AREA_STYLE ('',( #3389 ) ) ;
#1042 = VERTEX_POINT ( 'NONE', #3714 ) ;
#1043 = CIRCLE ( 'NONE', #1459, 0.1599999999999999756 ) ;
#1044 = ORIENTED_EDGE ( 'NONE', *, *, #466, .F. ) ;
#1045 = CARTESIAN_POINT ( 'NONE',  ( 1.200000000000000178, -0.05416666666669783803, -0.8277645427156450353 ) ) ;
#1046 = PRESENTATION_STYLE_ASSIGNMENT (( #3731 ) ) ;
#1047 = ADVANCED_FACE ( 'NONE', ( #2928 ), #1356, .T. ) ;
#1048 = ORIENTED_EDGE ( 'NONE', *, *, #4488, .T. ) ;
#1049 = VECTOR ( 'NONE', #4117, 1000.000000000000000 ) ;
#1050 =( NAMED_UNIT ( * ) SI_UNIT ( $, .STERADIAN. ) SOLID_ANGLE_UNIT ( ) );
#1051 = EDGE_LOOP ( 'NONE', ( #2688, #21, #4094, #3726 ) ) ;
#1052 = DIRECTION ( 'NONE',  ( -1.000000000000000000, -0.000000000000000000, -0.000000000000000000 ) ) ;
#1053 = PRESENTATION_LAYER_ASSIGNMENT (  '', '', ( #3281 ) ) ;
#1054 = ORIENTED_EDGE ( 'NONE', *, *, #1466, .F. ) ;
#1055 = SURFACE_SIDE_STYLE ('',( #3905 ) ) ;
#1056 = VERTEX_POINT ( 'NONE', #2546 ) ;
#1057 = PRESENTATION_LAYER_ASSIGNMENT (  '', '', ( #605 ) ) ;
#1058 = SURFACE_SIDE_STYLE ('',( #4753 ) ) ;
#1059 =( GEOMETRIC_REPRESENTATION_CONTEXT ( 3 ) GLOBAL_UNCERTAINTY_ASSIGNED_CONTEXT ( ( #4786 ) ) GLOBAL_UNIT_ASSIGNED_CONTEXT ( ( #414, #2452, #4820 ) ) REPRESENTATION_CONTEXT ( 'NONE', 'WORKASPACE' ) );
#1060 = ADVANCED_FACE ( 'NONE', ( #4882 ), #808, .F. ) ;
#1061 = VERTEX_POINT ( 'NONE', #979 ) ;
#1062 = COLOUR_RGB ( '',0.2509803921568627416, 0.2509803921568627416, 0.2509803921568627416 ) ;
#1063 = SHAPE_DEFINITION_REPRESENTATION ( #2968, #1500 ) ;
#1064 = CARTESIAN_POINT ( 'NONE',  ( 1.339145906842450273, 0.5250000000000000222, -0.6891459068424504730 ) ) ;
#1065 = ORIENTED_EDGE ( 'NONE', *, *, #5054, .T. ) ;
#1066 = PRODUCT ( 'ADR3440ARJZ', 'ADR3440ARJZ', '', ( #3946 ) ) ;
#1067 = DIRECTION ( 'NONE',  ( -1.000000000000000000, -0.000000000000000000, 1.121588454295349780E-16 ) ) ;
#1068 = ORIENTED_EDGE ( 'NONE', *, *, #3865, .F. ) ;
#1069 = LINE ( 'NONE', #4149, #2392 ) ;
#1070 = CARTESIAN_POINT ( 'NONE',  ( 1.449999999999999956, -0.2141666666666978136, -0.7936354166666604870 ) ) ;
#1071 = ADVANCED_FACE ( 'NONE', ( #1430 ), #213, .T. ) ;
#1072 = EDGE_CURVE ( 'NONE', #2811, #1491, #4242, .T. ) ;
#1073 = ORIENTED_EDGE ( 'NONE', *, *, #3982, .F. ) ;
#1074 = LINE ( 'NONE', #898, #3383 ) ;
#1075 = DIRECTION ( 'NONE',  ( 1.000000000000000000, 0.000000000000000000, 0.000000000000000000 ) ) ;
#1076 = VERTEX_POINT ( 'NONE', #2190 ) ;
#1077 = LINE ( 'NONE', #1971, #5235 ) ;
#1078 = CARTESIAN_POINT ( 'NONE',  ( -1.342469145205119396, -0.5749999999999999556, 0.6924691452051199292 ) ) ;
#1079 = DIRECTION ( 'NONE',  ( -1.000000000000000000, -2.224247274739502797E-32, 1.495451272393799542E-16 ) ) ;
#1080 = UNCERTAINTY_MEASURE_WITH_UNIT (LENGTH_MEASURE( 1.000000000000000082E-05 ), #5234, 'distance_accuracy_value', 'NONE');
#1081 = SURFACE_STYLE_USAGE ( .BOTH. , #1055 ) ;
#1082 = STYLED_ITEM ( 'NONE', ( #4231 ), #1468 ) ;
#1083 = COLOUR_RGB ( '',0.2509803921568627416, 0.2509803921568627416, 0.2509803921568627416 ) ;
#1084 = CARTESIAN_POINT ( 'NONE',  ( -0.2500000000000000000, -0.2141666666666979801, -0.7936354166666602650 ) ) ;
#1085 = STYLED_ITEM ( 'NONE', ( #2721 ), #128 ) ;
#1086 = COLOUR_RGB ( '',1.000000000000000000, 1.000000000000000000, 1.000000000000000000 ) ;
#1087 = CARTESIAN_POINT ( 'NONE',  ( 1.200000000000000178, -0.06568288312786950411, -0.9069313082073551247 ) ) ;
#1088 = FILL_AREA_STYLE_COLOUR ( '', #255 ) ;
#1089 = LINE ( 'NONE', #5091, #196 ) ;
#1090 = EDGE_CURVE ( 'NONE', #3725, #1305, #3292, .T. ) ;
#1091 = AXIS2_PLACEMENT_3D ( 'NONE', #2091, #4442, #2863 ) ;
#1092 = ADVANCED_FACE ( 'NONE', ( #3604 ), #1388, .F. ) ;
#1093 = EDGE_LOOP ( 'NONE', ( #4362, #4814, #3179, #1920 ) ) ;
#1094 = FILL_AREA_STYLE_COLOUR ( '', #3517 ) ;
#1095 = SURFACE_STYLE_USAGE ( .BOTH. , #3464 ) ;
#1096 = CARTESIAN_POINT ( 'NONE',  ( 1.342469145205119396, -0.5749999999999999556, 0.6924691452051195961 ) ) ;
#1097 =( NAMED_UNIT ( * ) PLANE_ANGLE_UNIT ( ) SI_UNIT ( $, .RADIAN. ) );
#1098 = ORIENTED_EDGE ( 'NONE', *, *, #3982, .T. ) ;
#1099 = STYLED_ITEM ( 'NONE', ( #3397 ), #4672 ) ;
#1100 = ORIENTED_EDGE ( 'NONE', *, *, #4290, .T. ) ;
#1101 = LINE ( 'NONE', #3370, #78 ) ;
#1102 = ORIENTED_EDGE ( 'NONE', *, *, #516, .F. ) ;
#1103 = SURFACE_STYLE_FILL_AREA ( #3929 ) ;
#1104 = DIRECTION ( 'NONE',  ( 0.000000000000000000, 0.000000000000000000, 1.000000000000000000 ) ) ;
#1105 = ORIENTED_EDGE ( 'NONE', *, *, #3430, .F. ) ;
#1106 = PRESENTATION_STYLE_ASSIGNMENT (( #3339 ) ) ;
#1107 = VERTEX_POINT ( 'NONE', #2622 ) ;
#1108 = UNCERTAINTY_MEASURE_WITH_UNIT (LENGTH_MEASURE( 1.000000000000000082E-05 ), #2457, 'distance_accuracy_value', 'NONE');
#1109 = CYLINDRICAL_SURFACE ( 'NONE', #4883, 0.07999999999999998779 ) ;
#1110 = FILL_AREA_STYLE_COLOUR ( '', #3813 ) ;
#1111 = CARTESIAN_POINT ( 'NONE',  ( -0.2500000000000000000, -0.2141666666666977581, -0.6455263157894751691 ) ) ;
#1112 = AXIS2_PLACEMENT_3D ( 'NONE', #4222, #1412, #2228 ) ;
#1113 = ORIENTED_EDGE ( 'NONE', *, *, #2470, .F. ) ;
#1114 = AXIS2_PLACEMENT_3D ( 'NONE', #3150, #4344, #756 ) ;
#1115 = EDGE_LOOP ( 'NONE', ( #4378, #2295, #3785, #806, #4422, #3561, #3348, #1600, #4725, #514, #2435, #3190, #3660 ) ) ;
#1116 = SURFACE_STYLE_FILL_AREA ( #1375 ) ;
#1117 = CARTESIAN_POINT ( 'NONE',  ( 0.6999999999999999556, -0.1341666666666979368, -0.7964611111111112862 ) ) ;
#1118 = ADVANCED_FACE ( 'NONE', ( #4550 ), #2808, .F. ) ;
#1119 = AXIS2_PLACEMENT_3D ( 'NONE', #4920, #1279, #2514 ) ;
#1120 = ORIENTED_EDGE ( 'NONE', *, *, #3072, .F. ) ;
#1121 = SURFACE_STYLE_FILL_AREA ( #3193 ) ;
#1122 = DIRECTION ( 'NONE',  ( -1.000000000000000000, -0.000000000000000000, 0.000000000000000000 ) ) ;
#1123 = EDGE_CURVE ( 'NONE', #1107, #79, #4942, .T. ) ;
#1124 = EDGE_LOOP ( 'NONE', ( #2350, #4281, #545, #3670 ) ) ;
#1125 = LINE ( 'NONE', #3437, #4774 ) ;
#1126 = DIRECTION ( 'NONE',  ( 1.000000000000000000, 0.000000000000000000, 0.000000000000000000 ) ) ;
#1127 = CARTESIAN_POINT ( 'NONE',  ( 0.2500000000000000000, -0.06568288312786950411, 0.9069313082073552357 ) ) ;
#1128 = DIRECTION ( 'NONE',  ( -0.000000000000000000, -1.000000000000000000, -0.000000000000000000 ) ) ;
#1129 =( GEOMETRIC_REPRESENTATION_CONTEXT ( 3 ) GLOBAL_UNCERTAINTY_ASSIGNED_CONTEXT ( ( #127 ) ) GLOBAL_UNIT_ASSIGNED_CONTEXT ( ( #484, #951, #1721 ) ) REPRESENTATION_CONTEXT ( 'NONE', 'WORKASPACE' ) );
#1130 = ORIENTED_EDGE ( 'NONE', *, *, #4717, .F. ) ;
#1131 = PRODUCT_DEFINITION_FORMATION_WITH_SPECIFIED_SOURCE ( 'ANY', '', #1066, .NOT_KNOWN. ) ;
#1132 = VECTOR ( 'NONE', #2855, 1000.000000000000000 ) ;
#1133 =( NAMED_UNIT ( * ) SI_UNIT ( $, .STERADIAN. ) SOLID_ANGLE_UNIT ( ) );
#1134 = FILL_AREA_STYLE ('',( #781 ) ) ;
#1135 = CARTESIAN_POINT ( 'NONE',  ( 0.6999999999999999556, -0.05416666666669783803, -0.8277645427156450353 ) ) ;
#1136 =( NAMED_UNIT ( * ) SI_UNIT ( $, .STERADIAN. ) SOLID_ANGLE_UNIT ( ) );
#1137 = EDGE_CURVE ( 'NONE', #4487, #3918, #27, .T. ) ;
#1138 = SURFACE_STYLE_FILL_AREA ( #73 ) ;
#1139 = CARTESIAN_POINT ( 'NONE',  ( 1.200000000000000178, -0.2141666666666979801, -0.8277645427156450353 ) ) ;
#1140 = CARTESIAN_POINT ( 'NONE',  ( 0.6999999999999999556, -0.2141666666666979801, -0.7936354166666603760 ) ) ;
#1141 = VECTOR ( 'NONE', #832, 1000.000000000000114 ) ;
#1142 = VECTOR ( 'NONE', #4036, 1000.000000000000000 ) ;
#1143 = UNCERTAINTY_MEASURE_WITH_UNIT (LENGTH_MEASURE( 1.000000000000000082E-05 ), #4742, 'distance_accuracy_value', 'NONE');
#1144 = PRESENTATION_LAYER_ASSIGNMENT (  '', '', ( #1487 ) ) ;
#1145 = ADVANCED_FACE ( 'NONE', ( #3976 ), #4663, .T. ) ;
#1146 = DIRECTION ( 'NONE',  ( 0.000000000000000000, -4.391011113158564976E-16, -1.000000000000000000 ) ) ;
#1147 =( NAMED_UNIT ( * ) SI_UNIT ( $, .STERADIAN. ) SOLID_ANGLE_UNIT ( ) );
#1148 = DIRECTION ( 'NONE',  ( 1.000000000000000000, 0.000000000000000000, -1.495451272393799296E-16 ) ) ;
#1149 =( NAMED_UNIT ( * ) PLANE_ANGLE_UNIT ( ) SI_UNIT ( $, .RADIAN. ) );
#1150 = CARTESIAN_POINT ( 'NONE',  ( 1.391821781936316560, -0.5330198034688193864, 0.6924691452051197071 ) ) ;
#1151 = SURFACE_STYLE_USAGE ( .BOTH. , #3213 ) ;
#1152 = AXIS2_PLACEMENT_3D ( 'NONE', #3663, #5179, #4278 ) ;
#1153 = LINE ( 'NONE', #769, #4599 ) ;
#1154 = PRESENTATION_STYLE_ASSIGNMENT (( #4250 ) ) ;
#1155 = FILL_AREA_STYLE_COLOUR ( '', #39 ) ;
#1156 = PRESENTATION_STYLE_ASSIGNMENT (( #4073 ) ) ;
#1157 = VERTEX_POINT ( 'NONE', #188 ) ;
#1158 = PRESENTATION_LAYER_ASSIGNMENT (  '', '', ( #3293 ) ) ;
#1159 = LINE ( 'NONE', #3115, #2149 ) ;
#1160 = SURFACE_STYLE_FILL_AREA ( #5077 ) ;
#1161 = ORIENTED_EDGE ( 'NONE', *, *, #5054, .F. ) ;
#1162 = SURFACE_STYLE_USAGE ( .BOTH. , #2376 ) ;
#1163 = EDGE_CURVE ( 'NONE', #724, #3680, #3236, .T. ) ;
#1164 =( GEOMETRIC_REPRESENTATION_CONTEXT ( 3 ) GLOBAL_UNCERTAINTY_ASSIGNED_CONTEXT ( ( #3571 ) ) GLOBAL_UNIT_ASSIGNED_CONTEXT ( ( #3672, #1237, #1654 ) ) REPRESENTATION_CONTEXT ( 'NONE', 'WORKASPACE' ) );
#1165 = FILL_AREA_STYLE_COLOUR ( '', #3120 ) ;
#1166 =( LENGTH_UNIT ( ) NAMED_UNIT ( * ) SI_UNIT ( .MILLI., .METRE. ) );
#1167 =( NAMED_UNIT ( * ) SI_UNIT ( $, .STERADIAN. ) SOLID_ANGLE_UNIT ( ) );
#1168 = ORIENTED_EDGE ( 'NONE', *, *, #2691, .F. ) ;
#1169 = SURFACE_STYLE_USAGE ( .BOTH. , #2784 ) ;
#1170 = ORIENTED_EDGE ( 'NONE', *, *, #1028, .F. ) ;
#1171 = EDGE_CURVE ( 'NONE', #2874, #4444, #332, .T. ) ;
#1172 = ORIENTED_EDGE ( 'NONE', *, *, #2780, .F. ) ;
#1173 = CARTESIAN_POINT ( 'NONE',  ( 1.400647363268796353, -0.1750000000000311307, -0.8000000000000001554 ) ) ;
#1174 = DIRECTION ( 'NONE',  ( -0.000000000000000000, 4.391011113158564976E-16, -1.000000000000000000 ) ) ;
#1175 = ORIENTED_EDGE ( 'NONE', *, *, #1284, .T. ) ;
#1176 = SURFACE_STYLE_FILL_AREA ( #1763 ) ;
#1177 = UNCERTAINTY_MEASURE_WITH_UNIT (LENGTH_MEASURE( 1.000000000000000082E-05 ), #974, 'distance_accuracy_value', 'NONE');
#1178 = DIRECTION ( 'NONE',  ( -1.000000000000000000, -0.000000000000000000, 1.121588454295349533E-16 ) ) ;
#1179 = SURFACE_STYLE_FILL_AREA ( #2588 ) ;
#1180 =( NAMED_UNIT ( * ) SI_UNIT ( $, .STERADIAN. ) SOLID_ANGLE_UNIT ( ) );
#1181 = EDGE_LOOP ( 'NONE', ( #5139, #153, #2132, #3196 ) ) ;
#1182 =( LENGTH_UNIT ( ) NAMED_UNIT ( * ) SI_UNIT ( .MILLI., .METRE. ) );
#1183 = DIRECTION ( 'NONE',  ( 0.000000000000000000, 0.000000000000000000, 1.000000000000000000 ) ) ;
#1184 = SURFACE_SIDE_STYLE ('',( #1121 ) ) ;
#1185 = CARTESIAN_POINT ( 'NONE',  ( 1.449999999999999956, -0.1750000000000311307, -0.8000000000000001554 ) ) ;
#1186 = AXIS2_PLACEMENT_3D ( 'NONE', #2251, #2725, #1850 ) ;
#1187 = VERTEX_POINT ( 'NONE', #3837 ) ;
#1188 =( GEOMETRIC_REPRESENTATION_CONTEXT ( 3 ) GLOBAL_UNCERTAINTY_ASSIGNED_CONTEXT ( ( #2073 ) ) GLOBAL_UNIT_ASSIGNED_CONTEXT ( ( #4482, #52, #3632 ) ) REPRESENTATION_CONTEXT ( 'NONE', 'WORKASPACE' ) );
#1189 = CIRCLE ( 'NONE', #1026, 0.04999999999999998890 ) ;
#1190 = DIRECTION ( 'NONE',  ( 0.000000000000000000, 0.000000000000000000, 1.000000000000000000 ) ) ;
#1191 = EDGE_CURVE ( 'NONE', #298, #2706, #2170, .T. ) ;
#1192 = DIRECTION ( 'NONE',  ( 0.000000000000000000, 0.08634300732914253207, -0.9962654691824661679 ) ) ;
#1193 =( NAMED_UNIT ( * ) SI_UNIT ( $, .STERADIAN. ) SOLID_ANGLE_UNIT ( ) );
#1194 = ORIENTED_EDGE ( 'NONE', *, *, #4788, .F. ) ;
#1195 = EDGE_CURVE ( 'NONE', #5195, #1632, #723, .T. ) ;
#1196 = EDGE_LOOP ( 'NONE', ( #1361, #5011, #3903, #4601 ) ) ;
#1197 = STYLED_ITEM ( 'NONE', ( #415 ), #5089 ) ;
#1198 = FILL_AREA_STYLE_COLOUR ( '', #4998 ) ;
#1199 =( NAMED_UNIT ( * ) SI_UNIT ( $, .STERADIAN. ) SOLID_ANGLE_UNIT ( ) );
#1200 = DIRECTION ( 'NONE',  ( -1.000000000000000000, -0.000000000000000000, 0.000000000000000000 ) ) ;
#1201 = ORIENTED_EDGE ( 'NONE', *, *, #1572, .F. ) ;
#1202 = DIRECTION ( 'NONE',  ( 0.000000000000000000, 0.000000000000000000, 1.000000000000000000 ) ) ;
#1203 = PRESENTATION_LAYER_ASSIGNMENT (  '', '', ( #3181 ) ) ;
#1204 = VECTOR ( 'NONE', #4006, 1000.000000000000000 ) ;
#1205 = CARTESIAN_POINT ( 'NONE',  ( -1.342469145205119396, -0.5330198034688192754, -0.7418217819363165377 ) ) ;
#1206 = CARTESIAN_POINT ( 'NONE',  ( -1.200000000000000178, -0.06568288312786951799, 0.9069313082073553467 ) ) ;
#1207 = EDGE_CURVE ( 'NONE', #3839, #3444, #5015, .T. ) ;
#1208 = COLOUR_RGB ( '',1.000000000000000000, 1.000000000000000000, 1.000000000000000000 ) ;
#1209 = SURFACE_STYLE_FILL_AREA ( #4053 ) ;
#1210 = UNCERTAINTY_MEASURE_WITH_UNIT (LENGTH_MEASURE( 1.000000000000000082E-05 ), #1353, 'distance_accuracy_value', 'NONE');
#1211 = DIRECTION ( 'NONE',  ( -0.000000000000000000, 0.9870527346239436062, -0.1603960693763873402 ) ) ;
#1212 = VECTOR ( 'NONE', #566, 1000.000000000000000 ) ;
#1213 = PRESENTATION_LAYER_ASSIGNMENT (  '', '', ( #386 ) ) ;
#1214 = VECTOR ( 'NONE', #420, 1000.000000000000000 ) ;
#1215 = SURFACE_STYLE_USAGE ( .BOTH. , #3737 ) ;
#1216 = CARTESIAN_POINT ( 'NONE',  ( 1.400647363268796575, -0.1750000000000308253, 0.8000000000000000444 ) ) ;
#1217 = DIRECTION ( 'NONE',  ( 0.000000000000000000, 0.000000000000000000, -1.000000000000000000 ) ) ;
#1218 = DIRECTION ( 'NONE',  ( -1.000000000000000000, -0.000000000000000000, -0.000000000000000000 ) ) ;
#1219 = LINE ( 'NONE', #2334, #1587 ) ;
#1220 = FACE_OUTER_BOUND ( 'NONE', #1611, .T. ) ;
#1221 = VERTEX_POINT ( 'NONE', #226 ) ;
#1222 = SURFACE_STYLE_USAGE ( .BOTH. , #4976 ) ;
#1223 = FILL_AREA_STYLE ('',( #2441 ) ) ;
#1224 = FILL_AREA_STYLE_COLOUR ( '', #4532 ) ;
#1225 = PLANE ( 'NONE',  #4247 ) ;
#1226 = ORIENTED_EDGE ( 'NONE', *, *, #1534, .T. ) ;
#1227 =( LENGTH_UNIT ( ) NAMED_UNIT ( * ) SI_UNIT ( .MILLI., .METRE. ) );
#1228 = VERTEX_POINT ( 'NONE', #1117 ) ;
#1229 = VERTEX_POINT ( 'NONE', #637 ) ;
#1230 = STYLED_ITEM ( 'NONE', ( #589 ), #4270 ) ;
#1231 = SURFACE_STYLE_USAGE ( .BOTH. , #3635 ) ;
#1232 = CARTESIAN_POINT ( 'NONE',  ( -0.6999999999999999556, -0.06568288312786951799, 0.9069313082073553467 ) ) ;
#1233 = VERTEX_POINT ( 'NONE', #3443 ) ;
#1234 = ORIENTED_EDGE ( 'NONE', *, *, #4608, .T. ) ;
#1235 =( NAMED_UNIT ( * ) SI_UNIT ( $, .STERADIAN. ) SOLID_ANGLE_UNIT ( ) );
#1236 = EDGE_CURVE ( 'NONE', #4305, #996, #205, .T. ) ;
#1237 =( NAMED_UNIT ( * ) PLANE_ANGLE_UNIT ( ) SI_UNIT ( $, .RADIAN. ) );
#1238 = ORIENTED_EDGE ( 'NONE', *, *, #4769, .T. ) ;
#1239 = DIRECTION ( 'NONE',  ( -1.000000000000000000, -0.000000000000000000, 0.000000000000000000 ) ) ;
#1240 = UNCERTAINTY_MEASURE_WITH_UNIT (LENGTH_MEASURE( 1.000000000000000082E-05 ), #4662, 'distance_accuracy_value', 'NONE');
#1241 = ORIENTED_EDGE ( 'NONE', *, *, #926, .T. ) ;
#1242 = COLOUR_RGB ( '',1.000000000000000000, 1.000000000000000000, 1.000000000000000000 ) ;
#1243 = DIRECTION ( 'NONE',  ( -0.1583717986114568932, -0.9745956837628331204, -0.1583717986114570320 ) ) ;
#1244 = ORIENTED_EDGE ( 'NONE', *, *, #4575, .F. ) ;
#1245 = LINE ( 'NONE', #3510, #4502 ) ;
#1246 =( NAMED_UNIT ( * ) PLANE_ANGLE_UNIT ( ) SI_UNIT ( $, .RADIAN. ) );
#1247 = DIRECTION ( 'NONE',  ( 0.000000000000000000, -1.487341858474000679E-16, 1.000000000000000000 ) ) ;
#1248 = SURFACE_STYLE_USAGE ( .BOTH. , #3622 ) ;
#1249 = AXIS2_PLACEMENT_3D ( 'NONE', #2086, #1764, #3340 ) ;
#1250 = AXIS2_PLACEMENT_3D ( 'NONE', #3109, #3529, #2751 ) ;
#1251 = ORIENTED_EDGE ( 'NONE', *, *, #4240, .T. ) ;
#1252 = FILL_AREA_STYLE ('',( #2417 ) ) ;
#1253 =( NAMED_UNIT ( * ) PLANE_ANGLE_UNIT ( ) SI_UNIT ( $, .RADIAN. ) );
#1254 = STYLED_ITEM ( 'NONE', ( #3820 ), #183 ) ;
#1255 = DIRECTION ( 'NONE',  ( -0.08602294726405040892, 0.9925724684314052304, -0.08602294726405060321 ) ) ;
#1256 = SURFACE_STYLE_USAGE ( .BOTH. , #2403 ) ;
#1257 = ORIENTED_EDGE ( 'NONE', *, *, #3, .F. ) ;
#1258 = CARTESIAN_POINT ( 'NONE',  ( 1.330116380766929840, 0.6291868393329322906, 0.6801163807669299288 ) ) ;
#1259 = EDGE_CURVE ( 'NONE', #176, #3542, #459, .T. ) ;
#1260 = AXIS2_PLACEMENT_3D ( 'NONE', #97, #2127, #3689 ) ;
#1261 = COLOUR_RGB ( '',0.2509803921568627416, 0.2509803921568627416, 0.2509803921568627416 ) ;
#1262 = DIRECTION ( 'NONE',  ( 0.000000000000000000, 0.000000000000000000, -1.000000000000000000 ) ) ;
#1263 = DIRECTION ( 'NONE',  ( 1.000000000000000000, 0.000000000000000000, 0.000000000000000000 ) ) ;
#1264 = EDGE_CURVE ( 'NONE', #3420, #4033, #4302, .T. ) ;
#1265 = SURFACE_STYLE_FILL_AREA ( #4780 ) ;
#1266 =( NAMED_UNIT ( * ) PLANE_ANGLE_UNIT ( ) SI_UNIT ( $, .RADIAN. ) );
#1267 = DIRECTION ( 'NONE',  ( 0.000000000000000000, 0.9895845686463778934, 0.1439527057646445007 ) ) ;
#1268 = LINE ( 'NONE', #3332, #1212 ) ;
#1269 = PRESENTATION_STYLE_ASSIGNMENT (( #4456 ) ) ;
#1270 = VECTOR ( 'NONE', #1243, 1000.000000000000114 ) ;
#1271 = CIRCLE ( 'NONE', #2300, 0.07999999999999998779 ) ;
#1272 =( NAMED_UNIT ( * ) PLANE_ANGLE_UNIT ( ) SI_UNIT ( $, .RADIAN. ) );
#1273 = LINE ( 'NONE', #3612, #1214 ) ;
#1274 = VERTEX_POINT ( 'NONE', #1084 ) ;
#1275 = STYLED_ITEM ( 'NONE', ( #1670 ), #750 ) ;
#1276 = SURFACE_STYLE_FILL_AREA ( #5186 ) ;
#1277 = PRESENTATION_LAYER_ASSIGNMENT (  '', '', ( #3587 ) ) ;
#1278 = PRESENTATION_STYLE_ASSIGNMENT (( #2252 ) ) ;
#1279 = DIRECTION ( 'NONE',  ( -1.000000000000000000, -0.000000000000000000, -0.000000000000000000 ) ) ;
#1280 =( LENGTH_UNIT ( ) NAMED_UNIT ( * ) SI_UNIT ( .MILLI., .METRE. ) );
#1281 = ORIENTED_EDGE ( 'NONE', *, *, #1892, .F. ) ;
#1282 = CARTESIAN_POINT ( 'NONE',  ( 1.200000000000000178, -0.05416666666669788660, 0.8277645427156449243 ) ) ;
#1283 = CARTESIAN_POINT ( 'NONE',  ( 0.2500000000000000000, -0.05416666666669783803, -0.8277645427156451463 ) ) ;
#1284 = EDGE_CURVE ( 'NONE', #4708, #1157, #4485, .T. ) ;
#1285 = LINE ( 'NONE', #134, #1350 ) ;
#1286 = ORIENTED_EDGE ( 'NONE', *, *, #2780, .T. ) ;
#1287 = DIRECTION ( 'NONE',  ( -1.000000000000000000, -0.000000000000000000, 0.000000000000000000 ) ) ;
#1288 = CARTESIAN_POINT ( 'NONE',  ( 1.339145906842450273, 0.5250000000000000222, 0.6891459068424502510 ) ) ;
#1289 = MECHANICAL_DESIGN_GEOMETRIC_PRESENTATION_REPRESENTATION (  '', ( #1556 ), #1928 ) ;
#1290 = LINE ( 'NONE', #949, #4744 ) ;
#1291 = EDGE_CURVE ( 'NONE', #1998, #4444, #593, .T. ) ;
#1292 =( GEOMETRIC_REPRESENTATION_CONTEXT ( 3 ) GLOBAL_UNCERTAINTY_ASSIGNED_CONTEXT ( ( #1108 ) ) GLOBAL_UNIT_ASSIGNED_CONTEXT ( ( #2457, #1586, #2031 ) ) REPRESENTATION_CONTEXT ( 'NONE', 'WORKASPACE' ) );
#1293 = ORIENTED_EDGE ( 'NONE', *, *, #335, .T. ) ;
#1294 = VECTOR ( 'NONE', #875, 1000.000000000000114 ) ;
#1295 = ORIENTED_EDGE ( 'NONE', *, *, #3445, .T. ) ;
#1296 = CARTESIAN_POINT ( 'NONE',  ( -1.339145906842450273, 0.5293171503664571009, -0.7389591803015733706 ) ) ;
#1297 = LINE ( 'NONE', #5225, #4369 ) ;
#1298 = CARTESIAN_POINT ( 'NONE',  ( -0.6999999999999999556, 0.5950000000000000844, -1.400000000000000133 ) ) ;
#1299 = VERTEX_POINT ( 'NONE', #257 ) ;
#1300 = MECHANICAL_DESIGN_GEOMETRIC_PRESENTATION_REPRESENTATION (  '', ( #12 ), #1567 ) ;
#1301 = CARTESIAN_POINT ( 'NONE',  ( -1.200000000000000178, 0.6750000000000000444, 1.153085987590313888 ) ) ;
#1302 = SURFACE_STYLE_FILL_AREA ( #3024 ) ;
#1303 = DIRECTION ( 'NONE',  ( -1.000000000000000000, 0.000000000000000000, 1.495451272393799296E-16 ) ) ;
#1304 = SURFACE_SIDE_STYLE ('',( #4162 ) ) ;
#1305 = VERTEX_POINT ( 'NONE', #3886 ) ;
#1306 = EDGE_CURVE ( 'NONE', #4026, #298, #4877, .T. ) ;
#1307 = SURFACE_SIDE_STYLE ('',( #2079 ) ) ;
#1308 = FILL_AREA_STYLE ('',( #3249 ) ) ;
#1309 = EDGE_LOOP ( 'NONE', ( #4999, #3553, #2582, #3119 ) ) ;
#1310 = VECTOR ( 'NONE', #3144, 1000.000000000000000 ) ;
#1311 = VECTOR ( 'NONE', #4860, 1000.000000000000000 ) ;
#1312 = VERTEX_POINT ( 'NONE', #1493 ) ;
#1313 =( GEOMETRIC_REPRESENTATION_CONTEXT ( 3 ) GLOBAL_UNCERTAINTY_ASSIGNED_CONTEXT ( ( #3696 ) ) GLOBAL_UNIT_ASSIGNED_CONTEXT ( ( #5161, #1972, #4783 ) ) REPRESENTATION_CONTEXT ( 'NONE', 'WORKASPACE' ) );
#1314 = VECTOR ( 'NONE', #3452, 1000.000000000000227 ) ;
#1315 = CARTESIAN_POINT ( 'NONE',  ( 1.339145906842450273, 0.5250000000000000222, 0.6891459068424503620 ) ) ;
#1316 =( LENGTH_UNIT ( ) NAMED_UNIT ( * ) SI_UNIT ( .MILLI., .METRE. ) );
#1317 = FILL_AREA_STYLE ('',( #2527 ) ) ;
#1318 = ORIENTED_EDGE ( 'NONE', *, *, #1264, .T. ) ;
#1319 = CYLINDRICAL_SURFACE ( 'NONE', #5171, 0.05000000000000000278 ) ;
#1320 = CARTESIAN_POINT ( 'NONE',  ( 0.2500000000000000000, -0.1750000000000308253, 0.8000000000000001554 ) ) ;
#1321 = PLANE ( 'NONE',  #2126 ) ;
#1322 = CARTESIAN_POINT ( 'NONE',  ( 0.2500000000000000000, 0.5950000000000001954, 1.153085987590313666 ) ) ;
#1323 = STYLED_ITEM ( 'NONE', ( #3203 ), #2245 ) ;
#1324 = ORIENTED_EDGE ( 'NONE', *, *, #4134, .T. ) ;
#1325 = VECTOR ( 'NONE', #5020, 1000.000000000000000 ) ;
#1326 =( GEOMETRIC_REPRESENTATION_CONTEXT ( 3 ) GLOBAL_UNCERTAINTY_ASSIGNED_CONTEXT ( ( #2528 ) ) GLOBAL_UNIT_ASSIGNED_CONTEXT ( ( #3288, #92, #515 ) ) REPRESENTATION_CONTEXT ( 'NONE', 'WORKASPACE' ) );
#1327 =( LENGTH_UNIT ( ) NAMED_UNIT ( * ) SI_UNIT ( .MILLI., .METRE. ) );
#1328 = STYLED_ITEM ( 'NONE', ( #4873 ), #4219 ) ;
#1329 = DIRECTION ( 'NONE',  ( 0.000000000000000000, 0.000000000000000000, 1.000000000000000000 ) ) ;
#1330 = FILL_AREA_STYLE_COLOUR ( '', #4754 ) ;
#1331 = ADVANCED_FACE ( 'NONE', ( #5202 ), #3655, .F. ) ;
#1332 = SURFACE_STYLE_FILL_AREA ( #3481 ) ;
#1333 = CARTESIAN_POINT ( 'NONE',  ( -1.200000000000000178, -0.2141666666666979801, -0.8277645427156452573 ) ) ;
#1334 = EDGE_CURVE ( 'NONE', #2487, #3218, #3282, .T. ) ;
#1335 = FILL_AREA_STYLE_COLOUR ( '', #2030 ) ;
#1336 = ORIENTED_EDGE ( 'NONE', *, *, #1554, .F. ) ;
#1337 =( NAMED_UNIT ( * ) PLANE_ANGLE_UNIT ( ) SI_UNIT ( $, .RADIAN. ) );
#1338 = CARTESIAN_POINT ( 'NONE',  ( 0.2500000000000000000, -0.2141666666666977581, -0.6455263157894751691 ) ) ;
#1339 = ORIENTED_EDGE ( 'NONE', *, *, #3138, .F. ) ;
#1340 = DIRECTION ( 'NONE',  ( -1.000000000000000000, 0.000000000000000000, -0.000000000000000000 ) ) ;
#1341 = FACE_OUTER_BOUND ( 'NONE', #4678, .T. ) ;
#1342 = DIRECTION ( 'NONE',  ( -1.000000000000000000, -0.000000000000000000, 0.000000000000000000 ) ) ;
#1343 = EDGE_LOOP ( 'NONE', ( #489, #2739, #1100, #972 ) ) ;
#1344 = AXIS2_PLACEMENT_3D ( 'NONE', #2314, #240, #1460 ) ;
#1345 = STYLED_ITEM ( 'NONE', ( #3505 ), #2277 ) ;
#1346 = CARTESIAN_POINT ( 'NONE',  ( -0.6999999999999999556, -0.05416666666669783803, -0.8277645427156452573 ) ) ;
#1347 =( NAMED_UNIT ( * ) SI_UNIT ( $, .STERADIAN. ) SOLID_ANGLE_UNIT ( ) );
#1348 = CARTESIAN_POINT ( 'NONE',  ( 1.200000000000000178, -0.1341666666666978813, 0.6455263157894750581 ) ) ;
#1349 = ORIENTED_EDGE ( 'NONE', *, *, #1195, .F. ) ;
#1350 = VECTOR ( 'NONE', #2129, 1000.000000000000000 ) ;
#1351 = DIRECTION ( 'NONE',  ( 0.000000000000000000, 0.9895845686463778934, -0.1439527057646445007 ) ) ;
#1352 = VERTEX_POINT ( 'NONE', #3684 ) ;
#1353 =( LENGTH_UNIT ( ) NAMED_UNIT ( * ) SI_UNIT ( .MILLI., .METRE. ) );
#1354 = PRESENTATION_LAYER_ASSIGNMENT (  '', '', ( #1085 ) ) ;
#1355 = SURFACE_STYLE_FILL_AREA ( #4775 ) ;
#1356 = CYLINDRICAL_SURFACE ( 'NONE', #2498, 0.1599999999999999756 ) ;
#1357 = ADVANCED_FACE ( 'NONE', ( #3107 ), #4523, .F. ) ;
#1358 = DIRECTION ( 'NONE',  ( 0.000000000000000000, 1.487341858474000679E-16, 1.000000000000000000 ) ) ;
#1359 = DIRECTION ( 'NONE',  ( 0.08602294726405149139, -0.9925724684314050084, -0.08602294726405149139 ) ) ;
#1360 = ORIENTED_EDGE ( 'NONE', *, *, #2882, .T. ) ;
#1361 = ORIENTED_EDGE ( 'NONE', *, *, #2903, .T. ) ;
#1362 = CARTESIAN_POINT ( 'NONE',  ( 1.200000000000000178, 0.6750000000000000444, 1.399999999999999689 ) ) ;
#1363 = EDGE_CURVE ( 'NONE', #5092, #3739, #2737, .T. ) ;
#1364 =( GEOMETRIC_REPRESENTATION_CONTEXT ( 3 ) GLOBAL_UNCERTAINTY_ASSIGNED_CONTEXT ( ( #687 ) ) GLOBAL_UNIT_ASSIGNED_CONTEXT ( ( #2830, #3592, #3165 ) ) REPRESENTATION_CONTEXT ( 'NONE', 'WORKASPACE' ) );
#1365 = LINE ( 'NONE', #1868, #276 ) ;
#1366 = VERTEX_POINT ( 'NONE', #465 ) ;
#1367 = FILL_AREA_STYLE ('',( #3745 ) ) ;
#1368 = FILL_AREA_STYLE_COLOUR ( '', #1086 ) ;
#1369 = DIRECTION ( 'NONE',  ( -0.000000000000000000, 0.000000000000000000, 1.000000000000000000 ) ) ;
#1370 = ORIENTED_EDGE ( 'NONE', *, *, #2540, .F. ) ;
#1371 = COLOUR_RGB ( '',0.2509803921568627416, 0.2509803921568627416, 0.2509803921568627416 ) ;
#1372 = CARTESIAN_POINT ( 'NONE',  ( 0.6999999999999999556, 0.6750000000000000444, 1.153085987590313444 ) ) ;
#1373 = UNCERTAINTY_MEASURE_WITH_UNIT (LENGTH_MEASURE( 1.000000000000000082E-05 ), #1227, 'distance_accuracy_value', 'NONE');
#1374 = CARTESIAN_POINT ( 'NONE',  ( 1.200000000000000178, -0.1341666666666978536, 0.8277645427156449243 ) ) ;
#1375 = FILL_AREA_STYLE ('',( #4944 ) ) ;
#1376 = CARTESIAN_POINT ( 'NONE',  ( -0.2500000000000000000, -0.1750000000000311307, -0.7999999999999934941 ) ) ;
#1377 = CIRCLE ( 'NONE', #1834, 0.1600000000000001976 ) ;
#1378 = DIRECTION ( 'NONE',  ( 0.000000000000000000, 0.000000000000000000, 1.000000000000000000 ) ) ;
#1379 = CARTESIAN_POINT ( 'NONE',  ( 0.2500000000000000000, 0.5380324329223433732, 0.9947524566068931540 ) ) ;
#1380 = DIRECTION ( 'NONE',  ( 0.000000000000000000, 0.9895845686463776714, -0.1439527057646453889 ) ) ;
#1381 = DIRECTION ( 'NONE',  ( 0.000000000000000000, 2.974683716947999386E-16, 1.000000000000000000 ) ) ;
#1382 = ORIENTED_EDGE ( 'NONE', *, *, #5073, .F. ) ;
#1383 = PRESENTATION_STYLE_ASSIGNMENT (( #1435 ) ) ;
#1384 = PRESENTATION_LAYER_ASSIGNMENT (  '', '', ( #1486 ) ) ;
#1385 = DIRECTION ( 'NONE',  ( 0.000000000000000000, 4.391011113158564976E-16, 1.000000000000000000 ) ) ;
#1386 = ORIENTED_EDGE ( 'NONE', *, *, #2299, .F. ) ;
#1387 = SURFACE_STYLE_FILL_AREA ( #340 ) ;
#1388 = PLANE ( 'NONE',  #5232 ) ;
#1389 = ADVANCED_FACE ( 'NONE', ( #4610 ), #2554, .F. ) ;
#1390 = CARTESIAN_POINT ( 'NONE',  ( -0.2500000000000000000, 0.5150000000000000133, 1.153085987590313666 ) ) ;
#1391 = CARTESIAN_POINT ( 'NONE',  ( 1.200000000000000178, -0.1341666666666978536, -0.8277645427156449243 ) ) ;
#1392 =( LENGTH_UNIT ( ) NAMED_UNIT ( * ) SI_UNIT ( .MILLI., .METRE. ) );
#1393 = PRESENTATION_STYLE_ASSIGNMENT (( #54 ) ) ;
#1394 = FILL_AREA_STYLE_COLOUR ( '', #845 ) ;
#1395 = AXIS2_PLACEMENT_3D ( 'NONE', #4902, #481, #3286 ) ;
#1396 = EDGE_CURVE ( 'NONE', #663, #1187, #715, .T. ) ;
#1397 = AXIS2_PLACEMENT_3D ( 'NONE', #2469, #839, #2848 ) ;
#1398 = DIRECTION ( 'NONE',  ( 0.000000000000000000, 0.000000000000000000, 1.000000000000000000 ) ) ;
#1399 = CARTESIAN_POINT ( 'NONE',  ( -1.200000000000000178, -0.1341666666666978536, -0.8277645427156451463 ) ) ;
#1400 = CARTESIAN_POINT ( 'NONE',  ( 1.449999999999999956, -0.1750000000000311307, 0.7506473632687966635 ) ) ;
#1401 = CYLINDRICAL_SURFACE ( 'NONE', #2836, 0.1600000000000000866 ) ;
#1402 = LINE ( 'NONE', #2667, #3706 ) ;
#1403 = DIRECTION ( 'NONE',  ( 0.000000000000000000, 4.391011113158564976E-16, 1.000000000000000000 ) ) ;
#1404 = UNCERTAINTY_MEASURE_WITH_UNIT (LENGTH_MEASURE( 1.000000000000000082E-05 ), #4473, 'distance_accuracy_value', 'NONE');
#1405 = VECTOR ( 'NONE', #3741, 1000.000000000000000 ) ;
#1406 = STYLED_ITEM ( 'NONE', ( #3601 ), #4131 ) ;
#1407 = LINE ( 'NONE', #1583, #4598 ) ;
#1408 = VECTOR ( 'NONE', #3599, 1000.000000000000000 ) ;
#1409 = LINE ( 'NONE', #1822, #1527 ) ;
#1410 = CYLINDRICAL_SURFACE ( 'NONE', #945, 0.08000000000000020983 ) ;
#1411 = EDGE_LOOP ( 'NONE', ( #4700, #1450, #210, #319 ) ) ;
#1412 = DIRECTION ( 'NONE',  ( -1.000000000000000000, -0.000000000000000000, -0.000000000000000000 ) ) ;
#1413 = EDGE_CURVE ( 'NONE', #1299, #3521, #4028, .T. ) ;
#1414 = DIRECTION ( 'NONE',  ( 1.000000000000000000, 0.000000000000000000, 0.000000000000000000 ) ) ;
#1415 = DIRECTION ( 'NONE',  ( 0.000000000000000000, -0.1439527057646453889, 0.9895845686463776714 ) ) ;
#1416 = LINE ( 'NONE', #3834, #2982 ) ;
#1417 = COLOUR_RGB ( '',0.2509803921568627416, 0.2509803921568627416, 0.2509803921568627416 ) ;
#1418 = ADVANCED_FACE ( 'NONE', ( #523 ), #4812, .T. ) ;
#1419 = VERTEX_POINT ( 'NONE', #498 ) ;
#1420 =( LENGTH_UNIT ( ) NAMED_UNIT ( * ) SI_UNIT ( .MILLI., .METRE. ) );
#1421 = CARTESIAN_POINT ( 'NONE',  ( 0.6999999999999999556, -0.06568288312786951799, -0.9069313082073551247 ) ) ;
#1422 =( GEOMETRIC_REPRESENTATION_CONTEXT ( 3 ) GLOBAL_UNCERTAINTY_ASSIGNED_CONTEXT ( ( #3253 ) ) GLOBAL_UNIT_ASSIGNED_CONTEXT ( ( #4084, #3735, #1347 ) ) REPRESENTATION_CONTEXT ( 'NONE', 'WORKASPACE' ) );
#1423 = COLOUR_RGB ( '',1.000000000000000000, 1.000000000000000000, 1.000000000000000000 ) ;
#1424 = ORIENTED_EDGE ( 'NONE', *, *, #5078, .T. ) ;
#1425 = DIRECTION ( 'NONE',  ( -1.000000000000000000, -0.000000000000000000, -0.000000000000000000 ) ) ;
#1426 = STYLED_ITEM ( 'NONE', ( #4950 ), #1118 ) ;
#1427 = VERTEX_POINT ( 'NONE', #2499 ) ;
#1428 = ORIENTED_EDGE ( 'NONE', *, *, #4512, .T. ) ;
#1429 = SURFACE_STYLE_USAGE ( .BOTH. , #3789 ) ;
#1430 = FACE_OUTER_BOUND ( 'NONE', #3111, .T. ) ;
#1431 = MECHANICAL_DESIGN_GEOMETRIC_PRESENTATION_REPRESENTATION (  '', ( #3293 ), #1690 ) ;
#1432 = ORIENTED_EDGE ( 'NONE', *, *, #5219, .F. ) ;
#1433 = PRESENTATION_STYLE_ASSIGNMENT (( #3565 ) ) ;
#1434 = DIRECTION ( 'NONE',  ( 0.000000000000000000, 0.000000000000000000, -1.000000000000000000 ) ) ;
#1435 = SURFACE_STYLE_USAGE ( .BOTH. , #170 ) ;
#1436 = SURFACE_SIDE_STYLE ('',( #1642 ) ) ;
#1437 = ORIENTED_EDGE ( 'NONE', *, *, #714, .T. ) ;
#1438 = UNCERTAINTY_MEASURE_WITH_UNIT (LENGTH_MEASURE( 1.000000000000000082E-05 ), #2794, 'distance_accuracy_value', 'NONE');
#1439 = EDGE_CURVE ( 'NONE', #4266, #2730, #5010, .T. ) ;
#1440 = DIRECTION ( 'NONE',  ( 0.000000000000000000, 0.000000000000000000, -1.000000000000000000 ) ) ;
#1441 = EDGE_LOOP ( 'NONE', ( #4056, #2914, #4935, #2445 ) ) ;
#1442 = UNCERTAINTY_MEASURE_WITH_UNIT (LENGTH_MEASURE( 1.000000000000000082E-05 ), #2592, 'distance_accuracy_value', 'NONE');
#1443 = DIRECTION ( 'NONE',  ( 0.9870527346239427180, 0.1603960693763926415, 0.000000000000000000 ) ) ;
#1444 = ADVANCED_FACE ( 'NONE', ( #4360 ), #2121, .F. ) ;
#1445 = EDGE_CURVE ( 'NONE', #176, #4796, #2422, .T. ) ;
#1446 = SURFACE_STYLE_USAGE ( .BOTH. , #2227 ) ;
#1447 = ORIENTED_EDGE ( 'NONE', *, *, #1123, .T. ) ;
#1448 = SURFACE_STYLE_FILL_AREA ( #612 ) ;
#1449 = DIRECTION ( 'NONE',  ( 0.000000000000000000, 0.000000000000000000, -1.000000000000000000 ) ) ;
#1450 = ORIENTED_EDGE ( 'NONE', *, *, #4007, .F. ) ;
#1451 = CARTESIAN_POINT ( 'NONE',  ( 1.200000000000000178, -0.1341666666666978813, -0.6455263157894750581 ) ) ;
#1452 = DIRECTION ( 'NONE',  ( 0.000000000000000000, 0.000000000000000000, 1.000000000000000000 ) ) ;
#1453 = FILL_AREA_STYLE_COLOUR ( '', #3329 ) ;
#1454 = ORIENTED_EDGE ( 'NONE', *, *, #801, .F. ) ;
#1455 = FACE_OUTER_BOUND ( 'NONE', #1739, .T. ) ;
#1456 = CARTESIAN_POINT ( 'NONE',  ( 0.6999999999999999556, 0.5265162164611717488, 1.073919222098602910 ) ) ;
#1457 =( GEOMETRIC_REPRESENTATION_CONTEXT ( 3 ) GLOBAL_UNCERTAINTY_ASSIGNED_CONTEXT ( ( #3227 ) ) GLOBAL_UNIT_ASSIGNED_CONTEXT ( ( #2266, #2676, #243 ) ) REPRESENTATION_CONTEXT ( 'NONE', 'WORKASPACE' ) );
#1458 =( LENGTH_UNIT ( ) NAMED_UNIT ( * ) SI_UNIT ( .MILLI., .METRE. ) );
#1459 = AXIS2_PLACEMENT_3D ( 'NONE', #146, #2978, #4187 ) ;
#1460 = DIRECTION ( 'NONE',  ( 0.000000000000000000, -2.168404344971007685E-15, 1.000000000000000000 ) ) ;
#1461 = EDGE_CURVE ( 'NONE', #3302, #1866, #4025, .T. ) ;
#1462 = FILL_AREA_STYLE_COLOUR ( '', #2367 ) ;
#1463 = CARTESIAN_POINT ( 'NONE',  ( 1.339145906842450273, 0.5250000000000000222, 0.6891459068424502510 ) ) ;
#1464 = LINE ( 'NONE', #4280, #895 ) ;
#1465 = VECTOR ( 'NONE', #2432, 1000.000000000000000 ) ;
#1466 = EDGE_CURVE ( 'NONE', #578, #3251, #4418, .T. ) ;
#1467 = STYLED_ITEM ( 'NONE', ( #4438 ), #5106 ) ;
#1468 = ADVANCED_FACE ( 'NONE', ( #3220 ), #182, .F. ) ;
#1469 = DIRECTION ( 'NONE',  ( 0.000000000000000000, -0.1439527057646453889, -0.9895845686463776714 ) ) ;
#1470 = CARTESIAN_POINT ( 'NONE',  ( -1.400186726540876503, -0.1750000000000308253, 0.8000000000000003775 ) ) ;
#1471 = LINE ( 'NONE', #1451, #767 ) ;
#1472 = UNCERTAINTY_MEASURE_WITH_UNIT (LENGTH_MEASURE( 1.000000000000000082E-05 ), #3197, 'distance_accuracy_value', 'NONE');
#1473 = COLOUR_RGB ( '',1.000000000000000000, 1.000000000000000000, 1.000000000000000000 ) ;
#1474 = SURFACE_STYLE_FILL_AREA ( #2764 ) ;
#1475 = MECHANICAL_DESIGN_GEOMETRIC_PRESENTATION_REPRESENTATION (  '', ( #3181 ), #3083 ) ;
#1476 = SURFACE_SIDE_STYLE ('',( #2232 ) ) ;
#1477 = ORIENTED_EDGE ( 'NONE', *, *, #2589, .F. ) ;
#1478 = DIRECTION ( 'NONE',  ( -1.000000000000000000, -0.000000000000000000, -0.000000000000000000 ) ) ;
#1479 = EDGE_CURVE ( 'NONE', #1305, #4174, #4676, .T. ) ;
#1480 = ORIENTED_EDGE ( 'NONE', *, *, #3830, .F. ) ;
#1481 = DIRECTION ( 'NONE',  ( 1.000000000000000000, 0.000000000000000000, -0.000000000000000000 ) ) ;
#1482 = DIRECTION ( 'NONE',  ( 0.000000000000000000, 0.000000000000000000, 1.000000000000000000 ) ) ;
#1483 = EDGE_LOOP ( 'NONE', ( #2926, #4289, #1855, #3113, #4031, #911 ) ) ;
#1484 = VERTEX_POINT ( 'NONE', #194 ) ;
#1485 = CARTESIAN_POINT ( 'NONE',  ( -1.191068782023290238E-16, -0.1341666666666978813, -0.7964611111111112862 ) ) ;
#1486 = STYLED_ITEM ( 'NONE', ( #666 ), #638 ) ;
#1487 = STYLED_ITEM ( 'NONE', ( #2317 ), #2971 ) ;
#1488 = CIRCLE ( 'NONE', #1753, 0.04999999999999991257 ) ;
#1489 = VERTEX_POINT ( 'NONE', #3751 ) ;
#1490 = CIRCLE ( 'NONE', #4980, 0.08000000000000020983 ) ;
#1491 = VERTEX_POINT ( 'NONE', #1376 ) ;
#1492 = CARTESIAN_POINT ( 'NONE',  ( 1.200000000000000178, -0.05416666666669788660, -0.8277645427156449243 ) ) ;
#1493 = CARTESIAN_POINT ( 'NONE',  ( 1.200000000000000178, 0.5950000000000000844, 1.399999999999999689 ) ) ;
#1494 = ADVANCED_FACE ( 'NONE', ( #2989 ), #4223, .F. ) ;
#1495 = VERTEX_POINT ( 'NONE', #556 ) ;
#1496 = AXIS2_PLACEMENT_3D ( 'NONE', #4824, #2950, #1619 ) ;
#1497 = DIRECTION ( 'NONE',  ( -1.000000000000000000, -3.336370912109251869E-32, 1.121588454295349780E-16 ) ) ;
#1498 = FACE_OUTER_BOUND ( 'NONE', #3984, .T. ) ;
#1499 = ORIENTED_EDGE ( 'NONE', *, *, #442, .F. ) ;
#1500 = ADVANCED_BREP_SHAPE_REPRESENTATION ( 'ADR3440ARJZ', ( #4649, #412 ), #4356 ) ;
#1501 = DIRECTION ( 'NONE',  ( 1.000000000000000000, 0.000000000000000000, -0.000000000000000000 ) ) ;
#1502 =( LENGTH_UNIT ( ) NAMED_UNIT ( * ) SI_UNIT ( .MILLI., .METRE. ) );
#1503 = MECHANICAL_DESIGN_GEOMETRIC_PRESENTATION_REPRESENTATION (  '', ( #1230 ), #3112 ) ;
#1504 = PRODUCT_RELATED_PRODUCT_CATEGORY ( 'part', '', ( #1066 ) ) ;
#1505 = ORIENTED_EDGE ( 'NONE', *, *, #3685, .F. ) ;
#1506 = FACE_OUTER_BOUND ( 'NONE', #4483, .T. ) ;
#1507 = SURFACE_STYLE_USAGE ( .BOTH. , #2 ) ;
#1508 = EDGE_CURVE ( 'NONE', #1866, #5127, #1043, .T. ) ;
#1509 = ORIENTED_EDGE ( 'NONE', *, *, #3261, .T. ) ;
#1510 =( LENGTH_UNIT ( ) NAMED_UNIT ( * ) SI_UNIT ( .MILLI., .METRE. ) );
#1511 = ADVANCED_FACE ( 'NONE', ( #3048 ), #1852, .F. ) ;
#1512 = DIRECTION ( 'NONE',  ( -1.000000000000000000, -2.224247274739502797E-32, 1.495451272393799542E-16 ) ) ;
#1513 = CARTESIAN_POINT ( 'NONE',  ( -1.200000000000000178, 0.5950000000000000844, 1.400000000000000133 ) ) ;
#1514 =( GEOMETRIC_REPRESENTATION_CONTEXT ( 3 ) GLOBAL_UNCERTAINTY_ASSIGNED_CONTEXT ( ( #3074 ) ) GLOBAL_UNIT_ASSIGNED_CONTEXT ( ( #1891, #2328, #1519 ) ) REPRESENTATION_CONTEXT ( 'NONE', 'WORKASPACE' ) );
#1515 = VECTOR ( 'NONE', #2341, 1000.000000000000000 ) ;
#1516 = VECTOR ( 'NONE', #962, 1000.000000000000000 ) ;
#1517 = CARTESIAN_POINT ( 'NONE',  ( -1.200000000000000178, 0.5749999999999999556, 0.7350000000000003197 ) ) ;
#1518 =( GEOMETRIC_REPRESENTATION_CONTEXT ( 3 ) GLOBAL_UNCERTAINTY_ASSIGNED_CONTEXT ( ( #2014 ) ) GLOBAL_UNIT_ASSIGNED_CONTEXT ( ( #3142, #301, #2339 ) ) REPRESENTATION_CONTEXT ( 'NONE', 'WORKASPACE' ) );
#1519 =( NAMED_UNIT ( * ) SI_UNIT ( $, .STERADIAN. ) SOLID_ANGLE_UNIT ( ) );
#1520 = LINE ( 'NONE', #4195, #2467 ) ;
#1521 = FACE_OUTER_BOUND ( 'NONE', #3426, .T. ) ;
#1522 =( LENGTH_UNIT ( ) NAMED_UNIT ( * ) SI_UNIT ( .MILLI., .METRE. ) );
#1523 = LINE ( 'NONE', #4921, #314 ) ;
#1524 = FILL_AREA_STYLE_COLOUR ( '', #1417 ) ;
#1525 = COLOUR_RGB ( '',1.000000000000000000, 1.000000000000000000, 1.000000000000000000 ) ;
#1526 = CYLINDRICAL_SURFACE ( 'NONE', #187, 0.04999999999999998890 ) ;
#1527 = VECTOR ( 'NONE', #2648, 1000.000000000000114 ) ;
#1528 = EDGE_CURVE ( 'NONE', #298, #1229, #4411, .T. ) ;
#1529 = EDGE_LOOP ( 'NONE', ( #3743, #3765, #3972, #277 ) ) ;
#1530 = PLANE ( 'NONE',  #3049 ) ;
#1531 = DIRECTION ( 'NONE',  ( 0.000000000000000000, 0.000000000000000000, 1.000000000000000000 ) ) ;
#1532 = FILL_AREA_STYLE ('',( #4784 ) ) ;
#1533 = ORIENTED_EDGE ( 'NONE', *, *, #2282, .T. ) ;
#1534 = EDGE_CURVE ( 'NONE', #1861, #75, #2151, .T. ) ;
#1535 = CARTESIAN_POINT ( 'NONE',  ( 1.384999999999999565, -0.5330198034688192754, 0.7418217819363167598 ) ) ;
#1536 = PRESENTATION_LAYER_ASSIGNMENT (  '', '', ( #12 ) ) ;
#1537 = SURFACE_STYLE_USAGE ( .BOTH. , #3518 ) ;
#1538 = FILL_AREA_STYLE ('',( #2349 ) ) ;
#1539 = ADVANCED_FACE ( 'NONE', ( #518 ), #4605, .T. ) ;
#1540 = EDGE_LOOP ( 'NONE', ( #907, #3803, #3791, #3567 ) ) ;
#1541 = SURFACE_SIDE_STYLE ('',( #1103 ) ) ;
#1542 = ORIENTED_EDGE ( 'NONE', *, *, #1695, .F. ) ;
#1543 = VECTOR ( 'NONE', #2194, 1000.000000000000000 ) ;
#1544 = ORIENTED_EDGE ( 'NONE', *, *, #4575, .T. ) ;
#1545 = LINE ( 'NONE', #679, #600 ) ;
#1546 =( LENGTH_UNIT ( ) NAMED_UNIT ( * ) SI_UNIT ( .MILLI., .METRE. ) );
#1547 =( NAMED_UNIT ( * ) SI_UNIT ( $, .STERADIAN. ) SOLID_ANGLE_UNIT ( ) );
#1548 = CARTESIAN_POINT ( 'NONE',  ( 0.6999999999999999556, 0.5950000000000000844, -1.399999999999999689 ) ) ;
#1549 = FILL_AREA_STYLE ('',( #4372 ) ) ;
#1550 = AXIS2_PLACEMENT_3D ( 'NONE', #4011, #1342, #4533 ) ;
#1551 = ORIENTED_EDGE ( 'NONE', *, *, #2711, .T. ) ;
#1552 = MECHANICAL_DESIGN_GEOMETRIC_PRESENTATION_REPRESENTATION (  '', ( #3514 ), #2358 ) ;
#1553 = CARTESIAN_POINT ( 'NONE',  ( -0.2500000000000000000, 0.5380324329223433732, -0.9947524566068931540 ) ) ;
#1554 = EDGE_CURVE ( 'NONE', #3600, #1228, #2414, .T. ) ;
#1555 = ORIENTED_EDGE ( 'NONE', *, *, #4632, .T. ) ;
#1556 = STYLED_ITEM ( 'NONE', ( #2397 ), #2547 ) ;
#1557 = EDGE_LOOP ( 'NONE', ( #2166, #1719, #1752, #112 ) ) ;
#1558 = UNCERTAINTY_MEASURE_WITH_UNIT (LENGTH_MEASURE( 1.000000000000000082E-05 ), #1937, 'distance_accuracy_value', 'NONE');
#1559 = LINE ( 'NONE', #2752, #423 ) ;
#1560 = CYLINDRICAL_SURFACE ( 'NONE', #3171, 0.07999999999999998779 ) ;
#1561 = EDGE_CURVE ( 'NONE', #654, #2874, #646, .T. ) ;
#1562 = SURFACE_SIDE_STYLE ('',( #1474 ) ) ;
#1563 = ORIENTED_EDGE ( 'NONE', *, *, #3405, .T. ) ;
#1564 = DIRECTION ( 'NONE',  ( -0.000000000000000000, -0.9870527346239434952, -0.1603960693763874512 ) ) ;
#1565 = DIRECTION ( 'NONE',  ( -1.000000000000000000, -0.000000000000000000, -0.000000000000000000 ) ) ;
#1566 = PLANE ( 'NONE',  #2060 ) ;
#1567 =( GEOMETRIC_REPRESENTATION_CONTEXT ( 3 ) GLOBAL_UNCERTAINTY_ASSIGNED_CONTEXT ( ( #1404 ) ) GLOBAL_UNIT_ASSIGNED_CONTEXT ( ( #4473, #499, #2074 ) ) REPRESENTATION_CONTEXT ( 'NONE', 'WORKASPACE' ) );
#1568 = ORIENTED_EDGE ( 'NONE', *, *, #3103, .F. ) ;
#1569 = CARTESIAN_POINT ( 'NONE',  ( -1.449999999999999956, -0.1750000000000308253, 0.8000000000000003775 ) ) ;
#1570 = SURFACE_SIDE_STYLE ('',( #512 ) ) ;
#1571 = ORIENTED_EDGE ( 'NONE', *, *, #77, .T. ) ;
#1572 = EDGE_CURVE ( 'NONE', #3003, #3542, #4354, .T. ) ;
#1573 = FACE_OUTER_BOUND ( 'NONE', #1603, .T. ) ;
#1574 =( NAMED_UNIT ( * ) PLANE_ANGLE_UNIT ( ) SI_UNIT ( $, .RADIAN. ) );
#1575 = MECHANICAL_DESIGN_GEOMETRIC_PRESENTATION_REPRESENTATION (  '', ( #4816 ), #491 ) ;
#1576 = DIRECTION ( 'NONE',  ( -1.000000000000000000, -0.000000000000000000, 0.000000000000000000 ) ) ;
#1577 = DIRECTION ( 'NONE',  ( 0.000000000000000000, 0.1603960693763873679, 0.9870527346239436062 ) ) ;
#1578 = FILL_AREA_STYLE ('',( #371 ) ) ;
#1579 = COLOUR_RGB ( '',1.000000000000000000, 1.000000000000000000, 1.000000000000000000 ) ;
#1580 = VECTOR ( 'NONE', #4739, 1000.000000000000000 ) ;
#1581 = LINE ( 'NONE', #2594, #3031 ) ;
#1582 = CARTESIAN_POINT ( 'NONE',  ( 1.200000000000000178, -0.05416666666669783803, -0.8277645427156450353 ) ) ;
#1583 = CARTESIAN_POINT ( 'NONE',  ( -1.200000000000000178, -0.1341666666666978813, -0.6455263157894752801 ) ) ;
#1584 = LINE ( 'NONE', #4390, #4861 ) ;
#1585 = VECTOR ( 'NONE', #1381, 1000.000000000000000 ) ;
#1586 =( NAMED_UNIT ( * ) PLANE_ANGLE_UNIT ( ) SI_UNIT ( $, .RADIAN. ) );
#1587 = VECTOR ( 'NONE', #789, 1000.000000000000000 ) ;
#1588 = UNCERTAINTY_MEASURE_WITH_UNIT (LENGTH_MEASURE( 1.000000000000000082E-05 ), #2433, 'distance_accuracy_value', 'NONE');
#1589 = COLOUR_RGB ( '',1.000000000000000000, 1.000000000000000000, 1.000000000000000000 ) ;
#1590 = ORIENTED_EDGE ( 'NONE', *, *, #588, .F. ) ;
#1591 =( NAMED_UNIT ( * ) SI_UNIT ( $, .STERADIAN. ) SOLID_ANGLE_UNIT ( ) );
#1592 =( GEOMETRIC_REPRESENTATION_CONTEXT ( 3 ) GLOBAL_UNCERTAINTY_ASSIGNED_CONTEXT ( ( #4991 ) ) GLOBAL_UNIT_ASSIGNED_CONTEXT ( ( #3280, #1272, #4496 ) ) REPRESENTATION_CONTEXT ( 'NONE', 'WORKASPACE' ) );
#1593 =( NAMED_UNIT ( * ) PLANE_ANGLE_UNIT ( ) SI_UNIT ( $, .RADIAN. ) );
#1594 = SURFACE_SIDE_STYLE ('',( #5030 ) ) ;
#1595 = SURFACE_STYLE_USAGE ( .BOTH. , #4420 ) ;
#1596 = FACE_OUTER_BOUND ( 'NONE', #2481, .T. ) ;
#1597 = DIRECTION ( 'NONE',  ( -1.000000000000000000, -0.000000000000000000, -0.000000000000000000 ) ) ;
#1598 = VERTEX_POINT ( 'NONE', #3506 ) ;
#1599 = CARTESIAN_POINT ( 'NONE',  ( 1.200000000000000178, -0.06568288312786951799, 0.9069313082073551247 ) ) ;
#1600 = ORIENTED_EDGE ( 'NONE', *, *, #892, .T. ) ;
#1601 = EDGE_CURVE ( 'NONE', #3079, #1976, #2477, .T. ) ;
#1602 = LINE ( 'NONE', #2460, #463 ) ;
#1603 = EDGE_LOOP ( 'NONE', ( #2761, #3342, #4309, #1815 ) ) ;
#1604 = DIRECTION ( 'NONE',  ( 1.000000000000000000, 0.000000000000000000, 0.000000000000000000 ) ) ;
#1605 = SURFACE_STYLE_USAGE ( .BOTH. , #1570 ) ;
#1606 = CARTESIAN_POINT ( 'NONE',  ( -1.200000000000000178, -0.05416666666669783803, 0.8277645427156452573 ) ) ;
#1607 = ORIENTED_EDGE ( 'NONE', *, *, #3736, .T. ) ;
#1608 = EDGE_LOOP ( 'NONE', ( #664, #1669, #2396, #1161 ) ) ;
#1609 =( LENGTH_UNIT ( ) NAMED_UNIT ( * ) SI_UNIT ( .MILLI., .METRE. ) );
#1610 = SURFACE_STYLE_USAGE ( .BOTH. , #1562 ) ;
#1611 = EDGE_LOOP ( 'NONE', ( #1293, #4827, #4545, #4928 ) ) ;
#1612 = CIRCLE ( 'NONE', #4214, 0.05000000000000002359 ) ;
#1613 = APPLICATION_CONTEXT ( 'automotive_design' ) ;
#1614 = DIRECTION ( 'NONE',  ( 0.000000000000000000, 0.000000000000000000, 1.000000000000000000 ) ) ;
#1615 = CARTESIAN_POINT ( 'NONE',  ( 1.200000000000000178, -0.07719909958904112857, 0.9860980736990656581 ) ) ;
#1616 = AXIS2_PLACEMENT_3D ( 'NONE', #4257, #692, #3084 ) ;
#1617 = ORIENTED_EDGE ( 'NONE', *, *, #4454, .T. ) ;
#1618 = MECHANICAL_DESIGN_GEOMETRIC_PRESENTATION_REPRESENTATION (  '', ( #4468 ), #782 ) ;
#1619 = DIRECTION ( 'NONE',  ( 0.000000000000000000, 0.000000000000000000, -1.000000000000000000 ) ) ;
#1620 =( LENGTH_UNIT ( ) NAMED_UNIT ( * ) SI_UNIT ( .MILLI., .METRE. ) );
#1621 = MECHANICAL_DESIGN_GEOMETRIC_PRESENTATION_REPRESENTATION (  '', ( #1085 ), #2442 ) ;
#1622 =( NAMED_UNIT ( * ) SI_UNIT ( $, .STERADIAN. ) SOLID_ANGLE_UNIT ( ) );
#1623 = CARTESIAN_POINT ( 'NONE',  ( 0.6999999999999999556, 0.5150000000000000133, -1.153085987590313444 ) ) ;
#1624 = DIRECTION ( 'NONE',  ( 0.000000000000000000, 1.487341858474000679E-16, -1.000000000000000000 ) ) ;
#1625 = UNCERTAINTY_MEASURE_WITH_UNIT (LENGTH_MEASURE( 1.000000000000000082E-05 ), #899, 'distance_accuracy_value', 'NONE');
#1626 = COLOUR_RGB ( '',0.2509803921568627416, 0.2509803921568627416, 0.2509803921568627416 ) ;
#1627 = EDGE_CURVE ( 'NONE', #870, #1001, #1853, .T. ) ;
#1628 = ORIENTED_EDGE ( 'NONE', *, *, #1671, .T. ) ;
#1629 = PRESENTATION_LAYER_ASSIGNMENT (  '', '', ( #3499 ) ) ;
#1630 = SURFACE_SIDE_STYLE ('',( #2279 ) ) ;
#1631 = DIRECTION ( 'NONE',  ( -1.000000000000000000, -0.000000000000000000, 0.000000000000000000 ) ) ;
#1632 = VERTEX_POINT ( 'NONE', #2678 ) ;
#1633 =( NAMED_UNIT ( * ) PLANE_ANGLE_UNIT ( ) SI_UNIT ( $, .RADIAN. ) );
#1634 = PRESENTATION_LAYER_ASSIGNMENT (  '', '', ( #5150 ) ) ;
#1635 = FILL_AREA_STYLE_COLOUR ( '', #3624 ) ;
#1636 = SURFACE_STYLE_FILL_AREA ( #3634 ) ;
#1637 =( NAMED_UNIT ( * ) SI_UNIT ( $, .STERADIAN. ) SOLID_ANGLE_UNIT ( ) );
#1638 = CARTESIAN_POINT ( 'NONE',  ( 7.766653982178323840E-17, -0.5250000000000000222, 0.6924691452051198182 ) ) ;
#1639 = LINE ( 'NONE', #2115, #5112 ) ;
#1640 = LINE ( 'NONE', #3223, #1142 ) ;
#1641 = DIRECTION ( 'NONE',  ( -1.000000000000000000, -0.000000000000000000, -0.000000000000000000 ) ) ;
#1642 = SURFACE_STYLE_FILL_AREA ( #3006 ) ;
#1643 = PRESENTATION_STYLE_ASSIGNMENT (( #3649 ) ) ;
#1644 = SURFACE_STYLE_FILL_AREA ( #4376 ) ;
#1645 =( GEOMETRIC_REPRESENTATION_CONTEXT ( 3 ) GLOBAL_UNCERTAINTY_ASSIGNED_CONTEXT ( ( #2373 ) ) GLOBAL_UNIT_ASSIGNED_CONTEXT ( ( #4633, #2230, #3414 ) ) REPRESENTATION_CONTEXT ( 'NONE', 'WORKASPACE' ) );
#1646 =( NAMED_UNIT ( * ) PLANE_ANGLE_UNIT ( ) SI_UNIT ( $, .RADIAN. ) );
#1647 = DIRECTION ( 'NONE',  ( -1.000000000000000000, -0.000000000000000000, 0.000000000000000000 ) ) ;
#1648 = DIRECTION ( 'NONE',  ( 2.176532673314873397E-15, -0.000000000000000000, 1.000000000000000000 ) ) ;
#1649 = VECTOR ( 'NONE', #1358, 1000.000000000000000 ) ;
#1650 = VECTOR ( 'NONE', #4505, 1000.000000000000000 ) ;
#1651 = ORIENTED_EDGE ( 'NONE', *, *, #2624, .F. ) ;
#1652 = CARTESIAN_POINT ( 'NONE',  ( 1.401885207674794298, -0.1593626924943001288, 0.7518852076747946089 ) ) ;
#1653 = SURFACE_STYLE_USAGE ( .BOTH. , #3625 ) ;
#1654 =( NAMED_UNIT ( * ) SI_UNIT ( $, .STERADIAN. ) SOLID_ANGLE_UNIT ( ) );
#1655 = STYLED_ITEM ( 'NONE', ( #2124 ), #2680 ) ;
#1656 = CARTESIAN_POINT ( 'NONE',  ( 1.200000000000000178, -0.1341666666666978813, 0.7964611111111113972 ) ) ;
#1657 = EDGE_CURVE ( 'NONE', #2935, #3600, #4933, .T. ) ;
#1658 = AXIS2_PLACEMENT_3D ( 'NONE', #4578, #5007, #2158 ) ;
#1659 = EDGE_LOOP ( 'NONE', ( #4948, #451, #2036, #3979, #2117, #1454, #2068, #151, #1120, #2965, #3648, #2474, #416 ) ) ;
#1660 = COLOUR_RGB ( '',0.2509803921568627416, 0.2509803921568627416, 0.2509803921568627416 ) ;
#1661 = DIRECTION ( 'NONE',  ( -1.000000000000000000, 0.000000000000000000, 0.000000000000000000 ) ) ;
#1662 = ORIENTED_EDGE ( 'NONE', *, *, #1977, .T. ) ;
#1663 = MECHANICAL_DESIGN_GEOMETRIC_PRESENTATION_REPRESENTATION (  '', ( #3899 ), #552 ) ;
#1664 = CARTESIAN_POINT ( 'NONE',  ( -1.449999999999999956, -0.1750000000000308253, 0.8000000000000003775 ) ) ;
#1665 = PRESENTATION_STYLE_ASSIGNMENT (( #5170 ) ) ;
#1666 = DIRECTION ( 'NONE',  ( 1.000000000000000000, 0.000000000000000000, 0.000000000000000000 ) ) ;
#1667 = CARTESIAN_POINT ( 'NONE',  ( 0.2500000000000000000, 0.5380324329223433732, 0.9947524566068931540 ) ) ;
#1668 = ORIENTED_EDGE ( 'NONE', *, *, #3299, .T. ) ;
#1669 = ORIENTED_EDGE ( 'NONE', *, *, #3904, .F. ) ;
#1670 = PRESENTATION_STYLE_ASSIGNMENT (( #4260 ) ) ;
#1671 = EDGE_CURVE ( 'NONE', #138, #2310, #1089, .T. ) ;
#1672 =( NAMED_UNIT ( * ) PLANE_ANGLE_UNIT ( ) SI_UNIT ( $, .RADIAN. ) );
#1673 = ORIENTED_EDGE ( 'NONE', *, *, #4479, .T. ) ;
#1674 = FACE_OUTER_BOUND ( 'NONE', #1309, .T. ) ;
#1675 = FACE_OUTER_BOUND ( 'NONE', #3734, .T. ) ;
#1676 = ORIENTED_EDGE ( 'NONE', *, *, #573, .F. ) ;
#1677 = FILL_AREA_STYLE_COLOUR ( '', #2361 ) ;
#1678 = AXIS2_PLACEMENT_3D ( 'NONE', #2572, #1699, #2119 ) ;
#1679 =( LENGTH_UNIT ( ) NAMED_UNIT ( * ) SI_UNIT ( .MILLI., .METRE. ) );
#1680 = ORIENTED_EDGE ( 'NONE', *, *, #197, .F. ) ;
#1681 = PRESENTATION_STYLE_ASSIGNMENT (( #2783 ) ) ;
#1682 = CIRCLE ( 'NONE', #1397, 0.1600000000000000866 ) ;
#1683 = SURFACE_STYLE_USAGE ( .BOTH. , #458 ) ;
#1684 = PLANE ( 'NONE',  #877 ) ;
#1685 =( LENGTH_UNIT ( ) NAMED_UNIT ( * ) SI_UNIT ( .MILLI., .METRE. ) );
#1686 = AXIS2_PLACEMENT_3D ( 'NONE', #1830, #2222, #1443 ) ;
#1687 = PRESENTATION_LAYER_ASSIGNMENT (  '', '', ( #4569 ) ) ;
#1688 = ORIENTED_EDGE ( 'NONE', *, *, #820, .F. ) ;
#1689 = CARTESIAN_POINT ( 'NONE',  ( 0.6999999999999999556, 0.5380324329223433732, -0.9947524566068929319 ) ) ;
#1690 =( GEOMETRIC_REPRESENTATION_CONTEXT ( 3 ) GLOBAL_UNCERTAINTY_ASSIGNED_CONTEXT ( ( #2857 ) ) GLOBAL_UNIT_ASSIGNED_CONTEXT ( ( #1685, #900, #3682 ) ) REPRESENTATION_CONTEXT ( 'NONE', 'WORKASPACE' ) );
#1691 = CARTESIAN_POINT ( 'NONE',  ( -0.2500000000000000000, 0.5950000000000000844, -1.399999999999999911 ) ) ;
#1692 = EDGE_LOOP ( 'NONE', ( #3849, #2197, #3709, #650 ) ) ;
#1693 = PRESENTATION_STYLE_ASSIGNMENT (( #2026 ) ) ;
#1694 = CARTESIAN_POINT ( 'NONE',  ( 0.2500000000000000000, 0.6750000000000000444, 1.399999999999999911 ) ) ;
#1695 = EDGE_CURVE ( 'NONE', #3218, #4040, #3278, .T. ) ;
#1696 = AXIS2_PLACEMENT_3D ( 'NONE', #1951, #320, #1146 ) ;
#1697 = DIRECTION ( 'NONE',  ( -1.000000000000000000, -0.000000000000000000, -0.000000000000000000 ) ) ;
#1698 = FILL_AREA_STYLE ('',( #1737 ) ) ;
#1699 = DIRECTION ( 'NONE',  ( -1.000000000000000000, -0.000000000000000000, 0.000000000000000000 ) ) ;
#1700 =( NAMED_UNIT ( * ) PLANE_ANGLE_UNIT ( ) SI_UNIT ( $, .RADIAN. ) );
#1701 = LINE ( 'NONE', #3990, #303 ) ;
#1702 = EDGE_CURVE ( 'NONE', #23, #1312, #580, .T. ) ;
#1703 = VECTOR ( 'NONE', #1565, 1000.000000000000000 ) ;
#1704 = DIRECTION ( 'NONE',  ( -1.000000000000000000, -0.000000000000000000, 0.000000000000000000 ) ) ;
#1705 = CARTESIAN_POINT ( 'NONE',  ( -1.385000000000000009, 0.5749999999999999556, 0.000000000000000000 ) ) ;
#1706 = LINE ( 'NONE', #4277, #378 ) ;
#1707 = CYLINDRICAL_SURFACE ( 'NONE', #4209, 0.1599999999999999756 ) ;
#1708 = LINE ( 'NONE', #2927, #1843 ) ;
#1709 = VECTOR ( 'NONE', #4580, 1000.000000000000114 ) ;
#1710 = VECTOR ( 'NONE', #2003, 1000.000000000000000 ) ;
#1711 = LINE ( 'NONE', #4696, #2347 ) ;
#1712 = COLOUR_RGB ( '',0.2509803921568627416, 0.2509803921568627416, 0.2509803921568627416 ) ;
#1713 = CARTESIAN_POINT ( 'NONE',  ( -0.6999999999999999556, -0.2141666666666977581, 0.6455263157894752801 ) ) ;
#1714 = DIRECTION ( 'NONE',  ( -1.000000000000000000, -0.000000000000000000, 0.000000000000000000 ) ) ;
#1715 = AXIS2_PLACEMENT_3D ( 'NONE', #313, #1122, #3963 ) ;
#1716 = UNCERTAINTY_MEASURE_WITH_UNIT (LENGTH_MEASURE( 1.000000000000000082E-05 ), #3666, 'distance_accuracy_value', 'NONE');
#1717 = FILL_AREA_STYLE_COLOUR ( '', #4207 ) ;
#1718 = LINE ( 'NONE', #360, #648 ) ;
#1719 = ORIENTED_EDGE ( 'NONE', *, *, #1439, .F. ) ;
#1720 = DIRECTION ( 'NONE',  ( 0.000000000000000000, -1.487341858474000679E-16, -1.000000000000000000 ) ) ;
#1721 =( NAMED_UNIT ( * ) SI_UNIT ( $, .STERADIAN. ) SOLID_ANGLE_UNIT ( ) );
#1722 = SURFACE_SIDE_STYLE ('',( #586 ) ) ;
#1723 = EDGE_CURVE ( 'NONE', #4393, #4492, #3462, .T. ) ;
#1724 = SURFACE_STYLE_FILL_AREA ( #3030 ) ;
#1725 = ORIENTED_EDGE ( 'NONE', *, *, #1439, .T. ) ;
#1726 = DIRECTION ( 'NONE',  ( -1.000000000000000000, -0.000000000000000000, 0.000000000000000000 ) ) ;
#1727 = VECTOR ( 'NONE', #4584, 1000.000000000000000 ) ;
#1728 = EDGE_CURVE ( 'NONE', #4925, #95, #4225, .T. ) ;
#1729 = COLOUR_RGB ( '',1.000000000000000000, 1.000000000000000000, 1.000000000000000000 ) ;
#1730 = PRESENTATION_LAYER_ASSIGNMENT (  '', '', ( #4172 ) ) ;
#1731 = VERTEX_POINT ( 'NONE', #279 ) ;
#1732 = VECTOR ( 'NONE', #2178, 1000.000000000000000 ) ;
#1733 = VERTEX_POINT ( 'NONE', #680 ) ;
#1734 = LINE ( 'NONE', #1881, #467 ) ;
#1735 =( NAMED_UNIT ( * ) SI_UNIT ( $, .STERADIAN. ) SOLID_ANGLE_UNIT ( ) );
#1736 = COLOUR_RGB ( '',0.2509803921568627416, 0.2509803921568627416, 0.2509803921568627416 ) ;
#1737 = FILL_AREA_STYLE_COLOUR ( '', #3235 ) ;
#1738 = ORIENTED_EDGE ( 'NONE', *, *, #171, .T. ) ;
#1739 = EDGE_LOOP ( 'NONE', ( #103, #4894, #3534, #2004 ) ) ;
#1740 = AXIS2_PLACEMENT_3D ( 'NONE', #4825, #2419, #2400 ) ;
#1741 = CARTESIAN_POINT ( 'NONE',  ( -1.325306414920534026, 0.6890035956193450994, -0.7251196883796570125 ) ) ;
#1742 = SURFACE_STYLE_USAGE ( .BOTH. , #987 ) ;
#1743 = DIRECTION ( 'NONE',  ( 1.476089267913155569E-16, 0.1603960693763873402, 0.9870527346239436062 ) ) ;
#1744 = CARTESIAN_POINT ( 'NONE',  ( -0.6999999999999999556, 0.5150000000000000133, -1.153085987590313888 ) ) ;
#1745 = ORIENTED_EDGE ( 'NONE', *, *, #1554, .T. ) ;
#1746 = LINE ( 'NONE', #3141, #992 ) ;
#1747 = EDGE_CURVE ( 'NONE', #1056, #4271, #2094, .T. ) ;
#1748 = CARTESIAN_POINT ( 'NONE',  ( 1.449999999999999956, -0.1749999999999915790, 0.8000000000000000444 ) ) ;
#1749 = FILL_AREA_STYLE_COLOUR ( '', #2840 ) ;
#1750 = DIRECTION ( 'NONE',  ( 0.9870527346239437172, 0.1603960693763863132, 0.000000000000000000 ) ) ;
#1751 = SURFACE_STYLE_FILL_AREA ( #4642 ) ;
#1752 = ORIENTED_EDGE ( 'NONE', *, *, #892, .F. ) ;
#1753 = AXIS2_PLACEMENT_3D ( 'NONE', #348, #3985, #1929 ) ;
#1754 = SURFACE_SIDE_STYLE ('',( #454 ) ) ;
#1755 = EDGE_LOOP ( 'NONE', ( #1286, #938, #5019, #676 ) ) ;
#1756 = PRESENTATION_LAYER_ASSIGNMENT (  '', '', ( #4079 ) ) ;
#1757 = CARTESIAN_POINT ( 'NONE',  ( 0.2500000000000000000, -0.1341666666666978536, 0.8277645427156450353 ) ) ;
#1758 = ADVANCED_FACE ( 'NONE', ( #2539 ), #3967, .T. ) ;
#1759 = ORIENTED_EDGE ( 'NONE', *, *, #3, .T. ) ;
#1760 = FACE_OUTER_BOUND ( 'NONE', #3468, .T. ) ;
#1761 = DIRECTION ( 'NONE',  ( -0.000000000000000000, 2.974683716947999386E-16, -1.000000000000000000 ) ) ;
#1762 = DIRECTION ( 'NONE',  ( -1.000000000000000000, -0.000000000000000000, -0.000000000000000000 ) ) ;
#1763 = FILL_AREA_STYLE ('',( #122 ) ) ;
#1764 = DIRECTION ( 'NONE',  ( 0.000000000000000000, 0.1439527057646445007, 0.9895845686463778934 ) ) ;
#1765 = PRESENTATION_LAYER_ASSIGNMENT (  '', '', ( #1655 ) ) ;
#1766 = SURFACE_STYLE_FILL_AREA ( #522 ) ;
#1767 =( GEOMETRIC_REPRESENTATION_CONTEXT ( 3 ) GLOBAL_UNCERTAINTY_ASSIGNED_CONTEXT ( ( #1438 ) ) GLOBAL_UNIT_ASSIGNED_CONTEXT ( ( #2794, #5189, #3557 ) ) REPRESENTATION_CONTEXT ( 'NONE', 'WORKASPACE' ) );
#1768 = DIRECTION ( 'NONE',  ( -1.000000000000000000, -0.000000000000000000, -0.000000000000000000 ) ) ;
#1769 = DIRECTION ( 'NONE',  ( -0.000000000000000000, -0.9895845686463778934, -0.1439527057646445007 ) ) ;
#1770 = CARTESIAN_POINT ( 'NONE',  ( 1.411107241853306826, -0.4143400501334917885, -0.7117546051221107506 ) ) ;
#1771 =( LENGTH_UNIT ( ) NAMED_UNIT ( * ) SI_UNIT ( .MILLI., .METRE. ) );
#1772 = AXIS2_PLACEMENT_3D ( 'NONE', #2837, #2140, #4538 ) ;
#1773 = CARTESIAN_POINT ( 'NONE',  ( 0.2500000000000000000, 0.6750000000000000444, -1.399999999999999911 ) ) ;
#1774 = VECTOR ( 'NONE', #4516, 1000.000000000000000 ) ;
#1775 = VECTOR ( 'NONE', #3825, 1000.000000000000000 ) ;
#1776 = DIRECTION ( 'NONE',  ( 1.000000000000000000, -1.668185456054627303E-32, -1.121588454295349533E-16 ) ) ;
#1777 = EDGE_CURVE ( 'NONE', #1969, #3839, #1219, .T. ) ;
#1778 = PRESENTATION_STYLE_ASSIGNMENT (( #2200 ) ) ;
#1779 = FILL_AREA_STYLE ('',( #4652 ) ) ;
#1780 = SURFACE_STYLE_FILL_AREA ( #4268 ) ;
#1781 = VECTOR ( 'NONE', #1769, 1000.000000000000114 ) ;
#1782 = ADVANCED_FACE ( 'NONE', ( #4670 ), #4396, .F. ) ;
#1783 = SURFACE_SIDE_STYLE ('',( #4995 ) ) ;
#1784 = LINE ( 'NONE', #3394, #3043 ) ;
#1785 = ORIENTED_EDGE ( 'NONE', *, *, #242, .T. ) ;
#1786 = CARTESIAN_POINT ( 'NONE',  ( 1.200000000000000178, 0.6750000000000000444, 1.153085987590313444 ) ) ;
#1787 = UNCERTAINTY_MEASURE_WITH_UNIT (LENGTH_MEASURE( 1.000000000000000082E-05 ), #1036, 'distance_accuracy_value', 'NONE');
#1788 = VECTOR ( 'NONE', #1820, 1000.000000000000000 ) ;
#1789 =( LENGTH_UNIT ( ) NAMED_UNIT ( * ) SI_UNIT ( .MILLI., .METRE. ) );
#1790 = EDGE_LOOP ( 'NONE', ( #4297, #4325, #1477, #1651 ) ) ;
#1791 = PRESENTATION_LAYER_ASSIGNMENT (  '', '', ( #980 ) ) ;
#1792 = MECHANICAL_DESIGN_GEOMETRIC_PRESENTATION_REPRESENTATION (  '', ( #1345 ), #5038 ) ;
#1793 = CARTESIAN_POINT ( 'NONE',  ( 1.200000000000000178, 0.5265162164611717488, -1.073919222098602910 ) ) ;
#1794 = COLOUR_RGB ( '',1.000000000000000000, 1.000000000000000000, 1.000000000000000000 ) ;
#1795 = DIRECTION ( 'NONE',  ( -0.000000000000000000, -0.9895845686463778934, -0.1439527057646445007 ) ) ;
#1796 = CARTESIAN_POINT ( 'NONE',  ( 8.933015865174680486E-17, -0.1341666666666978813, 0.7964611111111115083 ) ) ;
#1797 = ORIENTED_EDGE ( 'NONE', *, *, #4062, .T. ) ;
#1798 = VERTEX_POINT ( 'NONE', #1140 ) ;
#1799 =( NAMED_UNIT ( * ) PLANE_ANGLE_UNIT ( ) SI_UNIT ( $, .RADIAN. ) );
#1800 = AXIS2_PLACEMENT_3D ( 'NONE', #3827, #3850, #652 ) ;
#1801 = DIRECTION ( 'NONE',  ( 1.000000000000000000, -0.000000000000000000, 0.000000000000000000 ) ) ;
#1802 = ORIENTED_EDGE ( 'NONE', *, *, #3662, .T. ) ;
#1803 = VECTOR ( 'NONE', #475, 1000.000000000000227 ) ;
#1804 =( NAMED_UNIT ( * ) PLANE_ANGLE_UNIT ( ) SI_UNIT ( $, .RADIAN. ) );
#1805 = ORIENTED_EDGE ( 'NONE', *, *, #1090, .T. ) ;
#1806 = EDGE_CURVE ( 'NONE', #1976, #4026, #1153, .T. ) ;
#1807 = STYLED_ITEM ( 'NONE', ( #502 ), #3500 ) ;
#1808 = LINE ( 'NONE', #5120, #2749 ) ;
#1809 = ORIENTED_EDGE ( 'NONE', *, *, #4977, .T. ) ;
#1810 = SURFACE_STYLE_FILL_AREA ( #2768 ) ;
#1811 = DIRECTION ( 'NONE',  ( 1.000000000000000000, 0.000000000000000000, -1.121588454295349533E-16 ) ) ;
#1812 = DIRECTION ( 'NONE',  ( 0.9870527346239436062, 0.1603960693763873402, 0.000000000000000000 ) ) ;
#1813 = ADVANCED_FACE ( 'NONE', ( #2669 ), #3562, .F. ) ;
#1814 = EDGE_CURVE ( 'NONE', #1733, #1107, #4077, .T. ) ;
#1815 = ORIENTED_EDGE ( 'NONE', *, *, #5167, .T. ) ;
#1816 = LINE ( 'NONE', #4922, #4832 ) ;
#1817 =( GEOMETRIC_REPRESENTATION_CONTEXT ( 3 ) GLOBAL_UNCERTAINTY_ASSIGNED_CONTEXT ( ( #619 ) ) GLOBAL_UNIT_ASSIGNED_CONTEXT ( ( #1458, #1889, #3469 ) ) REPRESENTATION_CONTEXT ( 'NONE', 'WORKASPACE' ) );
#1818 = SURFACE_STYLE_USAGE ( .BOTH. , #3395 ) ;
#1819 = CARTESIAN_POINT ( 'NONE',  ( 0.2500000000000000000, 0.6750000000000000444, 1.153085987590313666 ) ) ;
#1820 = DIRECTION ( 'NONE',  ( -1.000000000000000000, -0.000000000000000000, 0.000000000000000000 ) ) ;
#1821 = ORIENTED_EDGE ( 'NONE', *, *, #2270, .T. ) ;
#1822 = CARTESIAN_POINT ( 'NONE',  ( -1.379929654226053071, 0.6335039896993893693, -0.6801163807669295958 ) ) ;
#1823 = DIRECTION ( 'NONE',  ( 0.000000000000000000, 0.000000000000000000, -1.000000000000000000 ) ) ;
#1824 = DIRECTION ( 'NONE',  ( -1.000000000000000000, -0.000000000000000000, -0.000000000000000000 ) ) ;
#1825 = EDGE_LOOP ( 'NONE', ( #4472, #1676, #1035, #981 ) ) ;
#1826 = MECHANICAL_DESIGN_GEOMETRIC_PRESENTATION_REPRESENTATION (  '', ( #1916 ), #2635 ) ;
#1827 =( GEOMETRIC_REPRESENTATION_CONTEXT ( 3 ) GLOBAL_UNCERTAINTY_ASSIGNED_CONTEXT ( ( #1442 ) ) GLOBAL_UNIT_ASSIGNED_CONTEXT ( ( #2592, #165, #2643 ) ) REPRESENTATION_CONTEXT ( 'NONE', 'WORKASPACE' ) );
#1828 = ORIENTED_EDGE ( 'NONE', *, *, #5167, .F. ) ;
#1829 = CYLINDRICAL_SURFACE ( 'NONE', #1496, 0.1600000000000000866 ) ;
#1830 = CARTESIAN_POINT ( 'NONE',  ( -1.342469145205120062, -0.5249999999999999112, 0.6924691452051199292 ) ) ;
#1831 = EDGE_CURVE ( 'NONE', #1352, #2935, #3097, .T. ) ;
#1832 = DIRECTION ( 'NONE',  ( -1.000000000000000000, -0.000000000000000000, -0.000000000000000000 ) ) ;
#1833 = FILL_AREA_STYLE ('',( #626 ) ) ;
#1834 = AXIS2_PLACEMENT_3D ( 'NONE', #2701, #5125, #1886 ) ;
#1835 = EDGE_CURVE ( 'NONE', #4945, #792, #2604, .T. ) ;
#1836 = MECHANICAL_DESIGN_GEOMETRIC_PRESENTATION_REPRESENTATION (  '', ( #860 ), #4065 ) ;
#1837 = ADVANCED_FACE ( 'NONE', ( #65 ), #1526, .T. ) ;
#1838 = FACE_OUTER_BOUND ( 'NONE', #1013, .T. ) ;
#1839 = DIRECTION ( 'NONE',  ( -0.000000000000000000, -1.000000000000000000, -0.000000000000000000 ) ) ;
#1840 = SURFACE_STYLE_FILL_AREA ( #2587 ) ;
#1841 = VECTOR ( 'NONE', #2289, 1000.000000000000114 ) ;
#1842 = DIRECTION ( 'NONE',  ( 0.000000000000000000, -0.1439527057646453889, -0.9895845686463776714 ) ) ;
#1843 = VECTOR ( 'NONE', #1726, 1000.000000000000000 ) ;
#1844 = STYLED_ITEM ( 'NONE', ( #2785 ), #4752 ) ;
#1845 = SURFACE_STYLE_USAGE ( .BOTH. , #5035 ) ;
#1846 = FACE_OUTER_BOUND ( 'NONE', #4577, .T. ) ;
#1847 = VERTEX_POINT ( 'NONE', #4866 ) ;
#1848 = FACE_OUTER_BOUND ( 'NONE', #5133, .T. ) ;
#1849 = ORIENTED_EDGE ( 'NONE', *, *, #2095, .F. ) ;
#1850 = DIRECTION ( 'NONE',  ( 0.000000000000000000, -2.974683716947999386E-16, -1.000000000000000000 ) ) ;
#1851 = EDGE_CURVE ( 'NONE', #2754, #4444, #2472, .T. ) ;
#1852 = PLANE ( 'NONE',  #844 ) ;
#1853 = LINE ( 'NONE', #4294, #2221 ) ;
#1854 = LINE ( 'NONE', #4536, #2415 ) ;
#1855 = ORIENTED_EDGE ( 'NONE', *, *, #4389, .F. ) ;
#1856 = CARTESIAN_POINT ( 'NONE',  ( -1.200000000000000178, -0.1341666666666979368, 0.7964611111111116193 ) ) ;
#1857 = DIRECTION ( 'NONE',  ( 0.000000000000000000, 2.974683716947999386E-16, 1.000000000000000000 ) ) ;
#1858 = CARTESIAN_POINT ( 'NONE',  ( -0.6999999999999999556, 0.5749999999999999556, -0.7349999999999998757 ) ) ;
#1859 =( BOUNDED_CURVE ( )  B_SPLINE_CURVE ( 3, ( #2013, #3574, #2401, #1173 ),
 .UNSPECIFIED., .F., .F. ) 
 B_SPLINE_CURVE_WITH_KNOTS ( ( 4, 4 ),
 ( 5.510672858157642295, 7.055697756201533721 ),
 .UNSPECIFIED. ) 
 CURVE ( )  GEOMETRIC_REPRESENTATION_ITEM ( )  RATIONAL_B_SPLINE_CURVE ( ( 1.000000000000000000, 0.8107729341887237595, 0.8107729341887237595, 1.000000000000000000 ) ) 
 REPRESENTATION_ITEM ( '' )  );
#1860 = STYLED_ITEM ( 'NONE', ( #445 ), #3402 ) ;
#1861 = VERTEX_POINT ( 'NONE', #3219 ) ;
#1862 = SPHERICAL_SURFACE ( 'NONE', #3425, 0.05000000000000000278 ) ;
#1863 = ADVANCED_FACE ( 'NONE', ( #443 ), #6, .T. ) ;
#1864 = ORIENTED_EDGE ( 'NONE', *, *, #745, .F. ) ;
#1865 = LINE ( 'NONE', #4199, #791 ) ;
#1866 = VERTEX_POINT ( 'NONE', #2078 ) ;
#1867 = PRESENTATION_LAYER_ASSIGNMENT (  '', '', ( #883 ) ) ;
#1868 = CARTESIAN_POINT ( 'NONE',  ( 1.200000000000000178, -0.2141666666666977581, -0.6455263157894750581 ) ) ;
#1869 = ORIENTED_EDGE ( 'NONE', *, *, #171, .F. ) ;
#1870 = DIRECTION ( 'NONE',  ( -1.000000000000000000, -0.000000000000000000, -0.000000000000000000 ) ) ;
#1871 = FILL_AREA_STYLE ('',( #631 ) ) ;
#1872 = COLOUR_RGB ( '',1.000000000000000000, 1.000000000000000000, 1.000000000000000000 ) ;
#1873 = VERTEX_POINT ( 'NONE', #3283 ) ;
#1874 = CARTESIAN_POINT ( 'NONE',  ( -1.384999999999999565, -0.5749999999999999556, 0.6924691452051199292 ) ) ;
#1875 = ORIENTED_EDGE ( 'NONE', *, *, #4908, .F. ) ;
#1876 = COLOUR_RGB ( '',1.000000000000000000, 1.000000000000000000, 1.000000000000000000 ) ;
#1877 = CARTESIAN_POINT ( 'NONE',  ( 0.2500000000000000000, 0.5950000000000000844, -1.399999999999999911 ) ) ;
#1878 = EDGE_CURVE ( 'NONE', #3719, #2608, #2082, .T. ) ;
#1879 = ORIENTED_EDGE ( 'NONE', *, *, #4361, .T. ) ;
#1880 = COLOUR_RGB ( '',1.000000000000000000, 1.000000000000000000, 1.000000000000000000 ) ;
#1881 = CARTESIAN_POINT ( 'NONE',  ( 1.449999999999999956, -0.2141666666666978136, 0.7936354166666603760 ) ) ;
#1882 = ORIENTED_EDGE ( 'NONE', *, *, #1747, .F. ) ;
#1883 = LINE ( 'NONE', #4453, #3744 ) ;
#1884 = ADVANCED_FACE ( 'NONE', ( #3641 ), #2895, .F. ) ;
#1885 =( LENGTH_UNIT ( ) NAMED_UNIT ( * ) SI_UNIT ( .MILLI., .METRE. ) );
#1886 = DIRECTION ( 'NONE',  ( 0.000000000000000000, 0.000000000000000000, -1.000000000000000000 ) ) ;
#1887 = LINE ( 'NONE', #4590, #2268 ) ;
#1888 = STYLED_ITEM ( 'NONE', ( #4035 ), #1145 ) ;
#1889 =( NAMED_UNIT ( * ) PLANE_ANGLE_UNIT ( ) SI_UNIT ( $, .RADIAN. ) );
#1890 = MECHANICAL_DESIGN_GEOMETRIC_PRESENTATION_REPRESENTATION (  '', ( #983 ), #1518 ) ;
#1891 =( LENGTH_UNIT ( ) NAMED_UNIT ( * ) SI_UNIT ( .MILLI., .METRE. ) );
#1892 = EDGE_CURVE ( 'NONE', #2730, #49, #2210, .T. ) ;
#1893 = DIRECTION ( 'NONE',  ( 1.000000000000000000, 0.000000000000000000, -0.000000000000000000 ) ) ;
#1894 = SURFACE_SIDE_STYLE ('',( #1160 ) ) ;
#1895 = VECTOR ( 'NONE', #4100, 1000.000000000000000 ) ;
#1896 = EDGE_CURVE ( 'NONE', #4439, #3472, #571, .T. ) ;
#1897 = MECHANICAL_DESIGN_GEOMETRIC_PRESENTATION_REPRESENTATION (  '', ( #1807 ), #2163 ) ;
#1898 =( NAMED_UNIT ( * ) SI_UNIT ( $, .STERADIAN. ) SOLID_ANGLE_UNIT ( ) );
#1899 = CARTESIAN_POINT ( 'NONE',  ( -0.6999999999999999556, 0.5950000000000001954, -1.153085987590313888 ) ) ;
#1900 = DIRECTION ( 'NONE',  ( 1.000000000000000000, 0.000000000000000000, 0.000000000000000000 ) ) ;
#1901 =( NAMED_UNIT ( * ) SI_UNIT ( $, .STERADIAN. ) SOLID_ANGLE_UNIT ( ) );
#1902 = COLOUR_RGB ( '',0.2509803921568627416, 0.2509803921568627416, 0.2509803921568627416 ) ;
#1903 = CARTESIAN_POINT ( 'NONE',  ( 0.2500000000000000000, 0.5150000000000000133, 1.153085987590313666 ) ) ;
#1904 = MECHANICAL_DESIGN_GEOMETRIC_PRESENTATION_REPRESENTATION (  '', ( #5150 ), #1005 ) ;
#1905 = ADVANCED_FACE ( 'NONE', ( #4858 ), #4529, .F. ) ;
#1906 = ORIENTED_EDGE ( 'NONE', *, *, #2889, .F. ) ;
#1907 = PRESENTATION_STYLE_ASSIGNMENT (( #4574 ) ) ;
#1908 = ORIENTED_EDGE ( 'NONE', *, *, #1396, .F. ) ;
#1909 = CARTESIAN_POINT ( 'NONE',  ( -1.191068782023290238E-16, -0.1341666666666978813, -0.7964611111111112862 ) ) ;
#1910 = UNCERTAINTY_MEASURE_WITH_UNIT (LENGTH_MEASURE( 1.000000000000000082E-05 ), #1392, 'distance_accuracy_value', 'NONE');
#1911 = CARTESIAN_POINT ( 'NONE',  ( -1.200000000000000178, 0.5150000000000000133, -1.153085987590313888 ) ) ;
#1912 = DIRECTION ( 'NONE',  ( -0.000000000000000000, -1.000000000000000000, 0.000000000000000000 ) ) ;
#1913 = ORIENTED_EDGE ( 'NONE', *, *, #1945, .T. ) ;
#1914 = VECTOR ( 'NONE', #2146, 1000.000000000000000 ) ;
#1915 = ORIENTED_EDGE ( 'NONE', *, *, #2789, .T. ) ;
#1916 = STYLED_ITEM ( 'NONE', ( #4169 ), #1020 ) ;
#1917 = STYLED_ITEM ( 'NONE', ( #4287 ), #1782 ) ;
#1918 = LINE ( 'NONE', #931, #4237 ) ;
#1919 = VECTOR ( 'NONE', #3098, 1000.000000000000000 ) ;
#1920 = ORIENTED_EDGE ( 'NONE', *, *, #2364, .F. ) ;
#1921 = SURFACE_STYLE_FILL_AREA ( #4880 ) ;
#1922 = ORIENTED_EDGE ( 'NONE', *, *, #178, .T. ) ;
#1923 = CARTESIAN_POINT ( 'NONE',  ( 0.2500000000000000000, -0.1341666666666978813, 0.7964611111111115083 ) ) ;
#1924 = CARTESIAN_POINT ( 'NONE',  ( 1.342469145205119396, -0.5330198034688192754, -0.7418217819363169818 ) ) ;
#1925 = DIRECTION ( 'NONE',  ( 0.9870527346239437172, -0.1603960693763863132, 0.000000000000000000 ) ) ;
#1926 = COLOUR_RGB ( '',1.000000000000000000, 1.000000000000000000, 1.000000000000000000 ) ;
#1927 = ORIENTED_EDGE ( 'NONE', *, *, #2033, .F. ) ;
#1928 =( GEOMETRIC_REPRESENTATION_CONTEXT ( 3 ) GLOBAL_UNCERTAINTY_ASSIGNED_CONTEXT ( ( #2269 ) ) GLOBAL_UNIT_ASSIGNED_CONTEXT ( ( #2708, #695, #296 ) ) REPRESENTATION_CONTEXT ( 'NONE', 'WORKASPACE' ) );
#1929 = DIRECTION ( 'NONE',  ( 1.000000000000000000, 0.000000000000000000, 0.000000000000000000 ) ) ;
#1930 = EDGE_CURVE ( 'NONE', #3371, #1484, #1268, .T. ) ;
#1931 = STYLED_ITEM ( 'NONE', ( #1154 ), #4986 ) ;
#1932 = DIRECTION ( 'NONE',  ( 0.000000000000000000, 0.1439527057646445007, 0.9895845686463778934 ) ) ;
#1933 = ORIENTED_EDGE ( 'NONE', *, *, #1306, .T. ) ;
#1934 = ADVANCED_FACE ( 'NONE', ( #1521 ), #508, .F. ) ;
#1935 = DIRECTION ( 'NONE',  ( -1.879283765641441590E-16, -2.168404344971008079E-15, 1.000000000000000000 ) ) ;
#1936 = DIRECTION ( 'NONE',  ( -0.1583717986114569209, -0.9745956837628331204, 0.1583717986114569209 ) ) ;
#1937 =( LENGTH_UNIT ( ) NAMED_UNIT ( * ) SI_UNIT ( .MILLI., .METRE. ) );
#1938 = CARTESIAN_POINT ( 'NONE',  ( 0.2500000000000000000, 0.5150000000000000133, 1.153085987590313666 ) ) ;
#1939 = ORIENTED_EDGE ( 'NONE', *, *, #871, .T. ) ;
#1940 = LINE ( 'NONE', #4279, #3494 ) ;
#1941 = MECHANICAL_DESIGN_GEOMETRIC_PRESENTATION_REPRESENTATION (  '', ( #3467 ), #4068 ) ;
#1942 = CARTESIAN_POINT ( 'NONE',  ( -1.339145906842450273, 0.5749999999999999556, -0.6891459068424499179 ) ) ;
#1943 =( NAMED_UNIT ( * ) PLANE_ANGLE_UNIT ( ) SI_UNIT ( $, .RADIAN. ) );
#1944 = ORIENTED_EDGE ( 'NONE', *, *, #5090, .F. ) ;
#1945 = EDGE_CURVE ( 'NONE', #2935, #2387, #3094, .T. ) ;
#1946 = UNCERTAINTY_MEASURE_WITH_UNIT (LENGTH_MEASURE( 1.000000000000000082E-05 ), #2430, 'distance_accuracy_value', 'NONE');
#1947 = DIRECTION ( 'NONE',  ( 1.000000000000000000, -0.000000000000000000, 0.000000000000000000 ) ) ;
#1948 = ORIENTED_EDGE ( 'NONE', *, *, #2760, .F. ) ;
#1949 = CARTESIAN_POINT ( 'NONE',  ( 1.200000000000000178, 0.5950000000000001954, 1.153085987590313444 ) ) ;
#1950 = AXIS2_PLACEMENT_3D ( 'NONE', #4125, #4943, #3717 ) ;
#1951 = CARTESIAN_POINT ( 'NONE',  ( 1.200000000000000178, 0.5950000000000001954, -1.153085987590313444 ) ) ;
#1952 = DIRECTION ( 'NONE',  ( -1.000000000000000000, -0.000000000000000000, 0.000000000000000000 ) ) ;
#1953 =( NAMED_UNIT ( * ) PLANE_ANGLE_UNIT ( ) SI_UNIT ( $, .RADIAN. ) );
#1954 = MECHANICAL_DESIGN_GEOMETRIC_PRESENTATION_REPRESENTATION (  '', ( #1888 ), #1514 ) ;
#1955 = SURFACE_STYLE_FILL_AREA ( #1549 ) ;
#1956 = SURFACE_STYLE_FILL_AREA ( #3204 ) ;
#1957 = PLANE ( 'NONE',  #1740 ) ;
#1958 = DIRECTION ( 'NONE',  ( 0.08602294726405147751, -0.9925724684314051194, -0.08602294726405149139 ) ) ;
#1959 = AXIS2_PLACEMENT_3D ( 'NONE', #4723, #3509, #1126 ) ;
#1960 = FILL_AREA_STYLE_COLOUR ( '', #1902 ) ;
#1961 = STYLED_ITEM ( 'NONE', ( #2313 ), #558 ) ;
#1962 = FACE_OUTER_BOUND ( 'NONE', #5226, .T. ) ;
#1963 = LINE ( 'NONE', #3374, #1774 ) ;
#1964 = VECTOR ( 'NONE', #4148, 1000.000000000000114 ) ;
#1965 =( NAMED_UNIT ( * ) SI_UNIT ( $, .STERADIAN. ) SOLID_ANGLE_UNIT ( ) );
#1966 = SURFACE_STYLE_FILL_AREA ( #4441 ) ;
#1967 = EDGE_CURVE ( 'NONE', #4813, #4020, #5118, .T. ) ;
#1968 = MECHANICAL_DESIGN_GEOMETRIC_PRESENTATION_REPRESENTATION (  '', ( #4582 ), #3831 ) ;
#1969 = VERTEX_POINT ( 'NONE', #1773 ) ;
#1970 = PLANE ( 'NONE',  #1696 ) ;
#1971 = CARTESIAN_POINT ( 'NONE',  ( 0.2500000000000000000, 0.5749999999999999556, 0.7350000000000002087 ) ) ;
#1972 =( NAMED_UNIT ( * ) PLANE_ANGLE_UNIT ( ) SI_UNIT ( $, .RADIAN. ) );
#1973 = DIRECTION ( 'NONE',  ( -1.000000000000000000, -0.000000000000000000, -0.000000000000000000 ) ) ;
#1974 = CIRCLE ( 'NONE', #4987, 0.08000000000000020983 ) ;
#1975 = LINE ( 'NONE', #2516, #1650 ) ;
#1976 = VERTEX_POINT ( 'NONE', #2990 ) ;
#1977 = EDGE_CURVE ( 'NONE', #3073, #2839, #2273, .T. ) ;
#1978 = DIRECTION ( 'NONE',  ( -1.000000000000000000, -0.000000000000000000, -0.000000000000000000 ) ) ;
#1979 = DIRECTION ( 'NONE',  ( -0.000000000000000000, -0.9895845686463778934, 0.1439527057646445007 ) ) ;
#1980 = UNCERTAINTY_MEASURE_WITH_UNIT (LENGTH_MEASURE( 1.000000000000000082E-05 ), #1182, 'distance_accuracy_value', 'NONE');
#1981 = VECTOR ( 'NONE', #579, 1000.000000000000114 ) ;
#1982 = ORIENTED_EDGE ( 'NONE', *, *, #3015, .T. ) ;
#1983 = VECTOR ( 'NONE', #2957, 1000.000000000000000 ) ;
#1984 = CARTESIAN_POINT ( 'NONE',  ( 1.449999999999999956, -0.2141666666666978136, -0.7936354166666604870 ) ) ;
#1985 = ORIENTED_EDGE ( 'NONE', *, *, #1363, .F. ) ;
#1986 = ORIENTED_EDGE ( 'NONE', *, *, #4185, .F. ) ;
#1987 = CIRCLE ( 'NONE', #2357, 0.1599999999999999756 ) ;
#1988 =( NAMED_UNIT ( * ) PLANE_ANGLE_UNIT ( ) SI_UNIT ( $, .RADIAN. ) );
#1989 = DIRECTION ( 'NONE',  ( 0.1583717986114573373, 0.9745956837628332314, -0.1583717986114558940 ) ) ;
#1990 = MECHANICAL_DESIGN_GEOMETRIC_PRESENTATION_REPRESENTATION (  '', ( #2772 ), #3033 ) ;
#1991 = ORIENTED_EDGE ( 'NONE', *, *, #2139, .F. ) ;
#1992 = CYLINDRICAL_SURFACE ( 'NONE', #4414, 0.04999999999999998890 ) ;
#1993 = AXIS2_PLACEMENT_3D ( 'NONE', #894, #1641, #2050 ) ;
#1994 = EDGE_CURVE ( 'NONE', #2310, #3536, #4140, .T. ) ;
#1995 = ORIENTED_EDGE ( 'NONE', *, *, #48, .F. ) ;
#1996 = CARTESIAN_POINT ( 'NONE',  ( 0.2500000000000000000, -0.2141666666666977581, -0.6455263157894751691 ) ) ;
#1997 = VECTOR ( 'NONE', #4392, 1000.000000000000000 ) ;
#1998 = VERTEX_POINT ( 'NONE', #492 ) ;
#1999 = SURFACE_STYLE_FILL_AREA ( #3702 ) ;
#2000 = CARTESIAN_POINT ( 'NONE',  ( 1.200000000000000178, 0.5150000000000000133, 1.153085987590313444 ) ) ;
#2001 = EDGE_CURVE ( 'NONE', #2319, #4796, #2852, .T. ) ;
#2002 = MECHANICAL_DESIGN_GEOMETRIC_PRESENTATION_REPRESENTATION (  '', ( #1931 ), #2198 ) ;
#2003 = DIRECTION ( 'NONE',  ( 0.000000000000000000, 0.000000000000000000, -1.000000000000000000 ) ) ;
#2004 = ORIENTED_EDGE ( 'NONE', *, *, #4556, .T. ) ;
#2005 = LINE ( 'NONE', #1770, #104 ) ;
#2006 =( LENGTH_UNIT ( ) NAMED_UNIT ( * ) SI_UNIT ( .MILLI., .METRE. ) );
#2007 = CARTESIAN_POINT ( 'NONE',  ( 1.361754605122109663, -0.4063202466646723687, -0.7117546051221103065 ) ) ;
#2008 = AXIS2_PLACEMENT_3D ( 'NONE', #3638, #4043, #2812 ) ;
#2009 = ORIENTED_EDGE ( 'NONE', *, *, #2660, .T. ) ;
#2010 = LINE ( 'NONE', #4560, #5098 ) ;
#2011 = CARTESIAN_POINT ( 'NONE',  ( 0.000000000000000000, 0.5749999999999999556, 0.000000000000000000 ) ) ;
#2012 = SURFACE_SIDE_STYLE ('',( #1276 ) ) ;
#2013 = CARTESIAN_POINT ( 'NONE',  ( 1.449999999999999956, -0.1750000000000311307, -0.7506473632687969966 ) ) ;
#2014 = UNCERTAINTY_MEASURE_WITH_UNIT (LENGTH_MEASURE( 1.000000000000000082E-05 ), #3142, 'distance_accuracy_value', 'NONE');
#2015 = EDGE_LOOP ( 'NONE', ( #250, #5083, #3613, #1226 ) ) ;
#2016 = EDGE_CURVE ( 'NONE', #5127, #1969, #3029, .T. ) ;
#2017 = CIRCLE ( 'NONE', #5100, 0.1599999999999999756 ) ;
#2018 = FILL_AREA_STYLE_COLOUR ( '', #5136 ) ;
#2019 = FILL_AREA_STYLE ('',( #4881 ) ) ;
#2020 =( GEOMETRIC_REPRESENTATION_CONTEXT ( 3 ) GLOBAL_UNCERTAINTY_ASSIGNED_CONTEXT ( ( #2304 ) ) GLOBAL_UNIT_ASSIGNED_CONTEXT ( ( #3149, #752, #4791 ) ) REPRESENTATION_CONTEXT ( 'NONE', 'WORKASPACE' ) );
#2021 = AXIS2_PLACEMENT_3D ( 'NONE', #3948, #797, #1217 ) ;
#2022 = DIRECTION ( 'NONE',  ( -0.000000000000000000, 1.000000000000000000, 4.391011113158564976E-16 ) ) ;
#2023 = DIRECTION ( 'NONE',  ( 0.000000000000000000, 0.000000000000000000, -1.000000000000000000 ) ) ;
#2024 = CARTESIAN_POINT ( 'NONE',  ( 1.342469145205119396, -0.5249999999999999112, 0.6924691452051195961 ) ) ;
#2025 = CARTESIAN_POINT ( 'NONE',  ( 0.7000000000000000666, -0.1750000000000308253, 0.8000000000000001554 ) ) ;
#2026 = SURFACE_STYLE_USAGE ( .BOTH. , #15 ) ;
#2027 = DIRECTION ( 'NONE',  ( 0.000000000000000000, 0.1439527057646445007, -0.9895845686463778934 ) ) ;
#2028 = AXIS2_PLACEMENT_3D ( 'NONE', #3385, #994, #3773 ) ;
#2029 = VECTOR ( 'NONE', #4158, 1000.000000000000000 ) ;
#2030 = COLOUR_RGB ( '',1.000000000000000000, 1.000000000000000000, 1.000000000000000000 ) ;
#2031 =( NAMED_UNIT ( * ) SI_UNIT ( $, .STERADIAN. ) SOLID_ANGLE_UNIT ( ) );
#2032 = LINE ( 'NONE', #1379, #439 ) ;
#2033 = EDGE_CURVE ( 'NONE', #2798, #654, #1963, .T. ) ;
#2034 =( GEOMETRIC_REPRESENTATION_CONTEXT ( 3 ) GLOBAL_UNCERTAINTY_ASSIGNED_CONTEXT ( ( #63 ) ) GLOBAL_UNIT_ASSIGNED_CONTEXT ( ( #3002, #4992, #627 ) ) REPRESENTATION_CONTEXT ( 'NONE', 'WORKASPACE' ) );
#2035 = VECTOR ( 'NONE', #292, 1000.000000000000000 ) ;
#2036 = ORIENTED_EDGE ( 'NONE', *, *, #694, .F. ) ;
#2037 = DIRECTION ( 'NONE',  ( 0.000000000000000000, 0.08634300732914253207, 0.9962654691824661679 ) ) ;
#2038 = PRESENTATION_LAYER_ASSIGNMENT (  '', '', ( #479 ) ) ;
#2039 = FILL_AREA_STYLE ('',( #3566 ) ) ;
#2040 = ORIENTED_EDGE ( 'NONE', *, *, #2984, .F. ) ;
#2041 = DIRECTION ( 'NONE',  ( -1.000000000000000000, 0.000000000000000000, 2.168404344971012812E-15 ) ) ;
#2042 = DIRECTION ( 'NONE',  ( -1.000000000000000000, 0.000000000000000000, -0.000000000000000000 ) ) ;
#2043 = VERTEX_POINT ( 'NONE', #1757 ) ;
#2044 = ORIENTED_EDGE ( 'NONE', *, *, #1814, .T. ) ;
#2045 = DIRECTION ( 'NONE',  ( -0.000000000000000000, -0.9895845686463778934, 0.1439527057646445007 ) ) ;
#2046 = DIRECTION ( 'NONE',  ( 0.000000000000000000, 0.000000000000000000, 1.000000000000000000 ) ) ;
#2047 = EDGE_LOOP ( 'NONE', ( #259, #3457, #2505, #4806 ) ) ;
#2048 = VERTEX_POINT ( 'NONE', #3760 ) ;
#2049 = LINE ( 'NONE', #2153, #986 ) ;
#2050 = DIRECTION ( 'NONE',  ( 0.000000000000000000, 0.000000000000000000, -1.000000000000000000 ) ) ;
#2051 = ORIENTED_EDGE ( 'NONE', *, *, #4314, .T. ) ;
#2052 = CIRCLE ( 'NONE', #2511, 0.05000000000000002359 ) ;
#2053 = FILL_AREA_STYLE ('',( #2480 ) ) ;
#2054 = AXIS2_PLACEMENT_3D ( 'NONE', #2155, #4490, #2964 ) ;
#2055 = ORIENTED_EDGE ( 'NONE', *, *, #309, .F. ) ;
#2056 =( GEOMETRIC_REPRESENTATION_CONTEXT ( 3 ) GLOBAL_UNCERTAINTY_ASSIGNED_CONTEXT ( ( #2465 ) ) GLOBAL_UNIT_ASSIGNED_CONTEXT ( ( #4048, #4460, #3265 ) ) REPRESENTATION_CONTEXT ( 'NONE', 'WORKASPACE' ) );
#2057 = VECTOR ( 'NONE', #4086, 1000.000000000000000 ) ;
#2058 = DIRECTION ( 'NONE',  ( 0.000000000000000000, 0.000000000000000000, -1.000000000000000000 ) ) ;
#2059 =( LENGTH_UNIT ( ) NAMED_UNIT ( * ) SI_UNIT ( .MILLI., .METRE. ) );
#2060 = AXIS2_PLACEMENT_3D ( 'NONE', #3552, #2309, #5126 ) ;
#2061 = SURFACE_STYLE_USAGE ( .BOTH. , #2846 ) ;
#2062 =( LENGTH_UNIT ( ) NAMED_UNIT ( * ) SI_UNIT ( .MILLI., .METRE. ) );
#2063 = ORIENTED_EDGE ( 'NONE', *, *, #3326, .F. ) ;
#2064 = EDGE_CURVE ( 'NONE', #976, #1873, #3884, .T. ) ;
#2065 = VERTEX_POINT ( 'NONE', #4137 ) ;
#2066 = STYLED_ITEM ( 'NONE', ( #1156 ), #3448 ) ;
#2067 = DIRECTION ( 'NONE',  ( -1.000000000000000000, -0.000000000000000000, 0.000000000000000000 ) ) ;
#2068 = ORIENTED_EDGE ( 'NONE', *, *, #1671, .F. ) ;
#2069 = VECTOR ( 'NONE', #120, 1000.000000000000114 ) ;
#2070 = PLANE ( 'NONE',  #2932 ) ;
#2071 = EDGE_CURVE ( 'NONE', #2839, #3407, #1639, .T. ) ;
#2072 = AXIS2_PLACEMENT_3D ( 'NONE', #2829, #4854, #396 ) ;
#2073 = UNCERTAINTY_MEASURE_WITH_UNIT (LENGTH_MEASURE( 1.000000000000000082E-05 ), #4482, 'distance_accuracy_value', 'NONE');
#2074 =( NAMED_UNIT ( * ) SI_UNIT ( $, .STERADIAN. ) SOLID_ANGLE_UNIT ( ) );
#2075 = DIRECTION ( 'NONE',  ( 0.1583717986114568932, -0.9745956837628331204, 0.1583717986114568932 ) ) ;
#2076 = LINE ( 'NONE', #413, #1465 ) ;
#2077 =( LENGTH_UNIT ( ) NAMED_UNIT ( * ) SI_UNIT ( .MILLI., .METRE. ) );
#2078 = CARTESIAN_POINT ( 'NONE',  ( 0.2500000000000000000, 0.5380324329223433732, -0.9947524566068931540 ) ) ;
#2079 = SURFACE_STYLE_FILL_AREA ( #923 ) ;
#2080 = MECHANICAL_DESIGN_GEOMETRIC_PRESENTATION_REPRESENTATION (  '', ( #1486 ), #4331 ) ;
#2081 = SURFACE_STYLE_FILL_AREA ( #1532 ) ;
#2082 = CIRCLE ( 'NONE', #4604, 0.07999999999999998779 ) ;
#2083 = MECHANICAL_DESIGN_GEOMETRIC_PRESENTATION_REPRESENTATION (  '', ( #5233 ), #4050 ) ;
#2084 = VECTOR ( 'NONE', #448, 1000.000000000000000 ) ;
#2085 = DIRECTION ( 'NONE',  ( -0.000000000000000000, -0.9895845686463778934, -0.1439527057646445007 ) ) ;
#2086 = CARTESIAN_POINT ( 'NONE',  ( -0.6999999999999999556, -0.07719909958904112857, -0.9860980736990661022 ) ) ;
#2087 = EDGE_CURVE ( 'NONE', #3777, #2356, #373, .T. ) ;
#2088 = VECTOR ( 'NONE', #1211, 1000.000000000000114 ) ;
#2089 = ORIENTED_EDGE ( 'NONE', *, *, #4608, .F. ) ;
#2090 = SURFACE_STYLE_USAGE ( .BOTH. , #1307 ) ;
#2091 = CARTESIAN_POINT ( 'NONE',  ( 0.2500000000000000000, -0.05416666666669788660, -0.8277645427156450353 ) ) ;
#2092 = AXIS2_PLACEMENT_3D ( 'NONE', #3897, #1989, #5200 ) ;
#2093 = VECTOR ( 'NONE', #5166, 1000.000000000000000 ) ;
#2094 = LINE ( 'NONE', #3106, #5069 ) ;
#2095 = EDGE_CURVE ( 'NONE', #4444, #1495, #3576, .T. ) ;
#2096 = AXIS2_PLACEMENT_3D ( 'NONE', #2242, #3148, #3575 ) ;
#2097 = ORIENTED_EDGE ( 'NONE', *, *, #3786, .T. ) ;
#2098 = CARTESIAN_POINT ( 'NONE',  ( -1.400647363268796575, -0.1750000000000311307, -0.7999999999999997113 ) ) ;
#2099 = FILL_AREA_STYLE_COLOUR ( '', #3000 ) ;
#2100 = VERTEX_POINT ( 'NONE', #2933 ) ;
#2101 = UNCERTAINTY_MEASURE_WITH_UNIT (LENGTH_MEASURE( 1.000000000000000082E-05 ), #3248, 'distance_accuracy_value', 'NONE');
#2102 = PRESENTATION_LAYER_ASSIGNMENT (  '', '', ( #1844 ) ) ;
#2103 = DIRECTION ( 'NONE',  ( 0.000000000000000000, 0.000000000000000000, -1.000000000000000000 ) ) ;
#2104 = CARTESIAN_POINT ( 'NONE',  ( -0.2500000000000000000, 0.5749999999999999556, -0.7349999999999999867 ) ) ;
#2105 = CARTESIAN_POINT ( 'NONE',  ( -0.6999999999999999556, -0.1341666666666978813, 0.6455263157894752801 ) ) ;
#2106 = ORIENTED_EDGE ( 'NONE', *, *, #4841, .T. ) ;
#2107 = DIRECTION ( 'NONE',  ( -2.176532673314873397E-15, 0.000000000000000000, 1.000000000000000000 ) ) ;
#2108 = EDGE_LOOP ( 'NONE', ( #710, #2746, #4262, #584 ) ) ;
#2109 = EDGE_CURVE ( 'NONE', #1305, #1299, #957, .T. ) ;
#2110 = DIRECTION ( 'NONE',  ( 0.000000000000000000, 0.000000000000000000, -1.000000000000000000 ) ) ;
#2111 = ORIENTED_EDGE ( 'NONE', *, *, #3597, .F. ) ;
#2112 = FACE_OUTER_BOUND ( 'NONE', #192, .T. ) ;
#2113 = ORIENTED_EDGE ( 'NONE', *, *, #1977, .F. ) ;
#2114 = FILL_AREA_STYLE_COLOUR ( '', #3978 ) ;
#2115 = CARTESIAN_POINT ( 'NONE',  ( 1.449999999999999956, -0.2141666666666978136, 0.7936354166666603760 ) ) ;
#2116 = CARTESIAN_POINT ( 'NONE',  ( 0.2500000000000000000, 0.5265162164611717488, -1.073919222098603132 ) ) ;
#2117 = ORIENTED_EDGE ( 'NONE', *, *, #381, .F. ) ;
#2118 = LINE ( 'NONE', #110, #4440 ) ;
#2119 = DIRECTION ( 'NONE',  ( 0.000000000000000000, 0.000000000000000000, -1.000000000000000000 ) ) ;
#2120 = CARTESIAN_POINT ( 'NONE',  ( 1.200000000000000178, 0.5950000000000000844, -1.399999999999999689 ) ) ;
#2121 = PLANE ( 'NONE',  #4966 ) ;
#2122 = PRESENTATION_LAYER_ASSIGNMENT (  '', '', ( #1323 ) ) ;
#2123 = ORIENTED_EDGE ( 'NONE', *, *, #1191, .F. ) ;
#2124 = PRESENTATION_STYLE_ASSIGNMENT (( #4994 ) ) ;
#2125 = DIRECTION ( 'NONE',  ( 0.000000000000000000, 0.000000000000000000, -1.000000000000000000 ) ) ;
#2126 = AXIS2_PLACEMENT_3D ( 'NONE', #2105, #4107, #1720 ) ;
#2127 = DIRECTION ( 'NONE',  ( -1.000000000000000000, 0.000000000000000000, -0.000000000000000000 ) ) ;
#2128 = ORIENTED_EDGE ( 'NONE', *, *, #4213, .F. ) ;
#2129 = DIRECTION ( 'NONE',  ( -1.000000000000000000, -0.000000000000000000, -0.000000000000000000 ) ) ;
#2130 = PRESENTATION_LAYER_ASSIGNMENT (  '', '', ( #4179 ) ) ;
#2131 = CARTESIAN_POINT ( 'NONE',  ( -0.7000000000000000666, -0.1749999999999916067, 0.8000000000000002665 ) ) ;
#2132 = ORIENTED_EDGE ( 'NONE', *, *, #1601, .F. ) ;
#2133 = CYLINDRICAL_SURFACE ( 'NONE', #3458, 0.04999999999999998890 ) ;
#2134 =( NAMED_UNIT ( * ) PLANE_ANGLE_UNIT ( ) SI_UNIT ( $, .RADIAN. ) );
#2135 = UNCERTAINTY_MEASURE_WITH_UNIT (LENGTH_MEASURE( 1.000000000000000082E-05 ), #3539, 'distance_accuracy_value', 'NONE');
#2136 = CARTESIAN_POINT ( 'NONE',  ( 0.2500000000000000000, 0.6750000000000000444, -1.399999999999999911 ) ) ;
#2137 = DIRECTION ( 'NONE',  ( 0.000000000000000000, 0.9895845686463776714, 0.1439527057646453889 ) ) ;
#2138 = EDGE_LOOP ( 'NONE', ( #2009, #3053, #224, #3284 ) ) ;
#2139 = EDGE_CURVE ( 'NONE', #1598, #5164, #3754, .T. ) ;
#2140 = DIRECTION ( 'NONE',  ( 0.1583717986114569209, -0.9745956837628331204, -0.1583717986114570875 ) ) ;
#2141 = DIRECTION ( 'NONE',  ( 1.000000000000000000, 0.000000000000000000, 0.000000000000000000 ) ) ;
#2142 = ADVANCED_FACE ( 'NONE', ( #4919 ), #2390, .F. ) ;
#2143 = DIRECTION ( 'NONE',  ( 0.08602294726405147751, -0.9925724684314050084, 0.08602294726405154690 ) ) ;
#2144 = CARTESIAN_POINT ( 'NONE',  ( -1.200000000000000178, -0.06568288312786950411, -0.9069313082073553467 ) ) ;
#2145 = CARTESIAN_POINT ( 'NONE',  ( -0.2500000000000000000, 0.5265162164611717488, 1.073919222098603132 ) ) ;
#2146 = DIRECTION ( 'NONE',  ( -1.000000000000000000, -0.000000000000000000, 1.121588454295349533E-16 ) ) ;
#2147 = CARTESIAN_POINT ( 'NONE',  ( 1.200000000000000178, 0.5150000000000000133, 1.153085987590313444 ) ) ;
#2148 = AXIS2_PLACEMENT_3D ( 'NONE', #5052, #2639, #4159 ) ;
#2149 = VECTOR ( 'NONE', #5148, 1000.000000000000000 ) ;
#2150 =( GEOMETRIC_REPRESENTATION_CONTEXT ( 3 ) GLOBAL_UNCERTAINTY_ASSIGNED_CONTEXT ( ( #3195 ) ) GLOBAL_UNIT_ASSIGNED_CONTEXT ( ( #4296, #2307, #1547 ) ) REPRESENTATION_CONTEXT ( 'NONE', 'WORKASPACE' ) );
#2151 = LINE ( 'NONE', #3446, #382 ) ;
#2152 = ORIENTED_EDGE ( 'NONE', *, *, #3904, .T. ) ;
#2153 = CARTESIAN_POINT ( 'NONE',  ( 1.401885207674794298, -0.1673824959631194653, 0.8012378444059917726 ) ) ;
#2154 =( NAMED_UNIT ( * ) PLANE_ANGLE_UNIT ( ) SI_UNIT ( $, .RADIAN. ) );
#2155 = CARTESIAN_POINT ( 'NONE',  ( 1.200000000000000178, 0.6750000000000000444, -1.153085987590313444 ) ) ;
#2156 = EDGE_CURVE ( 'NONE', #4562, #3542, #3208, .T. ) ;
#2157 = ORIENTED_EDGE ( 'NONE', *, *, #1627, .T. ) ;
#2158 = DIRECTION ( 'NONE',  ( 1.495451272393799049E-16, 0.000000000000000000, 1.000000000000000000 ) ) ;
#2159 = DIRECTION ( 'NONE',  ( -1.000000000000000000, -0.000000000000000000, -0.000000000000000000 ) ) ;
#2160 = CARTESIAN_POINT ( 'NONE',  ( -1.361754605122109663, -0.4063202466646722577, -0.7117546051221097514 ) ) ;
#2161 = EDGE_CURVE ( 'NONE', #3230, #1873, #4661, .T. ) ;
#2162 = PRESENTATION_STYLE_ASSIGNMENT (( #4539 ) ) ;
#2163 =( GEOMETRIC_REPRESENTATION_CONTEXT ( 3 ) GLOBAL_UNCERTAINTY_ASSIGNED_CONTEXT ( ( #3633 ) ) GLOBAL_UNIT_ASSIGNED_CONTEXT ( ( #4931, #560, #130 ) ) REPRESENTATION_CONTEXT ( 'NONE', 'WORKASPACE' ) );
#2164 = VERTEX_POINT ( 'NONE', #668 ) ;
#2165 = COLOUR_RGB ( '',1.000000000000000000, 1.000000000000000000, 1.000000000000000000 ) ;
#2166 = ORIENTED_EDGE ( 'NONE', *, *, #5023, .T. ) ;
#2167 = CARTESIAN_POINT ( 'NONE',  ( -1.449999999999999956, -0.1750000000000308253, 0.8000000000000003775 ) ) ;
#2168 = UNCERTAINTY_MEASURE_WITH_UNIT (LENGTH_MEASURE( 1.000000000000000082E-05 ), #1771, 'distance_accuracy_value', 'NONE');
#2169 = DIRECTION ( 'NONE',  ( 0.000000000000000000, -2.974683716947999386E-16, 1.000000000000000000 ) ) ;
#2170 = LINE ( 'NONE', #3470, #1919 ) ;
#2171 =( LENGTH_UNIT ( ) NAMED_UNIT ( * ) SI_UNIT ( .MILLI., .METRE. ) );
#2172 = ADVANCED_FACE ( 'NONE', ( #246 ), #5108, .F. ) ;
#2173 = ORIENTED_EDGE ( 'NONE', *, *, #1396, .T. ) ;
#2174 = SURFACE_STYLE_FILL_AREA ( #4087 ) ;
#2175 = ORIENTED_EDGE ( 'NONE', *, *, #3492, .T. ) ;
#2176 = STYLED_ITEM ( 'NONE', ( #1778 ), #4722 ) ;
#2177 = FILL_AREA_STYLE_COLOUR ( '', #2247 ) ;
#2178 = DIRECTION ( 'NONE',  ( -1.000000000000000000, -0.000000000000000000, -0.000000000000000000 ) ) ;
#2179 = ORIENTED_EDGE ( 'NONE', *, *, #2033, .T. ) ;
#2180 =( NAMED_UNIT ( * ) PLANE_ANGLE_UNIT ( ) SI_UNIT ( $, .RADIAN. ) );
#2181 = DIRECTION ( 'NONE',  ( -1.000000000000000000, -0.000000000000000000, -0.000000000000000000 ) ) ;
#2182 = CARTESIAN_POINT ( 'NONE',  ( -1.342469145205120062, -0.5330198034688192754, 0.7418217819363170928 ) ) ;
#2183 = ORIENTED_EDGE ( 'NONE', *, *, #921, .T. ) ;
#2184 = VECTOR ( 'NONE', #4486, 1000.000000000000000 ) ;
#2185 = AXIS2_PLACEMENT_3D ( 'NONE', #2573, #5041, #4555 ) ;
#2186 = DIRECTION ( 'NONE',  ( 0.000000000000000000, -0.000000000000000000, -1.000000000000000000 ) ) ;
#2187 = ORIENTED_EDGE ( 'NONE', *, *, #4246, .T. ) ;
#2188 =( GEOMETRIC_REPRESENTATION_CONTEXT ( 3 ) GLOBAL_UNCERTAINTY_ASSIGNED_CONTEXT ( ( #256 ) ) GLOBAL_UNIT_ASSIGNED_CONTEXT ( ( #4416, #2407, #1180 ) ) REPRESENTATION_CONTEXT ( 'NONE', 'WORKASPACE' ) );
#2189 = LINE ( 'NONE', #1127, #1002 ) ;
#2190 = CARTESIAN_POINT ( 'NONE',  ( -1.200000000000000178, 0.6750000000000000444, 1.400000000000000133 ) ) ;
#2191 = CARTESIAN_POINT ( 'NONE',  ( 0.2500000000000000000, -0.07719909958904112857, -0.9860980736990658801 ) ) ;
#2192 = ORIENTED_EDGE ( 'NONE', *, *, #901, .T. ) ;
#2193 = FILL_AREA_STYLE_COLOUR ( '', #1926 ) ;
#2194 = DIRECTION ( 'NONE',  ( 1.000000000000000000, 0.000000000000000000, -1.495451272393799296E-16 ) ) ;
#2195 = PRESENTATION_LAYER_ASSIGNMENT (  '', '', ( #751 ) ) ;
#2196 = EDGE_CURVE ( 'NONE', #1233, #3230, #119, .T. ) ;
#2197 = ORIENTED_EDGE ( 'NONE', *, *, #1207, .F. ) ;
#2198 =( GEOMETRIC_REPRESENTATION_CONTEXT ( 3 ) GLOBAL_UNCERTAINTY_ASSIGNED_CONTEXT ( ( #4681 ) ) GLOBAL_UNIT_ASSIGNED_CONTEXT ( ( #3896, #284, #3108 ) ) REPRESENTATION_CONTEXT ( 'NONE', 'WORKASPACE' ) );
#2199 = ADVANCED_FACE ( 'NONE', ( #4527 ), #2714, .F. ) ;
#2200 = SURFACE_STYLE_USAGE ( .BOTH. , #1783 ) ;
#2201 = PLANE ( 'NONE',  #2847 ) ;
#2202 = CYLINDRICAL_SURFACE ( 'NONE', #327, 0.1600000000000000866 ) ;
#2203 = DIRECTION ( 'NONE',  ( 0.000000000000000000, 0.000000000000000000, -1.000000000000000000 ) ) ;
#2204 = MECHANICAL_DESIGN_GEOMETRIC_PRESENTATION_REPRESENTATION (  '', ( #4283 ), #4355 ) ;
#2205 =( NAMED_UNIT ( * ) SI_UNIT ( $, .STERADIAN. ) SOLID_ANGLE_UNIT ( ) );
#2206 = LINE ( 'NONE', #1599, #2778 ) ;
#2207 = CARTESIAN_POINT ( 'NONE',  ( 1.342469145205119396, -0.5749999999999999556, -0.6924691452051198182 ) ) ;
#2208 = EDGE_CURVE ( 'NONE', #553, #4174, #4136, .T. ) ;
#2209 = CARTESIAN_POINT ( 'NONE',  ( 0.6999999999999999556, -0.1341666666666978536, -0.8277645427156449243 ) ) ;
#2210 = CIRCLE ( 'NONE', #1993, 0.08000000000000020983 ) ;
#2211 = FACE_OUTER_BOUND ( 'NONE', #549, .T. ) ;
#2212 = SURFACE_STYLE_USAGE ( .BOTH. , #168 ) ;
#2213 = CARTESIAN_POINT ( 'NONE',  ( -0.2500000000000000000, -0.1341666666666979368, -0.7964611111111112862 ) ) ;
#2214 = CARTESIAN_POINT ( 'NONE',  ( -1.200000000000000178, 0.5265162164611717488, 1.073919222098603354 ) ) ;
#2215 =( NAMED_UNIT ( * ) SI_UNIT ( $, .STERADIAN. ) SOLID_ANGLE_UNIT ( ) );
#2216 = MECHANICAL_DESIGN_GEOMETRIC_PRESENTATION_REPRESENTATION (  '', ( #1487 ), #1313 ) ;
#2217 = LINE ( 'NONE', #469, #3581 ) ;
#2218 = ORIENTED_EDGE ( 'NONE', *, *, #825, .T. ) ;
#2219 = DIRECTION ( 'NONE',  ( 0.000000000000000000, -1.000000000000000000, 0.000000000000000000 ) ) ;
#2220 = COLOUR_RGB ( '',1.000000000000000000, 1.000000000000000000, 1.000000000000000000 ) ;
#2221 = VECTOR ( 'NONE', #2726, 1000.000000000000000 ) ;
#2222 = DIRECTION ( 'NONE',  ( -0.1583717986114621112, 0.9745956837628322322, 0.1583717986114578924 ) ) ;
#2223 = ADVANCED_FACE ( 'NONE', ( #3451 ), #3694, .T. ) ;
#2224 = VERTEX_POINT ( 'NONE', #3124 ) ;
#2225 = PRESENTATION_LAYER_ASSIGNMENT (  '', '', ( #4017 ) ) ;
#2226 = MECHANICAL_DESIGN_GEOMETRIC_PRESENTATION_REPRESENTATION (  '', ( #1323 ), #2502 ) ;
#2227 = SURFACE_SIDE_STYLE ('',( #5103 ) ) ;
#2228 = DIRECTION ( 'NONE',  ( 0.000000000000000000, 0.000000000000000000, 1.000000000000000000 ) ) ;
#2229 = ORIENTED_EDGE ( 'NONE', *, *, #3794, .T. ) ;
#2230 =( NAMED_UNIT ( * ) PLANE_ANGLE_UNIT ( ) SI_UNIT ( $, .RADIAN. ) );
#2231 = PRESENTATION_LAYER_ASSIGNMENT (  '', '', ( #1961 ) ) ;
#2232 = SURFACE_STYLE_FILL_AREA ( #2264 ) ;
#2233 = DIRECTION ( 'NONE',  ( -1.000000000000000000, -0.000000000000000000, 0.000000000000000000 ) ) ;
#2234 = SURFACE_SIDE_STYLE ('',( #602 ) ) ;
#2235 = ORIENTED_EDGE ( 'NONE', *, *, #2909, .F. ) ;
#2236 =( NAMED_UNIT ( * ) PLANE_ANGLE_UNIT ( ) SI_UNIT ( $, .RADIAN. ) );
#2237 = ORIENTED_EDGE ( 'NONE', *, *, #969, .F. ) ;
#2238 = DIRECTION ( 'NONE',  ( 0.000000000000000000, -1.000000000000000000, 0.000000000000000000 ) ) ;
#2239 = EDGE_CURVE ( 'NONE', #1731, #5045, #629, .T. ) ;
#2240 = MECHANICAL_DESIGN_GEOMETRIC_PRESENTATION_REPRESENTATION (  '', ( #3499 ), #266 ) ;
#2241 = COLOUR_RGB ( '',1.000000000000000000, 1.000000000000000000, 1.000000000000000000 ) ;
#2242 = CARTESIAN_POINT ( 'NONE',  ( 0.000000000000000000, -0.5749999999999999556, 0.000000000000000000 ) ) ;
#2243 = ORIENTED_EDGE ( 'NONE', *, *, #4361, .F. ) ;
#2244 = DIRECTION ( 'NONE',  ( -0.000000000000000000, 2.974683716947999386E-16, -1.000000000000000000 ) ) ;
#2245 = ADVANCED_FACE ( 'NONE', ( #4458 ), #3551, .F. ) ;
#2246 = SURFACE_STYLE_USAGE ( .BOTH. , #1003 ) ;
#2247 = COLOUR_RGB ( '',1.000000000000000000, 1.000000000000000000, 1.000000000000000000 ) ;
#2248 = EDGE_CURVE ( 'NONE', #1229, #5140, #367, .T. ) ;
#2249 = LINE ( 'NONE', #5198, #2500 ) ;
#2250 = VERTEX_POINT ( 'NONE', #2395 ) ;
#2251 = CARTESIAN_POINT ( 'NONE',  ( -0.6999999999999999556, -0.2141666666666977581, -0.6455263157894752801 ) ) ;
#2252 = SURFACE_STYLE_USAGE ( .BOTH. , #1894 ) ;
#2253 = EDGE_LOOP ( 'NONE', ( #659, #5123, #1201, #4227, #83, #4626 ) ) ;
#2254 = VECTOR ( 'NONE', #248, 1000.000000000000114 ) ;
#2255 = ADVANCED_FACE ( 'NONE', ( #2658 ), #339, .T. ) ;
#2256 = DIRECTION ( 'NONE',  ( 0.000000000000000000, 0.9962654691824661679, 0.08634300732914342025 ) ) ;
#2257 = CARTESIAN_POINT ( 'NONE',  ( 0.2500000000000000000, -0.1750000000000311307, -0.7999999999999999334 ) ) ;
#2258 =( LENGTH_UNIT ( ) NAMED_UNIT ( * ) SI_UNIT ( .MILLI., .METRE. ) );
#2259 = ORIENTED_EDGE ( 'NONE', *, *, #5049, .T. ) ;
#2260 = LINE ( 'NONE', #3018, #2767 ) ;
#2261 = SURFACE_STYLE_USAGE ( .BOTH. , #239 ) ;
#2262 = PRESENTATION_LAYER_ASSIGNMENT (  '', '', ( #1082 ) ) ;
#2263 = ORIENTED_EDGE ( 'NONE', *, *, #4128, .T. ) ;
#2264 = FILL_AREA_STYLE ('',( #4202 ) ) ;
#2265 = EDGE_CURVE ( 'NONE', #578, #1632, #2272, .T. ) ;
#2266 =( LENGTH_UNIT ( ) NAMED_UNIT ( * ) SI_UNIT ( .MILLI., .METRE. ) );
#2267 = ORIENTED_EDGE ( 'NONE', *, *, #178, .F. ) ;
#2268 = VECTOR ( 'NONE', #2606, 1000.000000000000114 ) ;
#2269 = UNCERTAINTY_MEASURE_WITH_UNIT (LENGTH_MEASURE( 1.000000000000000082E-05 ), #2708, 'distance_accuracy_value', 'NONE');
#2270 = EDGE_CURVE ( 'NONE', #4509, #3295, #1077, .T. ) ;
#2271 =( GEOMETRIC_REPRESENTATION_CONTEXT ( 3 ) GLOBAL_UNCERTAINTY_ASSIGNED_CONTEXT ( ( #3345 ) ) GLOBAL_UNIT_ASSIGNED_CONTEXT ( ( #2062, #4875, #1193 ) ) REPRESENTATION_CONTEXT ( 'NONE', 'WORKASPACE' ) );
#2272 = LINE ( 'NONE', #411, #116 ) ;
#2273 = LINE ( 'NONE', #2131, #434 ) ;
#2274 = DIRECTION ( 'NONE',  ( -1.000000000000000000, -0.000000000000000000, -0.000000000000000000 ) ) ;
#2275 = COLOUR_RGB ( '',1.000000000000000000, 1.000000000000000000, 1.000000000000000000 ) ;
#2276 =( GEOMETRIC_REPRESENTATION_CONTEXT ( 3 ) GLOBAL_UNCERTAINTY_ASSIGNED_CONTEXT ( ( #5147 ) ) GLOBAL_UNIT_ASSIGNED_CONTEXT ( ( #2059, #2845, #853 ) ) REPRESENTATION_CONTEXT ( 'NONE', 'WORKASPACE' ) );
#2277 = ADVANCED_FACE ( 'NONE', ( #3143 ), #4328, .F. ) ;
#2278 = PRESENTATION_STYLE_ASSIGNMENT (( #4624 ) ) ;
#2279 = SURFACE_STYLE_FILL_AREA ( #20 ) ;
#2280 = SURFACE_STYLE_FILL_AREA ( #1134 ) ;
#2281 = PLANE ( 'NONE',  #1186 ) ;
#2282 = EDGE_CURVE ( 'NONE', #1229, #4439, #625, .T. ) ;
#2283 = DIRECTION ( 'NONE',  ( -0.000000000000000000, -0.9895845686463778934, -0.1439527057646445007 ) ) ;
#2284 = SURFACE_STYLE_FILL_AREA ( #5096 ) ;
#2285 = COLOUR_RGB ( '',1.000000000000000000, 1.000000000000000000, 1.000000000000000000 ) ;
#2286 = ORIENTED_EDGE ( 'NONE', *, *, #297, .F. ) ;
#2287 = PRODUCT_DEFINITION_CONTEXT ( 'detailed design', #829, 'design' ) ;
#2288 = DIRECTION ( 'NONE',  ( 0.9870527346239436062, 0.1603960693763873679, 0.000000000000000000 ) ) ;
#2289 = DIRECTION ( 'NONE',  ( 0.000000000000000000, 0.9962654691824661679, 0.08634300732914342025 ) ) ;
#2290 =( GEOMETRIC_REPRESENTATION_CONTEXT ( 3 ) GLOBAL_UNCERTAINTY_ASSIGNED_CONTEXT ( ( #1910 ) ) GLOBAL_UNIT_ASSIGNED_CONTEXT ( ( #1392, #4631, #4184 ) ) REPRESENTATION_CONTEXT ( 'NONE', 'WORKASPACE' ) );
#2291 =( GEOMETRIC_REPRESENTATION_CONTEXT ( 3 ) GLOBAL_UNCERTAINTY_ASSIGNED_CONTEXT ( ( #1625 ) ) GLOBAL_UNIT_ASSIGNED_CONTEXT ( ( #899, #9, #28 ) ) REPRESENTATION_CONTEXT ( 'NONE', 'WORKASPACE' ) );
#2292 = ORIENTED_EDGE ( 'NONE', *, *, #921, .F. ) ;
#2293 =( NAMED_UNIT ( * ) SI_UNIT ( $, .STERADIAN. ) SOLID_ANGLE_UNIT ( ) );
#2294 = PRESENTATION_STYLE_ASSIGNMENT (( #2890 ) ) ;
#2295 = ORIENTED_EDGE ( 'NONE', *, *, #2614, .T. ) ;
#2296 = EDGE_LOOP ( 'NONE', ( #942, #2040, #4425, #1725 ) ) ;
#2297 =( GEOMETRIC_REPRESENTATION_CONTEXT ( 3 ) GLOBAL_UNCERTAINTY_ASSIGNED_CONTEXT ( ( #1177 ) ) GLOBAL_UNIT_ASSIGNED_CONTEXT ( ( #974, #597, #3826 ) ) REPRESENTATION_CONTEXT ( 'NONE', 'WORKASPACE' ) );
#2298 = DIRECTION ( 'NONE',  ( -1.000000000000000000, -0.000000000000000000, 0.000000000000000000 ) ) ;
#2299 = EDGE_CURVE ( 'NONE', #2224, #2754, #4911, .T. ) ;
#2300 = AXIS2_PLACEMENT_3D ( 'NONE', #3878, #3846, #5107 ) ;
#2301 = CARTESIAN_POINT ( 'NONE',  ( 1.342469145205119396, -0.5749999999999999556, 0.7349999999999997646 ) ) ;
#2302 = ORIENTED_EDGE ( 'NONE', *, *, #1090, .F. ) ;
#2303 = ORIENTED_EDGE ( 'NONE', *, *, #1236, .F. ) ;
#2304 = UNCERTAINTY_MEASURE_WITH_UNIT (LENGTH_MEASURE( 1.000000000000000082E-05 ), #3149, 'distance_accuracy_value', 'NONE');
#2305 = ADVANCED_FACE ( 'NONE', ( #1573 ), #2202, .T. ) ;
#2306 = SURFACE_STYLE_FILL_AREA ( #696 ) ;
#2307 =( NAMED_UNIT ( * ) PLANE_ANGLE_UNIT ( ) SI_UNIT ( $, .RADIAN. ) );
#2308 = CARTESIAN_POINT ( 'NONE',  ( 0.6999999999999999556, -0.1749999999999915790, 0.8000000000000001554 ) ) ;
#2309 = DIRECTION ( 'NONE',  ( 0.000000000000000000, -1.000000000000000000, -1.487341858474000679E-16 ) ) ;
#2310 = VERTEX_POINT ( 'NONE', #4867 ) ;
#2311 = AXIS2_PLACEMENT_3D ( 'NONE', #2881, #2953, #1811 ) ;
#2312 = ORIENTED_EDGE ( 'NONE', *, *, #212, .F. ) ;
#2313 = PRESENTATION_STYLE_ASSIGNMENT (( #2517 ) ) ;
#2314 = CARTESIAN_POINT ( 'NONE',  ( -1.339145906842450273, 0.5250000000000000222, 0.6891459068424505841 ) ) ;
#2315 = EDGE_CURVE ( 'NONE', #1274, #1491, #2844, .T. ) ;
#2316 = VERTEX_POINT ( 'NONE', #2479 ) ;
#2317 = PRESENTATION_STYLE_ASSIGNMENT (( #2340 ) ) ;
#2318 = DIRECTION ( 'NONE',  ( -1.000000000000000000, -2.224247274739502797E-32, 1.495451272393799542E-16 ) ) ;
#2319 = VERTEX_POINT ( 'NONE', #4052 ) ;
#2320 = COLOUR_RGB ( '',1.000000000000000000, 1.000000000000000000, 1.000000000000000000 ) ;
#2321 = CARTESIAN_POINT ( 'NONE',  ( 0.2500000000000000000, -0.06568288312786951799, -0.9069313082073552357 ) ) ;
#2322 = FILL_AREA_STYLE ('',( #1110 ) ) ;
#2323 = CARTESIAN_POINT ( 'NONE',  ( 1.200000000000000178, 0.6750000000000000444, 1.399999999999999689 ) ) ;
#2324 = FILL_AREA_STYLE_COLOUR ( '', #1579 ) ;
#2325 = ORIENTED_EDGE ( 'NONE', *, *, #359, .F. ) ;
#2326 = MECHANICAL_DESIGN_GEOMETRIC_PRESENTATION_REPRESENTATION (  '', ( #980 ), #3653 ) ;
#2327 = AXIS2_PLACEMENT_3D ( 'NONE', #476, #1697, #2834 ) ;
#2328 =( NAMED_UNIT ( * ) PLANE_ANGLE_UNIT ( ) SI_UNIT ( $, .RADIAN. ) );
#2329 = ADVANCED_FACE ( 'NONE', ( #1455 ), #4583, .T. ) ;
#2330 = CIRCLE ( 'NONE', #4540, 0.07999999999999998779 ) ;
#2331 =( GEOMETRIC_REPRESENTATION_CONTEXT ( 3 ) GLOBAL_UNCERTAINTY_ASSIGNED_CONTEXT ( ( #490 ) ) GLOBAL_UNIT_ASSIGNED_CONTEXT ( ( #4212, #670, #2215 ) ) REPRESENTATION_CONTEXT ( 'NONE', 'WORKASPACE' ) );
#2332 = UNCERTAINTY_MEASURE_WITH_UNIT (LENGTH_MEASURE( 1.000000000000000082E-05 ), #2947, 'distance_accuracy_value', 'NONE');
#2333 = SURFACE_SIDE_STYLE ('',( #1355 ) ) ;
#2334 = CARTESIAN_POINT ( 'NONE',  ( 0.2500000000000000000, 0.5950000000000000844, -1.399999999999999911 ) ) ;
#2335 = CIRCLE ( 'NONE', #885, 0.04999999999999991257 ) ;
#2336 = EDGE_CURVE ( 'NONE', #4874, #2689, #53, .T. ) ;
#2337 = PRESENTATION_LAYER_ASSIGNMENT (  '', '', ( #1807 ) ) ;
#2338 = DIRECTION ( 'NONE',  ( -0.000000000000000000, -0.9870527346239434952, -0.1603960693763874512 ) ) ;
#2339 =( NAMED_UNIT ( * ) SI_UNIT ( $, .STERADIAN. ) SOLID_ANGLE_UNIT ( ) );
#2340 = SURFACE_STYLE_USAGE ( .BOTH. , #776 ) ;
#2341 = DIRECTION ( 'NONE',  ( -1.000000000000000000, -0.000000000000000000, 0.000000000000000000 ) ) ;
#2342 = CYLINDRICAL_SURFACE ( 'NONE', #1091, 0.07999999999999998779 ) ;
#2343 = LINE ( 'NONE', #2550, #4913 ) ;
#2344 = EDGE_CURVE ( 'NONE', #2043, #3410, #2330, .T. ) ;
#2345 = DIRECTION ( 'NONE',  ( -1.000000000000000000, -0.000000000000000000, 0.000000000000000000 ) ) ;
#2346 = MECHANICAL_DESIGN_GEOMETRIC_PRESENTATION_REPRESENTATION (  '', ( #179 ), #2549 ) ;
#2347 = VECTOR ( 'NONE', #5080, 1000.000000000000000 ) ;
#2348 = CIRCLE ( 'NONE', #3406, 0.04999999999999998890 ) ;
#2349 = FILL_AREA_STYLE_COLOUR ( '', #1729 ) ;
#2350 = ORIENTED_EDGE ( 'NONE', *, *, #466, .T. ) ;
#2351 = LINE ( 'NONE', #3920, #4802 ) ;
#2352 = ORIENTED_EDGE ( 'NONE', *, *, #1004, .T. ) ;
#2353 = ADVANCED_FACE ( 'NONE', ( #429 ), #4845, .T. ) ;
#2354 = SURFACE_STYLE_USAGE ( .BOTH. , #4779 ) ;
#2355 = DIRECTION ( 'NONE',  ( -0.000000000000000000, -0.9895845686463778934, 0.1439527057646445007 ) ) ;
#2356 = VERTEX_POINT ( 'NONE', #1301 ) ;
#2357 = AXIS2_PLACEMENT_3D ( 'NONE', #2000, #5154, #5172 ) ;
#2358 =( GEOMETRIC_REPRESENTATION_CONTEXT ( 3 ) GLOBAL_UNCERTAINTY_ASSIGNED_CONTEXT ( ( #2698 ) ) GLOBAL_UNIT_ASSIGNED_CONTEXT ( ( #3528, #3930, #1965 ) ) REPRESENTATION_CONTEXT ( 'NONE', 'WORKASPACE' ) );
#2359 = VECTOR ( 'NONE', #1425, 1000.000000000000000 ) ;
#2360 = ORIENTED_EDGE ( 'NONE', *, *, #3572, .T. ) ;
#2361 = COLOUR_RGB ( '',0.2509803921568627416, 0.2509803921568627416, 0.2509803921568627416 ) ;
#2362 = ORIENTED_EDGE ( 'NONE', *, *, #1723, .T. ) ;
#2363 = FILL_AREA_STYLE_COLOUR ( '', #4535 ) ;
#2364 = EDGE_CURVE ( 'NONE', #4565, #4373, #1074, .T. ) ;
#2365 = FILL_AREA_STYLE ('',( #4358 ) ) ;
#2366 =( NAMED_UNIT ( * ) PLANE_ANGLE_UNIT ( ) SI_UNIT ( $, .RADIAN. ) );
#2367 = COLOUR_RGB ( '',1.000000000000000000, 1.000000000000000000, 1.000000000000000000 ) ;
#2368 = SURFACE_STYLE_FILL_AREA ( #4962 ) ;
#2369 = ORIENTED_EDGE ( 'NONE', *, *, #3955, .F. ) ;
#2370 = STYLED_ITEM ( 'NONE', ( #1681 ), #2946 ) ;
#2371 = DIRECTION ( 'NONE',  ( 0.000000000000000000, 1.000000000000000000, 0.000000000000000000 ) ) ;
#2372 = EDGE_CURVE ( 'NONE', #4874, #208, #4130, .T. ) ;
#2373 = UNCERTAINTY_MEASURE_WITH_UNIT (LENGTH_MEASURE( 1.000000000000000082E-05 ), #4633, 'distance_accuracy_value', 'NONE');
#2374 = AXIS2_PLACEMENT_3D ( 'NONE', #2980, #1768, #1378 ) ;
#2375 = SURFACE_STYLE_FILL_AREA ( #569 ) ;
#2376 = SURFACE_SIDE_STYLE ('',( #1033 ) ) ;
#2377 = PRESENTATION_STYLE_ASSIGNMENT (( #3628 ) ) ;
#2378 = EDGE_LOOP ( 'NONE', ( #1939, #4244, #3832 ) ) ;
#2379 = DIRECTION ( 'NONE',  ( 1.000000000000000000, 0.000000000000000000, -0.000000000000000000 ) ) ;
#2380 =( NAMED_UNIT ( * ) PLANE_ANGLE_UNIT ( ) SI_UNIT ( $, .RADIAN. ) );
#2381 = CARTESIAN_POINT ( 'NONE',  ( 1.200000000000000178, -0.2141666666666977581, -0.6455263157894750581 ) ) ;
#2382 = ORIENTED_EDGE ( 'NONE', *, *, #1259, .F. ) ;
#2383 = AXIS2_PLACEMENT_3D ( 'NONE', #1705, #4892, #2110 ) ;
#2384 = CARTESIAN_POINT ( 'NONE',  ( 0.2500000000000000000, 0.5380324329223433732, -0.9947524566068931540 ) ) ;
#2385 = DIRECTION ( 'NONE',  ( 0.000000000000000000, 0.9895845686463776714, 0.1439527057646453889 ) ) ;
#2386 =( LENGTH_UNIT ( ) NAMED_UNIT ( * ) SI_UNIT ( .MILLI., .METRE. ) );
#2387 = VERTEX_POINT ( 'NONE', #3377 ) ;
#2388 = LINE ( 'NONE', #2308, #1314 ) ;
#2389 = EDGE_CURVE ( 'NONE', #4271, #3073, #948, .T. ) ;
#2390 = PLANE ( 'NONE',  #1152 ) ;
#2391 = ORIENTED_EDGE ( 'NONE', *, *, #2109, .F. ) ;
#2392 = VECTOR ( 'NONE', #850, 1000.000000000000114 ) ;
#2393 = DIRECTION ( 'NONE',  ( -1.000000000000000000, 0.000000000000000000, -0.000000000000000000 ) ) ;
#2394 = MECHANICAL_DESIGN_GEOMETRIC_PRESENTATION_REPRESENTATION (  '', ( #3281 ), #3386 ) ;
#2395 = CARTESIAN_POINT ( 'NONE',  ( -1.449999999999999956, -0.1750000000000311307, 0.7506473632687968855 ) ) ;
#2396 = ORIENTED_EDGE ( 'NONE', *, *, #3891, .F. ) ;
#2397 = PRESENTATION_STYLE_ASSIGNMENT (( #1446 ) ) ;
#2398 = CARTESIAN_POINT ( 'NONE',  ( -0.6999999999999999556, -0.1341666666666978813, -0.6455263157894752801 ) ) ;
#2399 = DIRECTION ( 'NONE',  ( -1.000000000000000000, -0.000000000000000000, -0.000000000000000000 ) ) ;
#2400 = DIRECTION ( 'NONE',  ( 0.000000000000000000, -0.9895845686463776714, -0.1439527057646453889 ) ) ;
#2401 = CARTESIAN_POINT ( 'NONE',  ( 1.429536463331204210, -0.1760646121896915772, -0.7998263945175612122 ) ) ;
#2402 = AXIS2_PLACEMENT_3D ( 'NONE', #3713, #4120, #4982 ) ;
#2403 = SURFACE_SIDE_STYLE ('',( #2506 ) ) ;
#2404 = UNCERTAINTY_MEASURE_WITH_UNIT (LENGTH_MEASURE( 1.000000000000000082E-05 ), #878, 'distance_accuracy_value', 'NONE');
#2405 = VECTOR ( 'NONE', #4338, 1000.000000000000000 ) ;
#2406 = SURFACE_STYLE_FILL_AREA ( #2053 ) ;
#2407 =( NAMED_UNIT ( * ) PLANE_ANGLE_UNIT ( ) SI_UNIT ( $, .RADIAN. ) );
#2408 = ORIENTED_EDGE ( 'NONE', *, *, #1561, .T. ) ;
#2409 = STYLED_ITEM ( 'NONE', ( #3474 ), #4248 ) ;
#2410 = SURFACE_SIDE_STYLE ('',( #1810 ) ) ;
#2411 =( NAMED_UNIT ( * ) PLANE_ANGLE_UNIT ( ) SI_UNIT ( $, .RADIAN. ) );
#2412 =( NAMED_UNIT ( * ) PLANE_ANGLE_UNIT ( ) SI_UNIT ( $, .RADIAN. ) );
#2413 = CARTESIAN_POINT ( 'NONE',  ( 0.6999999999999999556, -0.2141666666666979801, 0.8277645427156450353 ) ) ;
#2414 = LINE ( 'NONE', #1909, #323 ) ;
#2415 = VECTOR ( 'NONE', #3701, 1000.000000000000114 ) ;
#2416 = VERTEX_POINT ( 'NONE', #2974 ) ;
#2417 = FILL_AREA_STYLE_COLOUR ( '', #4514 ) ;
#2418 = EDGE_CURVE ( 'NONE', #4562, #4796, #3080, .T. ) ;
#2419 = DIRECTION ( 'NONE',  ( 0.000000000000000000, -0.1439527057646453889, 0.9895845686463776714 ) ) ;
#2420 = FILL_AREA_STYLE_COLOUR ( '', #1589 ) ;
#2421 = DIRECTION ( 'NONE',  ( 1.121588454295348794E-16, 0.000000000000000000, 1.000000000000000000 ) ) ;
#2422 = LINE ( 'NONE', #3768, #3167 ) ;
#2423 = EDGE_LOOP ( 'NONE', ( #1295, #270, #3651, #2458, #70, #3875, #98, #4319, #2560, #1424, #1785, #5218, #3912, #133, #3673, #1913, #4161, #615 ) ) ;
#2424 = DIRECTION ( 'NONE',  ( 1.000000000000000000, 0.000000000000000000, 0.000000000000000000 ) ) ;
#2425 = DIRECTION ( 'NONE',  ( 1.000000000000000000, -0.000000000000000000, 0.000000000000000000 ) ) ;
#2426 = ORIENTED_EDGE ( 'NONE', *, *, #1236, .T. ) ;
#2427 = SURFACE_STYLE_FILL_AREA ( #3801 ) ;
#2428 = ORIENTED_EDGE ( 'NONE', *, *, #37, .F. ) ;
#2429 = FILL_AREA_STYLE_COLOUR ( '', #3238 ) ;
#2430 =( LENGTH_UNIT ( ) NAMED_UNIT ( * ) SI_UNIT ( .MILLI., .METRE. ) );
#2431 = SURFACE_STYLE_FILL_AREA ( #621 ) ;
#2432 = DIRECTION ( 'NONE',  ( 0.000000000000000000, 0.000000000000000000, -1.000000000000000000 ) ) ;
#2433 =( LENGTH_UNIT ( ) NAMED_UNIT ( * ) SI_UNIT ( .MILLI., .METRE. ) );
#2434 = AXIS2_PLACEMENT_3D ( 'NONE', #4751, #730, #3519 ) ;
#2435 = ORIENTED_EDGE ( 'NONE', *, *, #4862, .T. ) ;
#2436 = COLOUR_RGB ( '',1.000000000000000000, 1.000000000000000000, 1.000000000000000000 ) ;
#2437 = ORIENTED_EDGE ( 'NONE', *, *, #472, .T. ) ;
#2438 = UNCERTAINTY_MEASURE_WITH_UNIT (LENGTH_MEASURE( 1.000000000000000082E-05 ), #1166, 'distance_accuracy_value', 'NONE');
#2439 = AXIS2_PLACEMENT_3D ( 'NONE', #4838, #1576, #1183 ) ;
#2440 = FILL_AREA_STYLE ('',( #1635 ) ) ;
#2441 = FILL_AREA_STYLE_COLOUR ( '', #1525 ) ;
#2442 =( GEOMETRIC_REPRESENTATION_CONTEXT ( 3 ) GLOBAL_UNCERTAINTY_ASSIGNED_CONTEXT ( ( #101 ) ) GLOBAL_UNIT_ASSIGNED_CONTEXT ( ( #5109, #201, #3091 ) ) REPRESENTATION_CONTEXT ( 'NONE', 'WORKASPACE' ) );
#2443 = ORIENTED_EDGE ( 'NONE', *, *, #2832, .T. ) ;
#2444 = CARTESIAN_POINT ( 'NONE',  ( -1.449999999999999956, -0.1750000000000308253, 0.8000000000000003775 ) ) ;
#2445 = ORIENTED_EDGE ( 'NONE', *, *, #418, .T. ) ;
#2446 = EDGE_CURVE ( 'NONE', #3775, #578, #5046, .T. ) ;
#2447 = AXIS2_PLACEMENT_3D ( 'NONE', #5238, #1958, #1192 ) ;
#2448 = CARTESIAN_POINT ( 'NONE',  ( 0.2500000000000000000, -0.05416666666669783803, -0.8277645427156451463 ) ) ;
#2449 = ORIENTED_EDGE ( 'NONE', *, *, #4413, .F. ) ;
#2450 = VECTOR ( 'NONE', #1597, 1000.000000000000000 ) ;
#2451 =( NAMED_UNIT ( * ) PLANE_ANGLE_UNIT ( ) SI_UNIT ( $, .RADIAN. ) );
#2452 =( NAMED_UNIT ( * ) PLANE_ANGLE_UNIT ( ) SI_UNIT ( $, .RADIAN. ) );
#2453 = AXIS2_PLACEMENT_3D ( 'NONE', #4210, #200, #4192 ) ;
#2454 = VERTEX_POINT ( 'NONE', #3787 ) ;
#2455 =( LENGTH_UNIT ( ) NAMED_UNIT ( * ) SI_UNIT ( .MILLI., .METRE. ) );
#2456 = PLANE ( 'NONE',  #547 ) ;
#2457 =( LENGTH_UNIT ( ) NAMED_UNIT ( * ) SI_UNIT ( .MILLI., .METRE. ) );
#2458 = ORIENTED_EDGE ( 'NONE', *, *, #436, .T. ) ;
#2459 = FACE_OUTER_BOUND ( 'NONE', #1343, .T. ) ;
#2460 = CARTESIAN_POINT ( 'NONE',  ( -0.6999999999999999556, 0.6750000000000000444, -1.400000000000000133 ) ) ;
#2461 = PRESENTATION_LAYER_ASSIGNMENT (  '', '', ( #3512 ) ) ;
#2462 =( LENGTH_UNIT ( ) NAMED_UNIT ( * ) SI_UNIT ( .MILLI., .METRE. ) );
#2463 = SURFACE_SIDE_STYLE ('',( #3636 ) ) ;
#2464 = LINE ( 'NONE', #3606, #4254 ) ;
#2465 = UNCERTAINTY_MEASURE_WITH_UNIT (LENGTH_MEASURE( 1.000000000000000082E-05 ), #4048, 'distance_accuracy_value', 'NONE');
#2466 = FILL_AREA_STYLE_COLOUR ( '', #4795 ) ;
#2467 = VECTOR ( 'NONE', #2538, 1000.000000000000000 ) ;
#2468 =( GEOMETRIC_REPRESENTATION_CONTEXT ( 3 ) GLOBAL_UNCERTAINTY_ASSIGNED_CONTEXT ( ( #1080 ) ) GLOBAL_UNIT_ASSIGNED_CONTEXT ( ( #5234, #2828, #2843 ) ) REPRESENTATION_CONTEXT ( 'NONE', 'WORKASPACE' ) );
#2469 = CARTESIAN_POINT ( 'NONE',  ( -1.200000000000000178, -0.05416666666669783803, 0.8277645427156452573 ) ) ;
#2470 = EDGE_CURVE ( 'NONE', #149, #424, #2017, .T. ) ;
#2471 = AXIS2_PLACEMENT_3D ( 'NONE', #1911, #1501, #5143 ) ;
#2472 = LINE ( 'NONE', #406, #1270 ) ;
#2473 = SURFACE_STYLE_USAGE ( .BOTH. , #4898 ) ;
#2474 = ORIENTED_EDGE ( 'NONE', *, *, #3691, .F. ) ;
#2475 = SURFACE_STYLE_USAGE ( .BOTH. , #1630 ) ;
#2476 = LINE ( 'NONE', #2718, #2035 ) ;
#2477 = LINE ( 'NONE', #3877, #4476 ) ;
#2478 =( GEOMETRIC_REPRESENTATION_CONTEXT ( 3 ) GLOBAL_UNCERTAINTY_ASSIGNED_CONTEXT ( ( #2886 ) ) GLOBAL_UNIT_ASSIGNED_CONTEXT ( ( #3388, #2566, #5032 ) ) REPRESENTATION_CONTEXT ( 'NONE', 'WORKASPACE' ) );
#2479 = CARTESIAN_POINT ( 'NONE',  ( -1.200000000000000178, -0.06568288312786950411, 0.9069313082073553467 ) ) ;
#2480 = FILL_AREA_STYLE_COLOUR ( '', #1083 ) ;
#2481 = EDGE_LOOP ( 'NONE', ( #2063, #4983, #726, #159 ) ) ;
#2482 = FILL_AREA_STYLE ('',( #461 ) ) ;
#2483 =( NAMED_UNIT ( * ) PLANE_ANGLE_UNIT ( ) SI_UNIT ( $, .RADIAN. ) );
#2484 = EDGE_CURVE ( 'NONE', #929, #2930, #4201, .T. ) ;
#2485 = ORIENTED_EDGE ( 'NONE', *, *, #1534, .F. ) ;
#2486 = FACE_OUTER_BOUND ( 'NONE', #841, .T. ) ;
#2487 = VERTEX_POINT ( 'NONE', #2191 ) ;
#2488 = LINE ( 'NONE', #590, #2810 ) ;
#2489 = VERTEX_POINT ( 'NONE', #511 ) ;
#2490 = DIRECTION ( 'NONE',  ( 1.000000000000000000, 0.000000000000000000, -1.495451272393799296E-16 ) ) ;
#2491 = AXIS2_PLACEMENT_3D ( 'NONE', #3980, #4789, #4771 ) ;
#2492 = PRESENTATION_STYLE_ASSIGNMENT (( #156 ) ) ;
#2493 = ORIENTED_EDGE ( 'NONE', *, *, #1137, .F. ) ;
#2494 = CYLINDRICAL_SURFACE ( 'NONE', #1772, 0.05000000000000001665 ) ;
#2495 = UNCERTAINTY_MEASURE_WITH_UNIT (LENGTH_MEASURE( 1.000000000000000082E-05 ), #1885, 'distance_accuracy_value', 'NONE');
#2496 = DIRECTION ( 'NONE',  ( 0.000000000000000000, 0.000000000000000000, -1.000000000000000000 ) ) ;
#2497 = CARTESIAN_POINT ( 'NONE',  ( 1.449999999999999956, -0.1750000000000311307, 0.8000000000000000444 ) ) ;
#2498 = AXIS2_PLACEMENT_3D ( 'NONE', #2147, #4518, #405 ) ;
#2499 = CARTESIAN_POINT ( 'NONE',  ( -0.6999999999999999556, 0.5265162164611717488, -1.073919222098603354 ) ) ;
#2500 = VECTOR ( 'NONE', #2355, 1000.000000000000114 ) ;
#2501 = ORIENTED_EDGE ( 'NONE', *, *, #3411, .T. ) ;
#2502 =( GEOMETRIC_REPRESENTATION_CONTEXT ( 3 ) GLOBAL_UNCERTAINTY_ASSIGNED_CONTEXT ( ( #3860 ) ) GLOBAL_UNIT_ASSIGNED_CONTEXT ( ( #3947, #2380, #1167 ) ) REPRESENTATION_CONTEXT ( 'NONE', 'WORKASPACE' ) );
#2503 =( LENGTH_UNIT ( ) NAMED_UNIT ( * ) SI_UNIT ( .MILLI., .METRE. ) );
#2504 = MECHANICAL_DESIGN_GEOMETRIC_PRESENTATION_REPRESENTATION (  '', ( #1961 ), #4377 ) ;
#2505 = ORIENTED_EDGE ( 'NONE', *, *, #1508, .T. ) ;
#2506 = SURFACE_STYLE_FILL_AREA ( #3981 ) ;
#2507 = SURFACE_STYLE_USAGE ( .BOTH. , #4478 ) ;
#2508 = EDGE_CURVE ( 'NONE', #3595, #4033, #2966, .T. ) ;
#2509 = ORIENTED_EDGE ( 'NONE', *, *, #343, .T. ) ;
#2510 = LINE ( 'NONE', #3482, #3306 ) ;
#2511 = AXIS2_PLACEMENT_3D ( 'NONE', #606, #2952, #1823 ) ;
#2512 = DIRECTION ( 'NONE',  ( -1.000000000000000000, -0.000000000000000000, -0.000000000000000000 ) ) ;
#2513 =( NAMED_UNIT ( * ) PLANE_ANGLE_UNIT ( ) SI_UNIT ( $, .RADIAN. ) );
#2514 = DIRECTION ( 'NONE',  ( 0.000000000000000000, 0.000000000000000000, 1.000000000000000000 ) ) ;
#2515 = ORIENTED_EDGE ( 'NONE', *, *, #4342, .F. ) ;
#2516 = CARTESIAN_POINT ( 'NONE',  ( 8.933015865174680486E-17, -0.1341666666666978813, 0.7964611111111115083 ) ) ;
#2517 = SURFACE_STYLE_USAGE ( .BOTH. , #4968 ) ;
#2518 = EDGE_CURVE ( 'NONE', #741, #1847, #4394, .T. ) ;
#2519 = DIRECTION ( 'NONE',  ( 0.000000000000000000, 0.000000000000000000, 1.000000000000000000 ) ) ;
#2520 = DIRECTION ( 'NONE',  ( 0.000000000000000000, 0.000000000000000000, -1.000000000000000000 ) ) ;
#2521 = ORIENTED_EDGE ( 'NONE', *, *, #3275, .T. ) ;
#2522 = SURFACE_STYLE_USAGE ( .BOTH. , #544 ) ;
#2523 = CARTESIAN_POINT ( 'NONE',  ( -1.325306414920534026, 0.6890035956193450994, 0.7251196883796574566 ) ) ;
#2524 = CARTESIAN_POINT ( 'NONE',  ( -1.342469145205119396, -0.5250000000000000222, -0.6924691452051193741 ) ) ;
#2525 = MECHANICAL_DESIGN_GEOMETRIC_PRESENTATION_REPRESENTATION (  '', ( #1426 ), #252 ) ;
#2526 = MECHANICAL_DESIGN_GEOMETRIC_PRESENTATION_REPRESENTATION (  '', ( #2638 ), #355 ) ;
#2527 = FILL_AREA_STYLE_COLOUR ( '', #1261 ) ;
#2528 = UNCERTAINTY_MEASURE_WITH_UNIT (LENGTH_MEASURE( 1.000000000000000082E-05 ), #3288, 'distance_accuracy_value', 'NONE');
#2529 = CARTESIAN_POINT ( 'NONE',  ( 1.449999999999999956, -0.1750000000000311307, 0.8000000000000000444 ) ) ;
#2530 = FILL_AREA_STYLE ('',( #4109 ) ) ;
#2531 = LINE ( 'NONE', #16, #639 ) ;
#2532 =( LENGTH_UNIT ( ) NAMED_UNIT ( * ) SI_UNIT ( .MILLI., .METRE. ) );
#2533 = EDGE_CURVE ( 'NONE', #4439, #2839, #3876, .T. ) ;
#2534 = PRESENTATION_STYLE_ASSIGNMENT (( #683 ) ) ;
#2535 = SURFACE_STYLE_USAGE ( .BOTH. , #3740 ) ;
#2536 = CARTESIAN_POINT ( 'NONE',  ( 0.2500000000000000000, 0.5150000000000000133, 1.153085987590313666 ) ) ;
#2537 = CARTESIAN_POINT ( 'NONE',  ( 1.200000000000000178, -0.1341666666666978536, 0.8277645427156449243 ) ) ;
#2538 = DIRECTION ( 'NONE',  ( 0.000000000000000000, -0.000000000000000000, 1.000000000000000000 ) ) ;
#2539 = FACE_OUTER_BOUND ( 'NONE', #3314, .T. ) ;
#2540 = EDGE_CURVE ( 'NONE', #1489, #4735, #1887, .T. ) ;
#2541 = VECTOR ( 'NONE', #2939, 1000.000000000000000 ) ;
#2542 = AXIS2_PLACEMENT_3D ( 'NONE', #2665, #667, #651 ) ;
#2543 = VERTEX_POINT ( 'NONE', #1372 ) ;
#2544 =( LENGTH_UNIT ( ) NAMED_UNIT ( * ) SI_UNIT ( .MILLI., .METRE. ) );
#2545 = LINE ( 'NONE', #655, #653 ) ;
#2546 = CARTESIAN_POINT ( 'NONE',  ( -0.2500000000000000000, -0.1341666666666979368, 0.7964611111111115083 ) ) ;
#2547 = ADVANCED_FACE ( 'NONE', ( #50 ), #2133, .T. ) ;
#2548 = ORIENTED_EDGE ( 'NONE', *, *, #3445, .F. ) ;
#2549 =( GEOMETRIC_REPRESENTATION_CONTEXT ( 3 ) GLOBAL_UNCERTAINTY_ASSIGNED_CONTEXT ( ( #2332 ) ) GLOBAL_UNIT_ASSIGNED_CONTEXT ( ( #2947, #1672, #941 ) ) REPRESENTATION_CONTEXT ( 'NONE', 'WORKASPACE' ) );
#2550 = CARTESIAN_POINT ( 'NONE',  ( -1.200000000000000178, -0.2141666666666977581, 0.6455263157894752801 ) ) ;
#2551 = ORIENTED_EDGE ( 'NONE', *, *, #3210, .F. ) ;
#2552 = CARTESIAN_POINT ( 'NONE',  ( -1.388959180301573504, 0.5293171503664571009, 0.000000000000000000 ) ) ;
#2553 = ORIENTED_EDGE ( 'NONE', *, *, #1461, .F. ) ;
#2554 = PLANE ( 'NONE',  #1249 ) ;
#2555 = CIRCLE ( 'NONE', #4434, 0.08000000000000020983 ) ;
#2556 = EDGE_CURVE ( 'NONE', #4925, #876, #4326, .T. ) ;
#2557 = VECTOR ( 'NONE', #2586, 1000.000000000000000 ) ;
#2558 = FILL_AREA_STYLE ('',( #4974 ) ) ;
#2559 = SURFACE_SIDE_STYLE ('',( #2664 ) ) ;
#2560 = ORIENTED_EDGE ( 'NONE', *, *, #2315, .F. ) ;
#2561 = SURFACE_STYLE_FILL_AREA ( #5213 ) ;
#2562 = ORIENTED_EDGE ( 'NONE', *, *, #3955, .T. ) ;
#2563 = AXIS2_PLACEMENT_3D ( 'NONE', #5193, #1947, #3121 ) ;
#2564 = ORIENTED_EDGE ( 'NONE', *, *, #1994, .T. ) ;
#2565 = COLOUR_RGB ( '',1.000000000000000000, 1.000000000000000000, 1.000000000000000000 ) ;
#2566 =( NAMED_UNIT ( * ) PLANE_ANGLE_UNIT ( ) SI_UNIT ( $, .RADIAN. ) );
#2567 =( BOUNDED_CURVE ( )  B_SPLINE_CURVE ( 3, ( #930, #3264, #3695, #4936 ),
 .UNSPECIFIED., .F., .T. ) 
 B_SPLINE_CURVE_WITH_KNOTS ( ( 4, 4 ),
 ( 2.369080204567848291, 3.914105102611729059 ),
 .UNSPECIFIED. ) 
 CURVE ( )  GEOMETRIC_REPRESENTATION_ITEM ( )  RATIONAL_B_SPLINE_CURVE ( ( 1.000000000000000000, 0.8107729341887262020, 0.8107729341887262020, 1.000000000000000000 ) ) 
 REPRESENTATION_ITEM ( '' )  );
#2568 = AXIS2_PLACEMENT_3D ( 'NONE', #4767, #1148, #3177 ) ;
#2569 = DIRECTION ( 'NONE',  ( -0.000000000000000000, 0.000000000000000000, -1.000000000000000000 ) ) ;
#2570 = FACE_OUTER_BOUND ( 'NONE', #919, .T. ) ;
#2571 = ORIENTED_EDGE ( 'NONE', *, *, #381, .T. ) ;
#2572 = CARTESIAN_POINT ( 'NONE',  ( 1.200000000000000178, 0.5150000000000000133, -1.153085987590313444 ) ) ;
#2573 = CARTESIAN_POINT ( 'NONE',  ( 0.2500000000000000000, -0.05416666666669783803, -0.8277645427156451463 ) ) ;
#2574 = SURFACE_STYLE_USAGE ( .BOTH. , #2963 ) ;
#2575 = PRESENTATION_LAYER_ASSIGNMENT (  '', '', ( #4060 ) ) ;
#2576 = ORIENTED_EDGE ( 'NONE', *, *, #3069, .F. ) ;
#2577 = EDGE_CURVE ( 'NONE', #792, #3444, #3201, .T. ) ;
#2578 =( GEOMETRIC_REPRESENTATION_CONTEXT ( 3 ) GLOBAL_UNCERTAINTY_ASSIGNED_CONTEXT ( ( #4286 ) ) GLOBAL_UNIT_ASSIGNED_CONTEXT ( ( #2831, #379, #399 ) ) REPRESENTATION_CONTEXT ( 'NONE', 'WORKASPACE' ) );
#2579 = ADVANCED_FACE ( 'NONE', ( #4984 ), #4955, .F. ) ;
#2580 =( LENGTH_UNIT ( ) NAMED_UNIT ( * ) SI_UNIT ( .MILLI., .METRE. ) );
#2581 = DIRECTION ( 'NONE',  ( 1.000000000000000000, 0.000000000000000000, 0.000000000000000000 ) ) ;
#2582 = ORIENTED_EDGE ( 'NONE', *, *, #3591, .T. ) ;
#2583 = AXIS2_PLACEMENT_3D ( 'NONE', #3331, #1340, #2203 ) ;
#2584 = CARTESIAN_POINT ( 'NONE',  ( 1.200000000000000178, -0.06568288312786950411, 0.9069313082073551247 ) ) ;
#2585 = ORIENTED_EDGE ( 'NONE', *, *, #1023, .F. ) ;
#2586 = DIRECTION ( 'NONE',  ( -0.000000000000000000, -1.000000000000000000, 0.000000000000000000 ) ) ;
#2587 = FILL_AREA_STYLE ('',( #2960 ) ) ;
#2588 = FILL_AREA_STYLE ('',( #2177 ) ) ;
#2589 = EDGE_CURVE ( 'NONE', #3110, #5203, #5227, .T. ) ;
#2590 = VECTOR ( 'NONE', #868, 1000.000000000000000 ) ;
#2591 = CARTESIAN_POINT ( 'NONE',  ( 1.449999999999999956, -0.1750000000000311307, -0.8000000000000001554 ) ) ;
#2592 =( LENGTH_UNIT ( ) NAMED_UNIT ( * ) SI_UNIT ( .MILLI., .METRE. ) );
#2593 =( NAMED_UNIT ( * ) PLANE_ANGLE_UNIT ( ) SI_UNIT ( $, .RADIAN. ) );
#2594 = CARTESIAN_POINT ( 'NONE',  ( 1.325306414920534248, 0.6890035956193452105, -0.7251196883796573456 ) ) ;
#2595 = SURFACE_STYLE_USAGE ( .BOTH. , #3004 ) ;
#2596 = FILL_AREA_STYLE_COLOUR ( '', #4462 ) ;
#2597 = ORIENTED_EDGE ( 'NONE', *, *, #3164, .T. ) ;
#2598 = COLOUR_RGB ( '',1.000000000000000000, 1.000000000000000000, 1.000000000000000000 ) ;
#2599 = FILL_AREA_STYLE ('',( #5013 ) ) ;
#2600 = DIRECTION ( 'NONE',  ( -1.000000000000000000, -0.000000000000000000, 0.000000000000000000 ) ) ;
#2601 = ADVANCED_FACE ( 'NONE', ( #3498 ), #1829, .T. ) ;
#2602 = MECHANICAL_DESIGN_GEOMETRIC_PRESENTATION_REPRESENTATION (  '', ( #3129 ), #158 ) ;
#2603 = MECHANICAL_DESIGN_GEOMETRIC_PRESENTATION_REPRESENTATION (  '', ( #3489 ), #2876 ) ;
#2604 = LINE ( 'NONE', #4778, #1710 ) ;
#2605 = CIRCLE ( 'NONE', #473, 0.1600000000000000866 ) ;
#2606 = DIRECTION ( 'NONE',  ( 0.000000000000000000, 0.9895845686463776714, 0.1439527057646453889 ) ) ;
#2607 = LINE ( 'NONE', #4807, #4471 ) ;
#2608 = VERTEX_POINT ( 'NONE', #2144 ) ;
#2609 = DIRECTION ( 'NONE',  ( -1.000000000000000000, -3.336370912109251869E-32, 1.121588454295349780E-16 ) ) ;
#2610 = DIRECTION ( 'NONE',  ( 0.000000000000000000, -0.9895845686463776714, -0.1439527057646453889 ) ) ;
#2611 = ORIENTED_EDGE ( 'NONE', *, *, #2924, .F. ) ;
#2612 =( LENGTH_UNIT ( ) NAMED_UNIT ( * ) SI_UNIT ( .MILLI., .METRE. ) );
#2613 = DIRECTION ( 'NONE',  ( 0.1583717986114569209, -0.9745956837628331204, 0.1583717986114568932 ) ) ;
#2614 = EDGE_CURVE ( 'NONE', #4509, #2043, #4777, .T. ) ;
#2615 = VECTOR ( 'NONE', #1704, 1000.000000000000000 ) ;
#2616 = STYLED_ITEM ( 'NONE', ( #3665 ), #3732 ) ;
#2617 = FACE_OUTER_BOUND ( 'NONE', #2921, .T. ) ;
#2618 = ORIENTED_EDGE ( 'NONE', *, *, #2979, .T. ) ;
#2619 = CARTESIAN_POINT ( 'NONE',  ( -0.6999999999999999556, -0.06568288312786951799, -0.9069313082073553467 ) ) ;
#2620 = CYLINDRICAL_SURFACE ( 'NONE', #1550, 0.1599999999999999756 ) ;
#2621 = VECTOR ( 'NONE', #4269, 1000.000000000000000 ) ;
#2622 = CARTESIAN_POINT ( 'NONE',  ( -1.391821781936316560, -0.5330198034688193864, 0.6924691452051199292 ) ) ;
#2623 = ORIENTED_EDGE ( 'NONE', *, *, #2109, .T. ) ;
#2624 = EDGE_CURVE ( 'NONE', #5156, #3110, #1883, .T. ) ;
#2625 = ORIENTED_EDGE ( 'NONE', *, *, #297, .T. ) ;
#2626 = LINE ( 'NONE', #1087, #3915 ) ;
#2627 = FILL_AREA_STYLE ('',( #1394 ) ) ;
#2628 = ORIENTED_EDGE ( 'NONE', *, *, #825, .F. ) ;
#2629 = SURFACE_STYLE_FILL_AREA ( #3934 ) ;
#2630 = ADVANCED_FACE ( 'NONE', ( #1760 ), #4840, .T. ) ;
#2631 = FILL_AREA_STYLE_COLOUR ( '', #4119 ) ;
#2632 = DIRECTION ( 'NONE',  ( 0.000000000000000000, 0.000000000000000000, 1.000000000000000000 ) ) ;
#2633 = ORIENTED_EDGE ( 'NONE', *, *, #2299, .T. ) ;
#2634 = FACE_OUTER_BOUND ( 'NONE', #87, .T. ) ;
#2635 =( GEOMETRIC_REPRESENTATION_CONTEXT ( 3 ) GLOBAL_UNCERTAINTY_ASSIGNED_CONTEXT ( ( #1373 ) ) GLOBAL_UNIT_ASSIGNED_CONTEXT ( ( #1227, #2513, #4138 ) ) REPRESENTATION_CONTEXT ( 'NONE', 'WORKASPACE' ) );
#2636 = DIRECTION ( 'NONE',  ( -1.000000000000000000, -0.000000000000000000, 0.000000000000000000 ) ) ;
#2637 = VERTEX_POINT ( 'NONE', #4042 ) ;
#2638 = STYLED_ITEM ( 'NONE', ( #190 ), #1863 ) ;
#2639 = DIRECTION ( 'NONE',  ( 0.000000000000000000, 1.000000000000000000, 0.000000000000000000 ) ) ;
#2640 = EDGE_CURVE ( 'NONE', #2706, #5140, #1069, .T. ) ;
#2641 = ORIENTED_EDGE ( 'NONE', *, *, #4027, .F. ) ;
#2642 =( NAMED_UNIT ( * ) PLANE_ANGLE_UNIT ( ) SI_UNIT ( $, .RADIAN. ) );
#2643 =( NAMED_UNIT ( * ) SI_UNIT ( $, .STERADIAN. ) SOLID_ANGLE_UNIT ( ) );
#2644 = STYLED_ITEM ( 'NONE', ( #554 ), #2601 ) ;
#2645 = EDGE_CURVE ( 'NONE', #3410, #474, #2010, .T. ) ;
#2646 = EDGE_LOOP ( 'NONE', ( #1906, #1170, #4239, #3099 ) ) ;
#2647 = PRESENTATION_LAYER_ASSIGNMENT (  '', '', ( #1197 ) ) ;
#2648 = DIRECTION ( 'NONE',  ( -0.08602294726405147751, -0.9925724684314050084, -0.08602294726405147751 ) ) ;
#2649 =( NAMED_UNIT ( * ) SI_UNIT ( $, .STERADIAN. ) SOLID_ANGLE_UNIT ( ) );
#2650 = DIRECTION ( 'NONE',  ( 0.000000000000000000, 0.9895845686463776714, 0.1439527057646453889 ) ) ;
#2651 = CARTESIAN_POINT ( 'NONE',  ( 1.200000000000000178, -0.05416666666669783803, 0.8277645427156450353 ) ) ;
#2652 = ORIENTED_EDGE ( 'NONE', *, *, #1207, .T. ) ;
#2653 = SURFACE_SIDE_STYLE ('',( #1644 ) ) ;
#2654 = FILL_AREA_STYLE_COLOUR ( '', #136 ) ;
#2655 = MECHANICAL_DESIGN_GEOMETRIC_PRESENTATION_REPRESENTATION (  '', ( #934 ), #1817 ) ;
#2656 = ADVANCED_FACE ( 'NONE', ( #1506 ), #1319, .T. ) ;
#2657 = COLOUR_RGB ( '',1.000000000000000000, 1.000000000000000000, 1.000000000000000000 ) ;
#2658 = FACE_OUTER_BOUND ( 'NONE', #879, .T. ) ;
#2659 = CARTESIAN_POINT ( 'NONE',  ( 0.2500000000000000000, -0.1341666666666978813, -0.7964611111111112862 ) ) ;
#2660 = EDGE_CURVE ( 'NONE', #35, #3371, #2959, .T. ) ;
#2661 = PRESENTATION_STYLE_ASSIGNMENT (( #1169 ) ) ;
#2662 = VECTOR ( 'NONE', #2569, 1000.000000000000000 ) ;
#2663 = UNCERTAINTY_MEASURE_WITH_UNIT (LENGTH_MEASURE( 1.000000000000000082E-05 ), #4724, 'distance_accuracy_value', 'NONE');
#2664 = SURFACE_STYLE_FILL_AREA ( #1308 ) ;
#2665 = CARTESIAN_POINT ( 'NONE',  ( 0.2500000000000000000, -0.05416666666669788660, -0.8277645427156450353 ) ) ;
#2666 = CARTESIAN_POINT ( 'NONE',  ( 0.6999999999999999556, 0.5150000000000000133, 1.153085987590313444 ) ) ;
#2667 = CARTESIAN_POINT ( 'NONE',  ( -0.6999999999999999556, 0.5950000000000000844, 1.400000000000000133 ) ) ;
#2668 = LINE ( 'NONE', #1338, #1585 ) ;
#2669 = FACE_OUTER_BOUND ( 'NONE', #5223, .T. ) ;
#2670 = LINE ( 'NONE', #5061, #1649 ) ;
#2671 = SURFACE_STYLE_USAGE ( .BOTH. , #3885 ) ;
#2672 = VECTOR ( 'NONE', #1009, 1000.000000000000000 ) ;
#2673 = CARTESIAN_POINT ( 'NONE',  ( -1.200000000000000178, -0.05416666666669783803, -0.8277645427156452573 ) ) ;
#2674 = ORIENTED_EDGE ( 'NONE', *, *, #2508, .T. ) ;
#2675 = STYLED_ITEM ( 'NONE', ( #1643 ), #1905 ) ;
#2676 =( NAMED_UNIT ( * ) PLANE_ANGLE_UNIT ( ) SI_UNIT ( $, .RADIAN. ) );
#2677 = ORIENTED_EDGE ( 'NONE', *, *, #2711, .F. ) ;
#2678 = CARTESIAN_POINT ( 'NONE',  ( -0.7000000000000000666, -0.2141666666666978136, -0.7936354166666601540 ) ) ;
#2679 = MECHANICAL_DESIGN_GEOMETRIC_PRESENTATION_REPRESENTATION (  '', ( #4930 ), #2331 ) ;
#2680 = ADVANCED_FACE ( 'NONE', ( #229 ), #2201, .F. ) ;
#2681 = CARTESIAN_POINT ( 'NONE',  ( -0.6999999999999999556, -0.06568288312786950411, -0.9069313082073553467 ) ) ;
#2682 = EDGE_LOOP ( 'NONE', ( #1349, #2235, #1054, #525 ) ) ;
#2683 = VECTOR ( 'NONE', #2865, 1000.000000000000227 ) ;
#2684 = ORIENTED_EDGE ( 'NONE', *, *, #4508, .T. ) ;
#2685 = DIRECTION ( 'NONE',  ( 0.000000000000000000, 1.487341858474000679E-16, 1.000000000000000000 ) ) ;
#2686 =( GEOMETRIC_REPRESENTATION_CONTEXT ( 3 ) GLOBAL_UNCERTAINTY_ASSIGNED_CONTEXT ( ( #2168 ) ) GLOBAL_UNIT_ASSIGNED_CONTEXT ( ( #1771, #1016, #4564 ) ) REPRESENTATION_CONTEXT ( 'NONE', 'WORKASPACE' ) );
#2687 = CIRCLE ( 'NONE', #1715, 0.07999999999999998779 ) ;
#2688 = ORIENTED_EDGE ( 'NONE', *, *, #4788, .T. ) ;
#2689 = VERTEX_POINT ( 'NONE', #3797 ) ;
#2690 = SURFACE_SIDE_STYLE ('',( #2284 ) ) ;
#2691 = EDGE_CURVE ( 'NONE', #1632, #2811, #173, .T. ) ;
#2692 = ORIENTED_EDGE ( 'NONE', *, *, #4694, .T. ) ;
#2693 = PRESENTATION_STYLE_ASSIGNMENT (( #2671 ) ) ;
#2694 =( NAMED_UNIT ( * ) SI_UNIT ( $, .STERADIAN. ) SOLID_ANGLE_UNIT ( ) );
#2695 = CARTESIAN_POINT ( 'NONE',  ( -0.2500000000000000000, -0.06568288312786951799, -0.9069313082073552357 ) ) ;
#2696 = ORIENTED_EDGE ( 'NONE', *, *, #5004, .T. ) ;
#2697 = FACE_OUTER_BOUND ( 'NONE', #2423, .T. ) ;
#2698 = UNCERTAINTY_MEASURE_WITH_UNIT (LENGTH_MEASURE( 1.000000000000000082E-05 ), #3528, 'distance_accuracy_value', 'NONE');
#2699 = DIRECTION ( 'NONE',  ( 0.000000000000000000, -0.9895845686463776714, 0.1439527057646453889 ) ) ;
#2700 = DIRECTION ( 'NONE',  ( 0.000000000000000000, -4.391011113158564976E-16, -1.000000000000000000 ) ) ;
#2701 = CARTESIAN_POINT ( 'NONE',  ( -0.2500000000000000000, -0.05416666666669783803, -0.8277645427156451463 ) ) ;
#2702 = ORIENTED_EDGE ( 'NONE', *, *, #77, .F. ) ;
#2703 = PRESENTATION_LAYER_ASSIGNMENT (  '', '', ( #2972 ) ) ;
#2704 = CARTESIAN_POINT ( 'NONE',  ( -0.2500000000000000000, -0.1341666666666978536, 0.8277645427156450353 ) ) ;
#2705 = PRESENTATION_LAYER_ASSIGNMENT (  '', '', ( #1345 ) ) ;
#2706 = VERTEX_POINT ( 'NONE', #2214 ) ;
#2707 = EDGE_CURVE ( 'NONE', #1495, #272, #2005, .T. ) ;
#2708 =( LENGTH_UNIT ( ) NAMED_UNIT ( * ) SI_UNIT ( .MILLI., .METRE. ) );
#2709 = CARTESIAN_POINT ( 'NONE',  ( -1.200000000000000178, 0.5150000000000000133, -1.153085987590313888 ) ) ;
#2710 = EDGE_LOOP ( 'NONE', ( #4551, #4623, #3337, #2864 ) ) ;
#2711 = EDGE_CURVE ( 'NONE', #2608, #5072, #1125, .T. ) ;
#2712 = STYLED_ITEM ( 'NONE', ( #3577 ), #3520 ) ;
#2713 = SURFACE_SIDE_STYLE ('',( #3273 ) ) ;
#2714 = PLANE ( 'NONE',  #1250 ) ;
#2715 = ORIENTED_EDGE ( 'NONE', *, *, #1747, .T. ) ;
#2716 = DIRECTION ( 'NONE',  ( 0.000000000000000000, 0.000000000000000000, 1.000000000000000000 ) ) ;
#2717 = CARTESIAN_POINT ( 'NONE',  ( -0.6999999999999999556, 0.6750000000000000444, 1.153085987590313888 ) ) ;
#2718 = CARTESIAN_POINT ( 'NONE',  ( -1.105077446429066982E-16, 0.5293171503664571009, -0.7389591803015735927 ) ) ;
#2719 = PRESENTATION_LAYER_ASSIGNMENT (  '', '', ( #2176 ) ) ;
#2720 = FACE_OUTER_BOUND ( 'NONE', #2710, .T. ) ;
#2721 = PRESENTATION_STYLE_ASSIGNMENT (( #237 ) ) ;
#2722 = VECTOR ( 'NONE', #1174, 1000.000000000000000 ) ;
#2723 = UNCERTAINTY_MEASURE_WITH_UNIT (LENGTH_MEASURE( 1.000000000000000082E-05 ), #2612, 'distance_accuracy_value', 'NONE');
#2724 = VECTOR ( 'NONE', #3708, 1000.000000000000000 ) ;
#2725 = DIRECTION ( 'NONE',  ( 0.000000000000000000, 1.000000000000000000, -2.974683716947999386E-16 ) ) ;
#2726 = DIRECTION ( 'NONE',  ( 0.000000000000000000, 0.000000000000000000, -1.000000000000000000 ) ) ;
#2727 = SURFACE_STYLE_FILL_AREA ( #3231 ) ;
#2728 = VECTOR ( 'NONE', #4591, 1000.000000000000000 ) ;
#2729 = ADVANCED_FACE ( 'NONE', ( #5157 ), #4579, .F. ) ;
#2730 = VERTEX_POINT ( 'NONE', #4622 ) ;
#2731 = DIRECTION ( 'NONE',  ( 0.000000000000000000, 0.000000000000000000, 1.000000000000000000 ) ) ;
#2732 = DIRECTION ( 'NONE',  ( 0.000000000000000000, 1.000000000000000000, -2.974683716947999386E-16 ) ) ;
#2733 = STYLED_ITEM ( 'NONE', ( #3182 ), #665 ) ;
#2734 = STYLED_ITEM ( 'NONE', ( #2911 ), #1837 ) ;
#2735 = ORIENTED_EDGE ( 'NONE', *, *, #1028, .T. ) ;
#2736 = FILL_AREA_STYLE ('',( #5151 ) ) ;
#2737 = LINE ( 'NONE', #2923, #3228 ) ;
#2738 = DIRECTION ( 'NONE',  ( 0.000000000000000000, 0.000000000000000000, -1.000000000000000000 ) ) ;
#2739 = ORIENTED_EDGE ( 'NONE', *, *, #2139, .T. ) ;
#2740 = FACE_OUTER_BOUND ( 'NONE', #4357, .T. ) ;
#2741 = EDGE_LOOP ( 'NONE', ( #5012, #2123, #865, #5024 ) ) ;
#2742 =( GEOMETRIC_REPRESENTATION_CONTEXT ( 3 ) GLOBAL_UNCERTAINTY_ASSIGNED_CONTEXT ( ( #922 ) ) GLOBAL_UNIT_ASSIGNED_CONTEXT ( ( #428, #1337, #1235 ) ) REPRESENTATION_CONTEXT ( 'NONE', 'WORKASPACE' ) );
#2743 = EDGE_CURVE ( 'NONE', #1366, #3420, #2260, .T. ) ;
#2744 = VECTOR ( 'NONE', #5099, 1000.000000000000114 ) ;
#2745 = AXIS2_PLACEMENT_3D ( 'NONE', #300, #1481, #2731 ) ;
#2746 = ORIENTED_EDGE ( 'NONE', *, *, #2484, .F. ) ;
#2747 = VECTOR ( 'NONE', #970, 1000.000000000000000 ) ;
#2748 = EDGE_LOOP ( 'NONE', ( #5017, #404, #3433, #4713 ) ) ;
#2749 = VECTOR ( 'NONE', #4716, 1000.000000000000000 ) ;
#2750 =( LENGTH_UNIT ( ) NAMED_UNIT ( * ) SI_UNIT ( .MILLI., .METRE. ) );
#2751 = DIRECTION ( 'NONE',  ( 0.000000000000000000, 0.9895845686463778934, 0.1439527057646445007 ) ) ;
#2752 = CARTESIAN_POINT ( 'NONE',  ( 1.200000000000000178, 0.6750000000000000444, 1.153085987590313444 ) ) ;
#2753 = DIRECTION ( 'NONE',  ( 0.000000000000000000, 0.000000000000000000, 1.000000000000000000 ) ) ;
#2754 = VERTEX_POINT ( 'NONE', #1400 ) ;
#2755 = PRESENTATION_LAYER_ASSIGNMENT (  '', '', ( #507 ) ) ;
#2756 = CARTESIAN_POINT ( 'NONE',  ( -0.6999999999999999556, 0.5380324329223433732, 0.9947524566068933760 ) ) ;
#2757 = ORIENTED_EDGE ( 'NONE', *, *, #4896, .T. ) ;
#2758 = DIRECTION ( 'NONE',  ( -1.000000000000000000, -0.000000000000000000, 0.000000000000000000 ) ) ;
#2759 = ADVANCED_FACE ( 'NONE', ( #5224 ), #811, .T. ) ;
#2760 = EDGE_CURVE ( 'NONE', #654, #5045, #616, .T. ) ;
#2761 = ORIENTED_EDGE ( 'NONE', *, *, #5049, .F. ) ;
#2762 = FACE_OUTER_BOUND ( 'NONE', #3497, .T. ) ;
#2763 = SURFACE_STYLE_USAGE ( .BOTH. , #1541 ) ;
#2764 = FILL_AREA_STYLE ('',( #1088 ) ) ;
#2765 = ORIENTED_EDGE ( 'NONE', *, *, #2818, .F. ) ;
#2766 = STYLED_ITEM ( 'NONE', ( #5070 ), #3341 ) ;
#2767 = VECTOR ( 'NONE', #4211, 1000.000000000000000 ) ;
#2768 = FILL_AREA_STYLE ('',( #1165 ) ) ;
#2769 = CARTESIAN_POINT ( 'NONE',  ( 1.200000000000000178, -0.1750000000000311307, -0.8000000000000001554 ) ) ;
#2770 = SURFACE_SIDE_STYLE ('',( #2081 ) ) ;
#2771 = ORIENTED_EDGE ( 'NONE', *, *, #725, .F. ) ;
#2772 = STYLED_ITEM ( 'NONE', ( #3353 ), #1071 ) ;
#2773 = CARTESIAN_POINT ( 'NONE',  ( -0.6999999999999999556, -0.05416666666669788660, 0.8277645427156451463 ) ) ;
#2774 = AXIS2_PLACEMENT_3D ( 'NONE', #1899, #268, #2700 ) ;
#2775 =( NAMED_UNIT ( * ) SI_UNIT ( $, .STERADIAN. ) SOLID_ANGLE_UNIT ( ) );
#2776 = PRESENTATION_LAYER_ASSIGNMENT (  '', '', ( #1254 ) ) ;
#2777 = PLANE ( 'NONE',  #3778 ) ;
#2778 = VECTOR ( 'NONE', #4870, 1000.000000000000114 ) ;
#2779 = VECTOR ( 'NONE', #1936, 1000.000000000000114 ) ;
#2780 = EDGE_CURVE ( 'NONE', #2930, #2543, #3440, .T. ) ;
#2781 = CARTESIAN_POINT ( 'NONE',  ( -0.6999999999999999556, -0.07719909958904112857, -0.9860980736990661022 ) ) ;
#2782 = SURFACE_SIDE_STYLE ('',( #1265 ) ) ;
#2783 = SURFACE_STYLE_USAGE ( .BOTH. , #1184 ) ;
#2784 = SURFACE_SIDE_STYLE ('',( #3699 ) ) ;
#2785 = PRESENTATION_STYLE_ASSIGNMENT (( #2212 ) ) ;
#2786 = LINE ( 'NONE', #4301, #4074 ) ;
#2787 = VECTOR ( 'NONE', #3730, 1000.000000000000000 ) ;
#2788 = VECTOR ( 'NONE', #521, 1000.000000000000000 ) ;
#2789 = EDGE_CURVE ( 'NONE', #1598, #4293, #2510, .T. ) ;
#2790 = CARTESIAN_POINT ( 'NONE',  ( 1.339145906842450273, 0.5293171503664571009, 0.7389591803015735927 ) ) ;
#2791 = LINE ( 'NONE', #819, #3704 ) ;
#2792 = CIRCLE ( 'NONE', #4688, 0.04999999999999991257 ) ;
#2793 = CIRCLE ( 'NONE', #2745, 0.1600000000000001976 ) ;
#2794 =( LENGTH_UNIT ( ) NAMED_UNIT ( * ) SI_UNIT ( .MILLI., .METRE. ) );
#2795 = UNCERTAINTY_MEASURE_WITH_UNIT (LENGTH_MEASURE( 1.000000000000000082E-05 ), #376, 'distance_accuracy_value', 'NONE');
#2796 = ORIENTED_EDGE ( 'NONE', *, *, #1572, .T. ) ;
#2797 = FACE_OUTER_BOUND ( 'NONE', #4552, .T. ) ;
#2798 = VERTEX_POINT ( 'NONE', #4698 ) ;
#2799 =( LENGTH_UNIT ( ) NAMED_UNIT ( * ) SI_UNIT ( .MILLI., .METRE. ) );
#2800 = FILL_AREA_STYLE_COLOUR ( '', #997 ) ;
#2801 =( NAMED_UNIT ( * ) SI_UNIT ( $, .STERADIAN. ) SOLID_ANGLE_UNIT ( ) );
#2802 = CYLINDRICAL_SURFACE ( 'NONE', #2827, 0.07999999999999998779 ) ;
#2803 = DIRECTION ( 'NONE',  ( 0.000000000000000000, -1.000000000000000000, -1.487341858474000679E-16 ) ) ;
#2804 = ORIENTED_EDGE ( 'NONE', *, *, #2446, .F. ) ;
#2805 = CARTESIAN_POINT ( 'NONE',  ( -0.6999999999999999556, 0.6750000000000000444, -1.153085987590313888 ) ) ;
#2806 = PRESENTATION_LAYER_ASSIGNMENT (  '', '', ( #3852 ) ) ;
#2807 = AXIS2_PLACEMENT_3D ( 'NONE', #1298, #2884, #1661 ) ;
#2808 = CYLINDRICAL_SURFACE ( 'NONE', #881, 0.08000000000000020983 ) ;
#2809 = ORIENTED_EDGE ( 'NONE', *, *, #4446, .T. ) ;
#2810 = VECTOR ( 'NONE', #3396, 1000.000000000000114 ) ;
#2811 = VERTEX_POINT ( 'NONE', #685 ) ;
#2812 = DIRECTION ( 'NONE',  ( 0.000000000000000000, 1.000000000000000000, -4.336808689942015369E-15 ) ) ;
#2813 = EDGE_CURVE ( 'NONE', #455, #2065, #2388, .T. ) ;
#2814 = DIRECTION ( 'NONE',  ( -1.000000000000000000, -0.000000000000000000, -0.000000000000000000 ) ) ;
#2815 = SURFACE_SIDE_STYLE ('',( #4964 ) ) ;
#2816 = ORIENTED_EDGE ( 'NONE', *, *, #4792, .T. ) ;
#2817 = DIRECTION ( 'NONE',  ( -1.000000000000000000, -0.000000000000000000, 0.000000000000000000 ) ) ;
#2818 = EDGE_CURVE ( 'NONE', #4040, #1274, #3191, .T. ) ;
#2819 = CARTESIAN_POINT ( 'NONE',  ( -0.6999999999999999556, -0.05416666666669783803, -0.8277645427156452573 ) ) ;
#2820 = SURFACE_STYLE_FILL_AREA ( #3216 ) ;
#2821 = EDGE_LOOP ( 'NONE', ( #342, #3010, #1805, #604 ) ) ;
#2822 = CARTESIAN_POINT ( 'NONE',  ( 0.2500000000000000000, -0.1749999999999916067, 0.8000000000000001554 ) ) ;
#2823 =( NAMED_UNIT ( * ) SI_UNIT ( $, .STERADIAN. ) SOLID_ANGLE_UNIT ( ) );
#2824 = ORIENTED_EDGE ( 'NONE', *, *, #3668, .T. ) ;
#2825 = UNCERTAINTY_MEASURE_WITH_UNIT (LENGTH_MEASURE( 1.000000000000000082E-05 ), #4750, 'distance_accuracy_value', 'NONE');
#2826 = SURFACE_STYLE_FILL_AREA ( #2482 ) ;
#2827 = AXIS2_PLACEMENT_3D ( 'NONE', #1492, #203, #1440 ) ;
#2828 =( NAMED_UNIT ( * ) PLANE_ANGLE_UNIT ( ) SI_UNIT ( $, .RADIAN. ) );
#2829 = CARTESIAN_POINT ( 'NONE',  ( 1.385000000000000009, 0.5749999999999999556, 0.000000000000000000 ) ) ;
#2830 =( LENGTH_UNIT ( ) NAMED_UNIT ( * ) SI_UNIT ( .MILLI., .METRE. ) );
#2831 =( LENGTH_UNIT ( ) NAMED_UNIT ( * ) SI_UNIT ( .MILLI., .METRE. ) );
#2832 = EDGE_CURVE ( 'NONE', #3739, #1419, #1189, .T. ) ;
#2833 = ORIENTED_EDGE ( 'NONE', *, *, #647, .T. ) ;
#2834 = DIRECTION ( 'NONE',  ( 0.000000000000000000, 0.000000000000000000, 1.000000000000000000 ) ) ;
#2835 = MECHANICAL_DESIGN_GEOMETRIC_PRESENTATION_REPRESENTATION (  '', ( #2733 ), #2290 ) ;
#2836 = AXIS2_PLACEMENT_3D ( 'NONE', #3681, #2841, #482 ) ;
#2837 = CARTESIAN_POINT ( 'NONE',  ( -1.329148490548053951, -0.6069732594280996540, 0.6791484905480539291 ) ) ;
#2838 =( LENGTH_UNIT ( ) NAMED_UNIT ( * ) SI_UNIT ( .MILLI., .METRE. ) );
#2839 = VERTEX_POINT ( 'NONE', #4263 ) ;
#2840 = COLOUR_RGB ( '',1.000000000000000000, 1.000000000000000000, 1.000000000000000000 ) ;
#2841 = DIRECTION ( 'NONE',  ( -1.000000000000000000, -0.000000000000000000, -0.000000000000000000 ) ) ;
#2842 = CARTESIAN_POINT ( 'NONE',  ( 1.339145906842450273, 0.5250000000000000222, -0.6891459068424503620 ) ) ;
#2843 =( NAMED_UNIT ( * ) SI_UNIT ( $, .STERADIAN. ) SOLID_ANGLE_UNIT ( ) );
#2844 = LINE ( 'NONE', #3255, #4455 ) ;
#2845 =( NAMED_UNIT ( * ) PLANE_ANGLE_UNIT ( ) SI_UNIT ( $, .RADIAN. ) );
#2846 = SURFACE_SIDE_STYLE ('',( #380 ) ) ;
#2847 = AXIS2_PLACEMENT_3D ( 'NONE', #218, #630, #1452 ) ;
#2848 = DIRECTION ( 'NONE',  ( 0.000000000000000000, 0.000000000000000000, 1.000000000000000000 ) ) ;
#2849 = EDGE_CURVE ( 'NONE', #3410, #2489, #2189, .T. ) ;
#2850 = AXIS2_PLACEMENT_3D ( 'NONE', #1996, #3199, #4808 ) ;
#2851 = SURFACE_STYLE_FILL_AREA ( #5145 ) ;
#2852 = CIRCLE ( 'NONE', #3392, 0.04999999999999991257 ) ;
#2853 = FACE_OUTER_BOUND ( 'NONE', #3758, .T. ) ;
#2854 = MECHANICAL_DESIGN_GEOMETRIC_PRESENTATION_REPRESENTATION (  '', ( #1328 ), #2478 ) ;
#2855 = DIRECTION ( 'NONE',  ( 0.000000000000000000, 1.487341858474000679E-16, 1.000000000000000000 ) ) ;
#2856 = CARTESIAN_POINT ( 'NONE',  ( -1.200000000000000178, -0.1749999999999915234, -0.7999999999999997113 ) ) ;
#2857 = UNCERTAINTY_MEASURE_WITH_UNIT (LENGTH_MEASURE( 1.000000000000000082E-05 ), #1685, 'distance_accuracy_value', 'NONE');
#2858 = VECTOR ( 'NONE', #4988, 1000.000000000000000 ) ;
#2859 = ORIENTED_EDGE ( 'NONE', *, *, #4763, .T. ) ;
#2860 = DIRECTION ( 'NONE',  ( 0.000000000000000000, -0.000000000000000000, 1.000000000000000000 ) ) ;
#2861 = EDGE_CURVE ( 'NONE', #23, #35, #5034, .T. ) ;
#2862 = DIRECTION ( 'NONE',  ( 0.000000000000000000, 4.391011113158564976E-16, 1.000000000000000000 ) ) ;
#2863 = DIRECTION ( 'NONE',  ( 0.000000000000000000, 0.000000000000000000, -1.000000000000000000 ) ) ;
#2864 = ORIENTED_EDGE ( 'NONE', *, *, #2743, .F. ) ;
#2865 = DIRECTION ( 'NONE',  ( -0.000000000000000000, -0.9870527346239434952, -0.1603960693763874512 ) ) ;
#2866 = COLOUR_RGB ( '',1.000000000000000000, 1.000000000000000000, 1.000000000000000000 ) ;
#2867 = SURFACE_SIDE_STYLE ('',( #5183 ) ) ;
#2868 = VERTEX_POINT ( 'NONE', #1078 ) ;
#2869 = ORIENTED_EDGE ( 'NONE', *, *, #1994, .F. ) ;
#2870 = LINE ( 'NONE', #1984, #1983 ) ;
#2871 = DIRECTION ( 'NONE',  ( 1.117399847648193340E-16, 0.08634300732914351739, 0.9962654691824661679 ) ) ;
#2872 = CARTESIAN_POINT ( 'NONE',  ( -1.342469145205119396, -0.5250000000000000222, 0.000000000000000000 ) ) ;
#2873 =( GEOMETRIC_REPRESENTATION_CONTEXT ( 3 ) GLOBAL_UNCERTAINTY_ASSIGNED_CONTEXT ( ( #757 ) ) GLOBAL_UNIT_ASSIGNED_CONTEXT ( ( #1316, #2134, #4101 ) ) REPRESENTATION_CONTEXT ( 'NONE', 'WORKASPACE' ) );
#2874 = VERTEX_POINT ( 'NONE', #1096 ) ;
#2875 = ORIENTED_EDGE ( 'NONE', *, *, #1702, .T. ) ;
#2876 =( GEOMETRIC_REPRESENTATION_CONTEXT ( 3 ) GLOBAL_UNCERTAINTY_ASSIGNED_CONTEXT ( ( #4417 ) ) GLOBAL_UNIT_ASSIGNED_CONTEXT ( ( #2462, #1646, #90 ) ) REPRESENTATION_CONTEXT ( 'NONE', 'WORKASPACE' ) );
#2877 =( NAMED_UNIT ( * ) SI_UNIT ( $, .STERADIAN. ) SOLID_ANGLE_UNIT ( ) );
#2878 = AXIS2_PLACEMENT_3D ( 'NONE', #4054, #4889, #4126 ) ;
#2879 = EDGE_LOOP ( 'NONE', ( #2628, #2576, #2816, #329 ) ) ;
#2880 = ORIENTED_EDGE ( 'NONE', *, *, #901, .F. ) ;
#2881 = CARTESIAN_POINT ( 'NONE',  ( 1.449999999999999956, -0.1749999999999915790, 0.8000000000000000444 ) ) ;
#2882 = EDGE_CURVE ( 'NONE', #464, #4903, #3372, .T. ) ;
#2883 = PRESENTATION_LAYER_ASSIGNMENT (  '', '', ( #2616 ) ) ;
#2884 = DIRECTION ( 'NONE',  ( 0.000000000000000000, 0.000000000000000000, 1.000000000000000000 ) ) ;
#2885 = VERTEX_POINT ( 'NONE', #3869 ) ;
#2886 = UNCERTAINTY_MEASURE_WITH_UNIT (LENGTH_MEASURE( 1.000000000000000082E-05 ), #3388, 'distance_accuracy_value', 'NONE');
#2887 = SURFACE_STYLE_USAGE ( .BOTH. , #55 ) ;
#2888 = SURFACE_SIDE_STYLE ('',( #807 ) ) ;
#2889 = EDGE_CURVE ( 'NONE', #3369, #4040, #1377, .T. ) ;
#2890 = SURFACE_STYLE_USAGE ( .BOTH. , #3705 ) ;
#2891 = ORIENTED_EDGE ( 'NONE', *, *, #4763, .F. ) ;
#2892 = DIRECTION ( 'NONE',  ( 0.000000000000000000, -1.487341858474000679E-16, -1.000000000000000000 ) ) ;
#2893 = ORIENTED_EDGE ( 'NONE', *, *, #1163, .F. ) ;
#2894 = DIRECTION ( 'NONE',  ( 0.000000000000000000, -0.08634300732914253207, -0.9962654691824661679 ) ) ;
#2895 = PLANE ( 'NONE',  #2807 ) ;
#2896 = PRESENTATION_STYLE_ASSIGNMENT (( #2917 ) ) ;
#2897 = AXIS2_PLACEMENT_3D ( 'NONE', #85, #824, #509 ) ;
#2898 = PRESENTATION_LAYER_ASSIGNMENT (  '', '', ( #5233 ) ) ;
#2899 = CARTESIAN_POINT ( 'NONE',  ( -0.6999999999999999556, 0.6750000000000000444, -1.153085987590313888 ) ) ;
#2900 = DIRECTION ( 'NONE',  ( 0.000000000000000000, 1.000000000000000000, 0.000000000000000000 ) ) ;
#2901 = PRESENTATION_STYLE_ASSIGNMENT (( #4766 ) ) ;
#2902 = SURFACE_STYLE_USAGE ( .BOTH. , #1722 ) ;
#2903 = EDGE_CURVE ( 'NONE', #2356, #1076, #1940, .T. ) ;
#2904 = DIRECTION ( 'NONE',  ( 0.000000000000000000, -2.974683716947999386E-16, 1.000000000000000000 ) ) ;
#2905 = SURFACE_STYLE_FILL_AREA ( #2558 ) ;
#2906 = CARTESIAN_POINT ( 'NONE',  ( 0.2500000000000000000, -0.1341666666666978813, 0.6455263157894751691 ) ) ;
#2907 = MECHANICAL_DESIGN_GEOMETRIC_PRESENTATION_REPRESENTATION (  '', ( #2644 ), #953 ) ;
#2908 = DIRECTION ( 'NONE',  ( -1.000000000000000000, -0.000000000000000000, 0.000000000000000000 ) ) ;
#2909 = EDGE_CURVE ( 'NONE', #3251, #5195, #1245, .T. ) ;
#2910 = AXIS2_PLACEMENT_3D ( 'NONE', #3771, #2233, #1398 ) ;
#2911 = PRESENTATION_STYLE_ASSIGNMENT (( #1162 ) ) ;
#2912 =( NAMED_UNIT ( * ) SI_UNIT ( $, .STERADIAN. ) SOLID_ANGLE_UNIT ( ) );
#2913 = VECTOR ( 'NONE', #2143, 1000.000000000000114 ) ;
#2914 = ORIENTED_EDGE ( 'NONE', *, *, #4488, .F. ) ;
#2915 = DIRECTION ( 'NONE',  ( -1.000000000000000000, -0.000000000000000000, -0.000000000000000000 ) ) ;
#2916 = CYLINDRICAL_SURFACE ( 'NONE', #4320, 0.1600000000000000866 ) ;
#2917 = SURFACE_STYLE_USAGE ( .BOTH. , #4463 ) ;
#2918 = UNCERTAINTY_MEASURE_WITH_UNIT (LENGTH_MEASURE( 1.000000000000000082E-05 ), #2532, 'distance_accuracy_value', 'NONE');
#2919 = VECTOR ( 'NONE', #3788, 1000.000000000000114 ) ;
#2920 = CARTESIAN_POINT ( 'NONE',  ( 0.6999999999999999556, 0.5950000000000001954, -1.153085987590313444 ) ) ;
#2921 = EDGE_LOOP ( 'NONE', ( #810, #4182, #2175, #4381, #2362, #3289, #3618, #4821, #975, #2951, #780, #4196, #4090 ) ) ;
#2922 = DIRECTION ( 'NONE',  ( -0.000000000000000000, -0.000000000000000000, -1.000000000000000000 ) ) ;
#2923 = CARTESIAN_POINT ( 'NONE',  ( 1.379929654226053071, 0.6335039896993893693, -0.6801163807669301509 ) ) ;
#2924 = EDGE_CURVE ( 'NONE', #1495, #5045, #743, .T. ) ;
#2925 = COLOUR_RGB ( '',1.000000000000000000, 1.000000000000000000, 1.000000000000000000 ) ;
#2926 = ORIENTED_EDGE ( 'NONE', *, *, #3752, .F. ) ;
#2927 = CARTESIAN_POINT ( 'NONE',  ( 1.200000000000000178, 0.6750000000000000444, -1.399999999999999689 ) ) ;
#2928 = FACE_OUTER_BOUND ( 'NONE', #1755, .T. ) ;
#2929 = VERTEX_POINT ( 'NONE', #2257 ) ;
#2930 = VERTEX_POINT ( 'NONE', #669 ) ;
#2931 = PLANE ( 'NONE',  #44 ) ;
#2932 = AXIS2_PLACEMENT_3D ( 'NONE', #831, #2871, #4437 ) ;
#2933 = CARTESIAN_POINT ( 'NONE',  ( -1.200000000000000178, -0.07719909958904112857, -0.9860980736990661022 ) ) ;
#2934 = CARTESIAN_POINT ( 'NONE',  ( -0.6999999999999999556, 0.6750000000000000444, 1.400000000000000133 ) ) ;
#2935 = VERTEX_POINT ( 'NONE', #2769 ) ;
#2936 = CIRCLE ( 'NONE', #204, 0.04999999999999991257 ) ;
#2937 = CARTESIAN_POINT ( 'NONE',  ( -0.6999999999999999556, -0.2141666666666977581, 0.6455263157894752801 ) ) ;
#2938 = VECTOR ( 'NONE', #1776, 1000.000000000000000 ) ;
#2939 = DIRECTION ( 'NONE',  ( 0.000000000000000000, 1.487341858474000679E-16, 1.000000000000000000 ) ) ;
#2940 = CARTESIAN_POINT ( 'NONE',  ( -0.2500000000000000000, -0.1341666666666978536, -0.8277645427156450353 ) ) ;
#2941 =( LENGTH_UNIT ( ) NAMED_UNIT ( * ) SI_UNIT ( .MILLI., .METRE. ) );
#2942 = FILL_AREA_STYLE ('',( #539 ) ) ;
#2943 = ORIENTED_EDGE ( 'NONE', *, *, #4308, .F. ) ;
#2944 = AXIS2_PLACEMENT_3D ( 'NONE', #3325, #392, #2042 ) ;
#2945 = LINE ( 'NONE', #3764, #733 ) ;
#2946 = ADVANCED_FACE ( 'NONE', ( #4706 ), #3928, .T. ) ;
#2947 =( LENGTH_UNIT ( ) NAMED_UNIT ( * ) SI_UNIT ( .MILLI., .METRE. ) );
#2948 = PRESENTATION_LAYER_ASSIGNMENT (  '', '', ( #711 ) ) ;
#2949 = CARTESIAN_POINT ( 'NONE',  ( -1.449999999999999956, -0.1750000000000308253, 0.8000000000000003775 ) ) ;
#2950 = DIRECTION ( 'NONE',  ( -1.000000000000000000, -0.000000000000000000, 0.000000000000000000 ) ) ;
#2951 = ORIENTED_EDGE ( 'NONE', *, *, #2161, .T. ) ;
#2952 = DIRECTION ( 'NONE',  ( 1.000000000000000000, -0.000000000000000000, 0.000000000000000000 ) ) ;
#2953 = DIRECTION ( 'NONE',  ( -1.107066950934866800E-16, 0.1603960693763874790, -0.9870527346239436062 ) ) ;
#2954 = ORIENTED_EDGE ( 'NONE', *, *, #4809, .T. ) ;
#2955 = UNCERTAINTY_MEASURE_WITH_UNIT (LENGTH_MEASURE( 1.000000000000000082E-05 ), #487, 'distance_accuracy_value', 'NONE');
#2956 = MECHANICAL_DESIGN_GEOMETRIC_PRESENTATION_REPRESENTATION (  '', ( #2409 ), #2686 ) ;
#2957 = DIRECTION ( 'NONE',  ( 1.000000000000000000, -4.448494549479002309E-32, -1.495451272393799296E-16 ) ) ;
#2958 = EDGE_LOOP ( 'NONE', ( #1238, #3173, #852, #3152 ) ) ;
#2959 = LINE ( 'NONE', #4638, #682 ) ;
#2960 = FILL_AREA_STYLE_COLOUR ( '', #5055 ) ;
#2961 = FILL_AREA_STYLE_COLOUR ( '', #1876 ) ;
#2962 = EDGE_CURVE ( 'NONE', #3874, #3484, #478, .T. ) ;
#2963 = SURFACE_SIDE_STYLE ('',( #1176 ) ) ;
#2964 = DIRECTION ( 'NONE',  ( 0.000000000000000000, 0.000000000000000000, 1.000000000000000000 ) ) ;
#2965 = ORIENTED_EDGE ( 'NONE', *, *, #3515, .F. ) ;
#2966 = LINE ( 'NONE', #1741, #2069 ) ;
#2967 = SURFACE_STYLE_USAGE ( .BOTH. , #2559 ) ;
#2968 = PRODUCT_DEFINITION_SHAPE ( 'NONE', 'NONE',  #4384 ) ;
#2969 = DIRECTION ( 'NONE',  ( 0.000000000000000000, -0.9895845686463776714, 0.1439527057646453889 ) ) ;
#2970 = CARTESIAN_POINT ( 'NONE',  ( -0.6999999999999999556, 0.5950000000000001954, -1.153085987590313888 ) ) ;
#2971 = ADVANCED_FACE ( 'NONE', ( #2762 ), #3128, .T. ) ;
#2972 = STYLED_ITEM ( 'NONE', ( #452 ), #1357 ) ;
#2973 =( GEOMETRIC_REPRESENTATION_CONTEXT ( 3 ) GLOBAL_UNCERTAINTY_ASSIGNED_CONTEXT ( ( #585 ) ) GLOBAL_UNIT_ASSIGNED_CONTEXT ( ( #3301, #4961, #1735 ) ) REPRESENTATION_CONTEXT ( 'NONE', 'WORKASPACE' ) );
#2974 = CARTESIAN_POINT ( 'NONE',  ( 1.200000000000000178, 0.5950000000000001954, 1.153085987590313444 ) ) ;
#2975 = DIRECTION ( 'NONE',  ( 0.000000000000000000, 0.9962654691824661679, 0.08634300732914342025 ) ) ;
#2976 = CARTESIAN_POINT ( 'NONE',  ( 1.200000000000000178, 0.5150000000000000133, 1.153085987590313444 ) ) ;
#2977 = COLOUR_RGB ( '',0.2509803921568627416, 0.2509803921568627416, 0.2509803921568627416 ) ;
#2978 = DIRECTION ( 'NONE',  ( -1.000000000000000000, -0.000000000000000000, -0.000000000000000000 ) ) ;
#2979 = EDGE_CURVE ( 'NONE', #142, #23, #1559, .T. ) ;
#2980 = CARTESIAN_POINT ( 'NONE',  ( 1.200000000000000178, 0.5150000000000000133, 1.153085987590313444 ) ) ;
#2981 = FILL_AREA_STYLE_COLOUR ( '', #3267 ) ;
#2982 = VECTOR ( 'NONE', #5086, 1000.000000000000000 ) ;
#2983 = COLOUR_RGB ( '',1.000000000000000000, 1.000000000000000000, 1.000000000000000000 ) ;
#2984 = EDGE_CURVE ( 'NONE', #4312, #49, #4051, .T. ) ;
#2985 = FACE_OUTER_BOUND ( 'NONE', #2741, .T. ) ;
#2986 = MECHANICAL_DESIGN_GEOMETRIC_PRESENTATION_REPRESENTATION (  '', ( #2616 ), #3139 ) ;
#2987 = ORIENTED_EDGE ( 'NONE', *, *, #694, .T. ) ;
#2988 = DIRECTION ( 'NONE',  ( -0.08602294726405144976, 0.9925724684314050084, -0.08602294726405154690 ) ) ;
#2989 = FACE_OUTER_BOUND ( 'NONE', #1659, .T. ) ;
#2990 = CARTESIAN_POINT ( 'NONE',  ( -0.6999999999999999556, 0.5950000000000000844, 1.400000000000000133 ) ) ;
#2991 =( NAMED_UNIT ( * ) PLANE_ANGLE_UNIT ( ) SI_UNIT ( $, .RADIAN. ) );
#2992 = EDGE_LOOP ( 'NONE', ( #3623, #356, #3256 ) ) ;
#2993 = MECHANICAL_DESIGN_GEOMETRIC_PRESENTATION_REPRESENTATION (  '', ( #2176 ), #3503 ) ;
#2994 = SURFACE_STYLE_FILL_AREA ( #4970 ) ;
#2995 = CARTESIAN_POINT ( 'NONE',  ( 1.200000000000000178, -0.05416666666669788660, 0.8277645427156449243 ) ) ;
#2996 = ORIENTED_EDGE ( 'NONE', *, *, #4717, .T. ) ;
#2997 = CARTESIAN_POINT ( 'NONE',  ( -0.6999999999999999556, 0.5950000000000001954, 1.153085987590313888 ) ) ;
#2998 = ORIENTED_EDGE ( 'NONE', *, *, #1896, .T. ) ;
#2999 = DIRECTION ( 'NONE',  ( 1.000000000000000000, 0.000000000000000000, -1.121588454295349533E-16 ) ) ;
#3000 = COLOUR_RGB ( '',1.000000000000000000, 1.000000000000000000, 1.000000000000000000 ) ;
#3001 = ADVANCED_FACE ( 'NONE', ( #4635 ), #4522, .T. ) ;
#3002 =( LENGTH_UNIT ( ) NAMED_UNIT ( * ) SI_UNIT ( .MILLI., .METRE. ) );
#3003 = VERTEX_POINT ( 'NONE', #4385 ) ;
#3004 = SURFACE_SIDE_STYLE ('',( #1008 ) ) ;
#3005 = EDGE_LOOP ( 'NONE', ( #672, #4001, #4176, #2521 ) ) ;
#3006 = FILL_AREA_STYLE ('',( #2596 ) ) ;
#3007 = ORIENTED_EDGE ( 'NONE', *, *, #3525, .F. ) ;
#3008 = DIRECTION ( 'NONE',  ( 0.000000000000000000, -0.1439527057646453889, -0.9895845686463776714 ) ) ;
#3009 = AXIS2_PLACEMENT_3D ( 'NONE', #244, #3056, #5121 ) ;
#3010 = ORIENTED_EDGE ( 'NONE', *, *, #4128, .F. ) ;
#3011 = DIRECTION ( 'NONE',  ( 0.000000000000000000, 0.000000000000000000, -1.000000000000000000 ) ) ;
#3012 = DIRECTION ( 'NONE',  ( 0.000000000000000000, 0.9895845686463776714, -0.1439527057646453889 ) ) ;
#3013 = ORIENTED_EDGE ( 'NONE', *, *, #3891, .T. ) ;
#3014 = PRESENTATION_STYLE_ASSIGNMENT (( #4350 ) ) ;
#3015 = EDGE_CURVE ( 'NONE', #3998, #5072, #703, .T. ) ;
#3016 = AXIS2_PLACEMENT_3D ( 'NONE', #2321, #1469, #2699 ) ;
#3017 = FILL_AREA_STYLE_COLOUR ( '', #4345 ) ;
#3018 = CARTESIAN_POINT ( 'NONE',  ( -1.030584123252520817E-16, 0.5749999999999999556, -0.6891459068424501400 ) ) ;
#3019 = UNCERTAINTY_MEASURE_WITH_UNIT (LENGTH_MEASURE( 1.000000000000000082E-05 ), #749, 'distance_accuracy_value', 'NONE');
#3020 = DIRECTION ( 'NONE',  ( 0.000000000000000000, -1.000000000000000000, 0.000000000000000000 ) ) ;
#3021 = AXIS2_PLACEMENT_3D ( 'NONE', #4166, #1414, #4573 ) ;
#3022 = VERTEX_POINT ( 'NONE', #4800 ) ;
#3023 = ADVANCED_FACE ( 'NONE', ( #2459 ), #814, .F. ) ;
#3024 = FILL_AREA_STYLE ('',( #2193 ) ) ;
#3025 = EDGE_CURVE ( 'NONE', #2868, #79, #435, .T. ) ;
#3026 = SURFACE_SIDE_STYLE ('',( #3968 ) ) ;
#3027 = CARTESIAN_POINT ( 'NONE',  ( -0.7000000000000000666, -0.1749999999999915234, -0.7999999999999998224 ) ) ;
#3028 = PRESENTATION_LAYER_ASSIGNMENT (  '', '', ( #2766 ) ) ;
#3029 = LINE ( 'NONE', #4549, #2787 ) ;
#3030 = FILL_AREA_STYLE ('',( #2654 ) ) ;
#3031 = VECTOR ( 'NONE', #1359, 1000.000000000000114 ) ;
#3032 =( NAMED_UNIT ( * ) SI_UNIT ( $, .STERADIAN. ) SOLID_ANGLE_UNIT ( ) );
#3033 =( GEOMETRIC_REPRESENTATION_CONTEXT ( 3 ) GLOBAL_UNCERTAINTY_ASSIGNED_CONTEXT ( ( #5056 ) ) GLOBAL_UNIT_ASSIGNED_CONTEXT ( ( #1789, #4606, #2205 ) ) REPRESENTATION_CONTEXT ( 'NONE', 'WORKASPACE' ) );
#3034 = COLOUR_RGB ( '',0.7921568627450980005, 0.8196078431372548767, 0.9333333333333333481 ) ;
#3035 = MECHANICAL_DESIGN_GEOMETRIC_PRESENTATION_REPRESENTATION (  '', ( #4569 ), #4019 ) ;
#3036 = SURFACE_STYLE_FILL_AREA ( #2019 ) ;
#3037 = CIRCLE ( 'NONE', #2471, 0.08000000000000020983 ) ;
#3038 = ORIENTED_EDGE ( 'NONE', *, *, #4055, .F. ) ;
#3039 =( NAMED_UNIT ( * ) SI_UNIT ( $, .STERADIAN. ) SOLID_ANGLE_UNIT ( ) );
#3040 = CARTESIAN_POINT ( 'NONE',  ( -0.6999999999999999556, 0.5950000000000000844, -1.400000000000000133 ) ) ;
#3041 = STYLED_ITEM ( 'NONE', ( #4275 ), #234 ) ;
#3042 = UNCERTAINTY_MEASURE_WITH_UNIT (LENGTH_MEASURE( 1.000000000000000082E-05 ), #3626, 'distance_accuracy_value', 'NONE');
#3043 = VECTOR ( 'NONE', #1795, 1000.000000000000114 ) ;
#3044 = ORIENTED_EDGE ( 'NONE', *, *, #3752, .T. ) ;
#3045 = CARTESIAN_POINT ( 'NONE',  ( 1.200000000000000178, -0.2141666666666979801, 0.8277645427156450353 ) ) ;
#3046 = DIRECTION ( 'NONE',  ( 0.000000000000000000, -0.000000000000000000, -1.000000000000000000 ) ) ;
#3047 = EDGE_CURVE ( 'NONE', #3680, #470, #305, .T. ) ;
#3048 = FACE_OUTER_BOUND ( 'NONE', #3423, .T. ) ;
#3049 = AXIS2_PLACEMENT_3D ( 'NONE', #5159, #4398, #4799 ) ;
#3050 = ORIENTED_EDGE ( 'NONE', *, *, #614, .T. ) ;
#3051 = DIRECTION ( 'NONE',  ( 0.000000000000000000, -0.000000000000000000, 1.000000000000000000 ) ) ;
#3052 = COLOUR_RGB ( '',1.000000000000000000, 1.000000000000000000, 1.000000000000000000 ) ;
#3053 = ORIENTED_EDGE ( 'NONE', *, *, #5004, .F. ) ;
#3054 = EDGE_CURVE ( 'NONE', #1998, #2874, #60, .T. ) ;
#3055 = ORIENTED_EDGE ( 'NONE', *, *, #2707, .T. ) ;
#3056 = DIRECTION ( 'NONE',  ( 0.08602294726405060321, 0.9925724684314052304, -0.08602294726405060321 ) ) ;
#3057 = VERTEX_POINT ( 'NONE', #4848 ) ;
#3058 = DIRECTION ( 'NONE',  ( -0.000000000000000000, 2.974683716947999386E-16, -1.000000000000000000 ) ) ;
#3059 = DIRECTION ( 'NONE',  ( 1.000000000000000000, 0.000000000000000000, 0.000000000000000000 ) ) ;
#3060 = CARTESIAN_POINT ( 'NONE',  ( -1.339145906842450273, 0.5749999999999999556, 0.6891459068424506951 ) ) ;
#3061 = ORIENTED_EDGE ( 'NONE', *, *, #68, .T. ) ;
#3062 = COLOUR_RGB ( '',1.000000000000000000, 1.000000000000000000, 1.000000000000000000 ) ;
#3063 = AXIS2_PLACEMENT_3D ( 'NONE', #2673, #3491, #4288 ) ;
#3064 = FILL_AREA_STYLE ('',( #3081 ) ) ;
#3065 = ORIENTED_EDGE ( 'NONE', *, *, #1445, .T. ) ;
#3066 = MECHANICAL_DESIGN_GEOMETRIC_PRESENTATION_REPRESENTATION (  '', ( #89 ), #1188 ) ;
#3067 = DIRECTION ( 'NONE',  ( 0.000000000000000000, 1.487341858474000679E-16, -1.000000000000000000 ) ) ;
#3068 = ADVANCED_FACE ( 'NONE', ( #185 ), #1401, .T. ) ;
#3069 = EDGE_CURVE ( 'NONE', #311, #1187, #1640, .T. ) ;
#3070 = ORIENTED_EDGE ( 'NONE', *, *, #2640, .T. ) ;
#3071 = DIRECTION ( 'NONE',  ( -1.000000000000000000, -0.000000000000000000, 0.000000000000000000 ) ) ;
#3072 = EDGE_CURVE ( 'NONE', #1861, #2637, #2076, .T. ) ;
#3073 = VERTEX_POINT ( 'NONE', #4905 ) ;
#3074 = UNCERTAINTY_MEASURE_WITH_UNIT (LENGTH_MEASURE( 1.000000000000000082E-05 ), #1891, 'distance_accuracy_value', 'NONE');
#3075 = AXIS2_PLACEMENT_3D ( 'NONE', #1638, #449, #2421 ) ;
#3076 = DIRECTION ( 'NONE',  ( 1.000000000000000000, 0.000000000000000000, -1.121588454295349533E-16 ) ) ;
#3077 = CARTESIAN_POINT ( 'NONE',  ( -0.2500000000000000000, 0.5150000000000000133, -1.153085987590313666 ) ) ;
#3078 = CARTESIAN_POINT ( 'NONE',  ( -1.200000000000000178, -0.05416666666669783803, -0.8277645427156452573 ) ) ;
#3079 = VERTEX_POINT ( 'NONE', #3258 ) ;
#3080 = CIRCLE ( 'NONE', #195, 0.05000000000000002359 ) ;
#3081 = FILL_AREA_STYLE_COLOUR ( '', #2925 ) ;
#3082 = ADVANCED_FACE ( 'NONE', ( #5176 ), #2070, .T. ) ;
#3083 =( GEOMETRIC_REPRESENTATION_CONTEXT ( 3 ) GLOBAL_UNCERTAINTY_ASSIGNED_CONTEXT ( ( #857 ) ) GLOBAL_UNIT_ASSIGNED_CONTEXT ( ( #3872, #744, #1133 ) ) REPRESENTATION_CONTEXT ( 'NONE', 'WORKASPACE' ) );
#3084 = DIRECTION ( 'NONE',  ( 0.000000000000000000, 0.000000000000000000, 1.000000000000000000 ) ) ;
#3085 = FILL_AREA_STYLE ('',( #1462 ) ) ;
#3086 = DIRECTION ( 'NONE',  ( 0.000000000000000000, 0.9895845686463776714, -0.1439527057646453889 ) ) ;
#3087 = COLOUR_RGB ( '',1.000000000000000000, 1.000000000000000000, 1.000000000000000000 ) ;
#3088 = SURFACE_STYLE_FILL_AREA ( #3879 ) ;
#3089 = ADVANCED_FACE ( 'NONE', ( #3393 ), #1684, .F. ) ;
#3090 = CARTESIAN_POINT ( 'NONE',  ( -0.2500000000000000000, 0.6750000000000000444, -1.153085987590313666 ) ) ;
#3091 =( NAMED_UNIT ( * ) SI_UNIT ( $, .STERADIAN. ) SOLID_ANGLE_UNIT ( ) );
#3092 = PRESENTATION_LAYER_ASSIGNMENT (  '', '', ( #186 ) ) ;
#3093 = EDGE_LOOP ( 'NONE', ( #873, #1797, #4773, #462, #3615, #3659, #862, #1882, #40, #1821, #19, #3133, #2833, #4177, #2880, #4300 ) ) ;
#3094 = LINE ( 'NONE', #3746, #2029 ) ;
#3095 = STYLED_ITEM ( 'NONE', ( #697 ), #3082 ) ;
#3096 = LINE ( 'NONE', #1535, #322 ) ;
#3097 = LINE ( 'NONE', #3579, #2088 ) ;
#3098 = DIRECTION ( 'NONE',  ( -1.000000000000000000, -0.000000000000000000, -0.000000000000000000 ) ) ;
#3099 = ORIENTED_EDGE ( 'NONE', *, *, #1695, .T. ) ;
#3100 = STYLED_ITEM ( 'NONE', ( #3559 ), #2759 ) ;
#3101 = UNCERTAINTY_MEASURE_WITH_UNIT (LENGTH_MEASURE( 1.000000000000000082E-05 ), #2544, 'distance_accuracy_value', 'NONE');
#3102 = SURFACE_STYLE_USAGE ( .BOTH. , #230 ) ;
#3103 = EDGE_CURVE ( 'NONE', #424, #4387, #4588, .T. ) ;
#3104 = PRESENTATION_LAYER_ASSIGNMENT (  '', '', ( #3262 ) ) ;
#3105 = VERTEX_POINT ( 'NONE', #4163 ) ;
#3106 = CARTESIAN_POINT ( 'NONE',  ( -0.2500000000000000000, 0.5749999999999999556, 0.7350000000000002087 ) ) ;
#3107 = FACE_OUTER_BOUND ( 'NONE', #333, .T. ) ;
#3108 =( NAMED_UNIT ( * ) SI_UNIT ( $, .STERADIAN. ) SOLID_ANGLE_UNIT ( ) );
#3109 = CARTESIAN_POINT ( 'NONE',  ( -0.6999999999999999556, -0.07719909958904112857, 0.9860980736990661022 ) ) ;
#3110 = VERTEX_POINT ( 'NONE', #1374 ) ;
#3111 = EDGE_LOOP ( 'NONE', ( #2443, #1607, #425 ) ) ;
#3112 =( GEOMETRIC_REPRESENTATION_CONTEXT ( 3 ) GLOBAL_UNCERTAINTY_ASSIGNED_CONTEXT ( ( #1240 ) ) GLOBAL_UNIT_ASSIGNED_CONTEXT ( ( #4662, #618, #4235 ) ) REPRESENTATION_CONTEXT ( 'NONE', 'WORKASPACE' ) );
#3113 = ORIENTED_EDGE ( 'NONE', *, *, #2508, .F. ) ;
#3114 = ORIENTED_EDGE ( 'NONE', *, *, #1896, .F. ) ;
#3115 = CARTESIAN_POINT ( 'NONE',  ( -0.6999999999999999556, -0.06568288312786950411, -0.9069313082073553467 ) ) ;
#3116 = CARTESIAN_POINT ( 'NONE',  ( 0.2500000000000000000, -0.1341666666666978813, -0.6455263157894751691 ) ) ;
#3117 = ADVANCED_FACE ( 'NONE', ( #3815 ), #3401, .T. ) ;
#3118 = EDGE_CURVE ( 'NONE', #3472, #3407, #2343, .T. ) ;
#3119 = ORIENTED_EDGE ( 'NONE', *, *, #588, .T. ) ;
#3120 = COLOUR_RGB ( '',0.2509803921568627416, 0.2509803921568627416, 0.2509803921568627416 ) ;
#3121 = DIRECTION ( 'NONE',  ( 0.000000000000000000, 0.000000000000000000, -1.000000000000000000 ) ) ;
#3122 = ORIENTED_EDGE ( 'NONE', *, *, #2372, .F. ) ;
#3123 = CARTESIAN_POINT ( 'NONE',  ( 1.200000000000000178, 0.5380324329223433732, -0.9947524566068929319 ) ) ;
#3124 = CARTESIAN_POINT ( 'NONE',  ( 1.400647363268796575, -0.1750000000000308253, 0.8000000000000000444 ) ) ;
#3125 = DIRECTION ( 'NONE',  ( -0.08602294726405060321, 0.9925724684314052304, 0.08602294726405060321 ) ) ;
#3126 = SURFACE_STYLE_USAGE ( .BOTH. , #2770 ) ;
#3127 = ORIENTED_EDGE ( 'NONE', *, *, #766, .F. ) ;
#3128 = CYLINDRICAL_SURFACE ( 'NONE', #4156, 0.05000000000000000278 ) ;
#3129 = STYLED_ITEM ( 'NONE', ( #2294 ), #1389 ) ;
#3130 = CARTESIAN_POINT ( 'NONE',  ( -0.6999999999999999556, -0.2141666666666979801, 0.8277645427156452573 ) ) ;
#3131 = STYLED_ITEM ( 'NONE', ( #3387 ), #2329 ) ;
#3132 =( NAMED_UNIT ( * ) SI_UNIT ( $, .STERADIAN. ) SOLID_ANGLE_UNIT ( ) );
#3133 = ORIENTED_EDGE ( 'NONE', *, *, #4694, .F. ) ;
#3134 = PRESENTATION_LAYER_ASSIGNMENT (  '', '', ( #990 ) ) ;
#3135 = CARTESIAN_POINT ( 'NONE',  ( 1.342469145205119396, -0.5250000000000000222, 0.6924691452051195961 ) ) ;
#3136 = ORIENTED_EDGE ( 'NONE', *, *, #614, .F. ) ;
#3137 = DIRECTION ( 'NONE',  ( -0.000000000000000000, 1.000000000000000000, 4.391011113158564976E-16 ) ) ;
#3138 = EDGE_CURVE ( 'NONE', #3105, #4153, #1523, .T. ) ;
#3139 =( GEOMETRIC_REPRESENTATION_CONTEXT ( 3 ) GLOBAL_UNCERTAINTY_ASSIGNED_CONTEXT ( ( #2723 ) ) GLOBAL_UNIT_ASSIGNED_CONTEXT ( ( #2612, #595, #2649 ) ) REPRESENTATION_CONTEXT ( 'NONE', 'WORKASPACE' ) );
#3140 = ADVANCED_FACE ( 'NONE', ( #4464 ), #965, .T. ) ;
#3141 = CARTESIAN_POINT ( 'NONE',  ( -1.200000000000000178, -0.1749999999999916345, 0.8000000000000003775 ) ) ;
#3142 =( LENGTH_UNIT ( ) NAMED_UNIT ( * ) SI_UNIT ( .MILLI., .METRE. ) );
#3143 = FACE_OUTER_BOUND ( 'NONE', #3378, .T. ) ;
#3144 = DIRECTION ( 'NONE',  ( -0.000000000000000000, -1.000000000000000000, 0.000000000000000000 ) ) ;
#3145 = CARTESIAN_POINT ( 'NONE',  ( 1.449999999999999956, -0.1750000000000311307, -0.7506473632687969966 ) ) ;
#3146 = EDGE_CURVE ( 'NONE', #2164, #5203, #132, .T. ) ;
#3147 =( NAMED_UNIT ( * ) PLANE_ANGLE_UNIT ( ) SI_UNIT ( $, .RADIAN. ) );
#3148 = DIRECTION ( 'NONE',  ( 0.000000000000000000, 1.000000000000000000, 0.000000000000000000 ) ) ;
#3149 =( LENGTH_UNIT ( ) NAMED_UNIT ( * ) SI_UNIT ( .MILLI., .METRE. ) );
#3150 = CARTESIAN_POINT ( 'NONE',  ( -0.2500000000000000000, -0.05416666666669783803, 0.8277645427156451463 ) ) ;
#3151 = CIRCLE ( 'NONE', #2910, 0.07999999999999998779 ) ;
#3152 = ORIENTED_EDGE ( 'NONE', *, *, #4055, .T. ) ;
#3153 =( NAMED_UNIT ( * ) SI_UNIT ( $, .STERADIAN. ) SOLID_ANGLE_UNIT ( ) );
#3154 = DIRECTION ( 'NONE',  ( 0.000000000000000000, 0.000000000000000000, 1.000000000000000000 ) ) ;
#3155 = FILL_AREA_STYLE_COLOUR ( '', #1022 ) ;
#3156 =( NAMED_UNIT ( * ) SI_UNIT ( $, .STERADIAN. ) SOLID_ANGLE_UNIT ( ) );
#3157 = DIRECTION ( 'NONE',  ( 0.000000000000000000, -2.974683716947999386E-16, -1.000000000000000000 ) ) ;
#3158 = AXIS2_PLACEMENT_3D ( 'NONE', #4668, #1449, #4689 ) ;
#3159 = VECTOR ( 'NONE', #2345, 1000.000000000000000 ) ;
#3160 = AXIS2_PLACEMENT_3D ( 'NONE', #2448, #3616, #71 ) ;
#3161 = VECTOR ( 'NONE', #2975, 1000.000000000000114 ) ;
#3162 = ORIENTED_EDGE ( 'NONE', *, *, #1561, .F. ) ;
#3163 = CARTESIAN_POINT ( 'NONE',  ( -1.400647363268796575, -0.1750000000000311307, -0.7999999999999997113 ) ) ;
#3164 = EDGE_CURVE ( 'NONE', #4865, #2100, #1854, .T. ) ;
#3165 =( NAMED_UNIT ( * ) SI_UNIT ( $, .STERADIAN. ) SOLID_ANGLE_UNIT ( ) );
#3166 = DIRECTION ( 'NONE',  ( -1.000000000000000000, -0.000000000000000000, -0.000000000000000000 ) ) ;
#3167 = VECTOR ( 'NONE', #2999, 1000.000000000000000 ) ;
#3168 = ORIENTED_EDGE ( 'NONE', *, *, #3380, .T. ) ;
#3169 = PRESENTATION_LAYER_ASSIGNMENT (  '', '', ( #3260 ) ) ;
#3170 = EDGE_CURVE ( 'NONE', #1056, #4509, #1975, .T. ) ;
#3171 = AXIS2_PLACEMENT_3D ( 'NONE', #4443, #3593, #4009 ) ;
#3172 = FILL_AREA_STYLE_COLOUR ( '', #2285 ) ;
#3173 = ORIENTED_EDGE ( 'NONE', *, *, #2849, .F. ) ;
#3174 = LINE ( 'NONE', #2591, #1543 ) ;
#3175 = ORIENTED_EDGE ( 'NONE', *, *, #1291, .T. ) ;
#3176 = CARTESIAN_POINT ( 'NONE',  ( 0.2500000000000000000, 0.5150000000000000133, -1.153085987590313666 ) ) ;
#3177 = DIRECTION ( 'NONE',  ( -1.495451272393796831E-16, 0.000000000000000000, -1.000000000000000000 ) ) ;
#3178 = FILL_AREA_STYLE ('',( #2324 ) ) ;
#3179 = ORIENTED_EDGE ( 'NONE', *, *, #4108, .F. ) ;
#3180 = PRESENTATION_STYLE_ASSIGNMENT (( #1215 ) ) ;
#3181 = STYLED_ITEM ( 'NONE', ( #3217 ), #4346 ) ;
#3182 = PRESENTATION_STYLE_ASSIGNMENT (( #1429 ) ) ;
#3183 = CARTESIAN_POINT ( 'NONE',  ( -0.6999999999999999556, 0.5265162164611717488, -1.073919222098603354 ) ) ;
#3184 = PLANE ( 'NONE',  #4315 ) ;
#3185 = ORIENTED_EDGE ( 'NONE', *, *, #3275, .F. ) ;
#3186 = EDGE_CURVE ( 'NONE', #272, #5092, #1040, .T. ) ;
#3187 = ORIENTED_EDGE ( 'NONE', *, *, #3186, .F. ) ;
#3188 = FILL_AREA_STYLE ('',( #3857 ) ) ;
#3189 = DIRECTION ( 'NONE',  ( 0.08602294726405147751, 0.9925724684314051194, -0.08602294726405157466 ) ) ;
#3190 = ORIENTED_EDGE ( 'NONE', *, *, #4308, .T. ) ;
#3191 = LINE ( 'NONE', #1111, #4973 ) ;
#3192 = DIRECTION ( 'NONE',  ( 0.000000000000000000, 0.000000000000000000, -1.000000000000000000 ) ) ;
#3193 = FILL_AREA_STYLE ('',( #3530 ) ) ;
#3194 = CARTESIAN_POINT ( 'NONE',  ( 1.200000000000000178, -0.07719909958904112857, -0.9860980736990656581 ) ) ;
#3195 = UNCERTAINTY_MEASURE_WITH_UNIT (LENGTH_MEASURE( 1.000000000000000082E-05 ), #4296, 'distance_accuracy_value', 'NONE');
#3196 = ORIENTED_EDGE ( 'NONE', *, *, #998, .T. ) ;
#3197 =( LENGTH_UNIT ( ) NAMED_UNIT ( * ) SI_UNIT ( .MILLI., .METRE. ) );
#3198 = AXIS2_PLACEMENT_3D ( 'NONE', #1346, #5039, #4205 ) ;
#3199 = DIRECTION ( 'NONE',  ( 0.000000000000000000, 1.000000000000000000, -2.974683716947999386E-16 ) ) ;
#3200 = EDGE_LOOP ( 'NONE', ( #4891, #2312, #774, #598 ) ) ;
#3201 = LINE ( 'NONE', #3310, #823 ) ;
#3202 = MECHANICAL_DESIGN_GEOMETRIC_PRESENTATION_REPRESENTATION (  '', ( #711 ), #955 ) ;
#3203 = PRESENTATION_STYLE_ASSIGNMENT (( #388 ) ) ;
#3204 = FILL_AREA_STYLE ('',( #3155 ) ) ;
#3205 = FILL_AREA_STYLE ('',( #3971 ) ) ;
#3206 = CARTESIAN_POINT ( 'NONE',  ( 1.200000000000000178, -0.06568288312786950411, -0.9069313082073551247 ) ) ;
#3207 = VECTOR ( 'NONE', #1973, 1000.000000000000000 ) ;
#3208 = LINE ( 'NONE', #738, #1580 ) ;
#3209 = DIRECTION ( 'NONE',  ( -1.000000000000000000, -0.000000000000000000, -0.000000000000000000 ) ) ;
#3210 = EDGE_CURVE ( 'NONE', #3484, #3536, #779, .T. ) ;
#3211 = SURFACE_SIDE_STYLE ('',( #1780 ) ) ;
#3212 = CIRCLE ( 'NONE', #656, 0.08000000000000020983 ) ;
#3213 = SURFACE_SIDE_STYLE ('',( #4080 ) ) ;
#3214 = FACE_OUTER_BOUND ( 'NONE', #1124, .T. ) ;
#3215 = LINE ( 'NONE', #4316, #3889 ) ;
#3216 = FILL_AREA_STYLE ('',( #4429 ) ) ;
#3217 = PRESENTATION_STYLE_ASSIGNMENT (( #253 ) ) ;
#3218 = VERTEX_POINT ( 'NONE', #915 ) ;
#3219 = CARTESIAN_POINT ( 'NONE',  ( 1.200000000000000178, 0.6750000000000000444, -1.153085987590313444 ) ) ;
#3220 = FACE_OUTER_BOUND ( 'NONE', #1692, .T. ) ;
#3221 = DIRECTION ( 'NONE',  ( 1.000000000000000000, 0.000000000000000000, 0.000000000000000000 ) ) ;
#3222 = CARTESIAN_POINT ( 'NONE',  ( -0.6999999999999999556, -0.07719909958904112857, 0.9860980736990661022 ) ) ;
#3223 = CARTESIAN_POINT ( 'NONE',  ( 1.200000000000000178, -0.2141666666666977581, 0.6455263157894750581 ) ) ;
#3224 = ORIENTED_EDGE ( 'NONE', *, *, #640, .T. ) ;
#3225 = MECHANICAL_DESIGN_GEOMETRIC_PRESENTATION_REPRESENTATION (  '', ( #2972 ), #3486 ) ;
#3226 = AXIS2_PLACEMENT_3D ( 'NONE', #3077, #285, #1482 ) ;
#3227 = UNCERTAINTY_MEASURE_WITH_UNIT (LENGTH_MEASURE( 1.000000000000000082E-05 ), #2266, 'distance_accuracy_value', 'NONE');
#3228 = VECTOR ( 'NONE', #882, 1000.000000000000114 ) ;
#3229 = ORIENTED_EDGE ( 'NONE', *, *, #3322, .T. ) ;
#3230 = VERTEX_POINT ( 'NONE', #4571 ) ;
#3231 = FILL_AREA_STYLE ('',( #4406 ) ) ;
#3232 = EDGE_CURVE ( 'NONE', #1491, #3728, #708, .T. ) ;
#3233 = CARTESIAN_POINT ( 'NONE',  ( 0.2500000000000000000, -0.2141666666666978136, 0.7936354166666604870 ) ) ;
#3234 = CARTESIAN_POINT ( 'NONE',  ( 0.2500000000000000000, 0.6750000000000000444, -1.153085987590313666 ) ) ;
#3235 = COLOUR_RGB ( '',1.000000000000000000, 1.000000000000000000, 1.000000000000000000 ) ;
#3236 = LINE ( 'NONE', #3116, #4171 ) ;
#3237 = ORIENTED_EDGE ( 'NONE', *, *, #4977, .F. ) ;
#3238 = COLOUR_RGB ( '',0.2509803921568627416, 0.2509803921568627416, 0.2509803921568627416 ) ;
#3239 = ORIENTED_EDGE ( 'NONE', *, *, #725, .T. ) ;
#3240 = EDGE_CURVE ( 'NONE', #4492, #4945, #4934, .T. ) ;
#3241 = PRESENTATION_LAYER_ASSIGNMENT (  '', '', ( #3598 ) ) ;
#3242 = EDGE_LOOP ( 'NONE', ( #1318, #5134, #1480 ) ) ;
#3243 = CARTESIAN_POINT ( 'NONE',  ( 1.200000000000000178, -0.05416666666669783803, -0.8277645427156450353 ) ) ;
#3244 = CIRCLE ( 'NONE', #364, 0.1600000000000000866 ) ;
#3245 = VERTEX_POINT ( 'NONE', #496 ) ;
#3246 = SPHERICAL_SURFACE ( 'NONE', #4274, 0.05000000000000000278 ) ;
#3247 = PRESENTATION_LAYER_ASSIGNMENT (  '', '', ( #374 ) ) ;
#3248 =( LENGTH_UNIT ( ) NAMED_UNIT ( * ) SI_UNIT ( .MILLI., .METRE. ) );
#3249 = FILL_AREA_STYLE_COLOUR ( '', #4595 ) ;
#3250 = ORIENTED_EDGE ( 'NONE', *, *, #1284, .F. ) ;
#3251 = VERTEX_POINT ( 'NONE', #1333 ) ;
#3252 = SURFACE_SIDE_STYLE ('',( #3036 ) ) ;
#3253 = UNCERTAINTY_MEASURE_WITH_UNIT (LENGTH_MEASURE( 1.000000000000000082E-05 ), #4084, 'distance_accuracy_value', 'NONE');
#3254 = AXIS2_PLACEMENT_3D ( 'NONE', #1949, #3137, #365 ) ;
#3255 = CARTESIAN_POINT ( 'NONE',  ( -0.2500000000000000000, -0.1749999999999915512, -0.7999999999999999334 ) ) ;
#3256 = ORIENTED_EDGE ( 'NONE', *, *, #1291, .F. ) ;
#3257 = PRESENTATION_STYLE_ASSIGNMENT (( #4401 ) ) ;
#3258 = CARTESIAN_POINT ( 'NONE',  ( -0.6999999999999999556, 0.6750000000000000444, 1.400000000000000133 ) ) ;
#3259 = DIRECTION ( 'NONE',  ( 0.000000000000000000, 1.487341858474000679E-16, -1.000000000000000000 ) ) ;
#3260 = STYLED_ITEM ( 'NONE', ( #1383 ), #2656 ) ;
#3261 = EDGE_CURVE ( 'NONE', #3245, #4293, #5122, .T. ) ;
#3262 = STYLED_ITEM ( 'NONE', ( #126 ), #5005 ) ;
#3263 = VECTOR ( 'NONE', #4423, 1000.000000000000114 ) ;
#3264 = CARTESIAN_POINT ( 'NONE',  ( -1.449826394517560457, -0.1760646121896962402, 0.7795364633312040770 ) ) ;
#3265 =( NAMED_UNIT ( * ) SI_UNIT ( $, .STERADIAN. ) SOLID_ANGLE_UNIT ( ) );
#3266 = PRESENTATION_STYLE_ASSIGNMENT (( #2090 ) ) ;
#3267 = COLOUR_RGB ( '',1.000000000000000000, 1.000000000000000000, 1.000000000000000000 ) ;
#3268 = DIRECTION ( 'NONE',  ( 0.000000000000000000, 0.000000000000000000, 1.000000000000000000 ) ) ;
#3269 = DIRECTION ( 'NONE',  ( 0.000000000000000000, 0.000000000000000000, 1.000000000000000000 ) ) ;
#3270 =( LENGTH_UNIT ( ) NAMED_UNIT ( * ) SI_UNIT ( .MILLI., .METRE. ) );
#3271 = COLOUR_RGB ( '',0.2509803921568627416, 0.2509803921568627416, 0.2509803921568627416 ) ;
#3272 = CARTESIAN_POINT ( 'NONE',  ( -0.6999999999999999556, -0.2141666666666979801, -0.8277645427156452573 ) ) ;
#3273 = SURFACE_STYLE_FILL_AREA ( #3824 ) ;
#3274 = ORIENTED_EDGE ( 'NONE', *, *, #197, .T. ) ;
#3275 = EDGE_CURVE ( 'NONE', #1969, #792, #5194, .T. ) ;
#3276 = DIRECTION ( 'NONE',  ( 0.000000000000000000, -0.9962654691824661679, 0.08634300732914350351 ) ) ;
#3277 = FACE_OUTER_BOUND ( 'NONE', #533, .T. ) ;
#3278 = LINE ( 'NONE', #4261, #4803 ) ;
#3279 = ORIENTED_EDGE ( 'NONE', *, *, #2813, .T. ) ;
#3280 =( LENGTH_UNIT ( ) NAMED_UNIT ( * ) SI_UNIT ( .MILLI., .METRE. ) );
#3281 = STYLED_ITEM ( 'NONE', ( #3014 ), #3001 ) ;
#3282 = CIRCLE ( 'NONE', #426, 0.1600000000000001976 ) ;
#3283 = CARTESIAN_POINT ( 'NONE',  ( -0.2500000000000000000, 0.5265162164611717488, -1.073919222098603132 ) ) ;
#3284 = ORIENTED_EDGE ( 'NONE', *, *, #2861, .T. ) ;
#3285 = COLOUR_RGB ( '',0.2509803921568627416, 0.2509803921568627416, 0.2509803921568627416 ) ;
#3286 = DIRECTION ( 'NONE',  ( 1.000000000000000000, 0.000000000000000000, 0.000000000000000000 ) ) ;
#3287 = UNCERTAINTY_MEASURE_WITH_UNIT (LENGTH_MEASURE( 1.000000000000000082E-05 ), #180, 'distance_accuracy_value', 'NONE');
#3288 =( LENGTH_UNIT ( ) NAMED_UNIT ( * ) SI_UNIT ( .MILLI., .METRE. ) );
#3289 = ORIENTED_EDGE ( 'NONE', *, *, #3240, .T. ) ;
#3290 = LINE ( 'NONE', #1819, #1732 ) ;
#3291 = ORIENTED_EDGE ( 'NONE', *, *, #3146, .F. ) ;
#3292 = LINE ( 'NONE', #4567, #2557 ) ;
#3293 = STYLED_ITEM ( 'NONE', ( #3992 ), #530 ) ;
#3294 = DIRECTION ( 'NONE',  ( 0.000000000000000000, 0.000000000000000000, -1.000000000000000000 ) ) ;
#3295 = VERTEX_POINT ( 'NONE', #1320 ) ;
#3296 = FACE_OUTER_BOUND ( 'NONE', #1825, .T. ) ;
#3297 = ORIENTED_EDGE ( 'NONE', *, *, #5023, .F. ) ;
#3298 = CARTESIAN_POINT ( 'NONE',  ( -1.449826394517560901, -0.1760646121896917715, -0.7795364633312039659 ) ) ;
#3299 = EDGE_CURVE ( 'NONE', #3739, #2319, #3836, .T. ) ;
#3300 = PRESENTATION_LAYER_ASSIGNMENT (  '', '', ( #2066 ) ) ;
#3301 =( LENGTH_UNIT ( ) NAMED_UNIT ( * ) SI_UNIT ( .MILLI., .METRE. ) );
#3302 = VERTEX_POINT ( 'NONE', #3359 ) ;
#3303 = EDGE_CURVE ( 'NONE', #4312, #228, #1784, .T. ) ;
#3304 = CARTESIAN_POINT ( 'NONE',  ( 0.6999999999999999556, 0.6750000000000000444, -1.399999999999999689 ) ) ;
#3305 = ORIENTED_EDGE ( 'NONE', *, *, #1259, .T. ) ;
#3306 = VECTOR ( 'NONE', #1512, 1000.000000000000000 ) ;
#3307 = CARTESIAN_POINT ( 'NONE',  ( 0.6999999999999999556, -0.07719909958904112857, 0.9860980736990656581 ) ) ;
#3308 = ORIENTED_EDGE ( 'NONE', *, *, #4097, .F. ) ;
#3309 = SURFACE_STYLE_FILL_AREA ( #1252 ) ;
#3310 = CARTESIAN_POINT ( 'NONE',  ( -0.2500000000000000000, 0.5950000000000000844, -1.399999999999999911 ) ) ;
#3311 = PLANE ( 'NONE',  #2311 ) ;
#3312 = UNCERTAINTY_MEASURE_WITH_UNIT (LENGTH_MEASURE( 1.000000000000000082E-05 ), #3569, 'distance_accuracy_value', 'NONE');
#3313 = CARTESIAN_POINT ( 'NONE',  ( -0.6999999999999999556, -0.1341666666666978813, -0.6455263157894752801 ) ) ;
#3314 = EDGE_LOOP ( 'NONE', ( #1680, #2715, #3977, #4045, #2055, #1044, #1281, #3297, #1864, #1568, #1113, #5201, #4431 ) ) ;
#3315 = VECTOR ( 'NONE', #935, 1000.000000000000000 ) ;
#3316 = AXIS2_PLACEMENT_3D ( 'NONE', #5115, #294, #1925 ) ;
#3317 = MECHANICAL_DESIGN_GEOMETRIC_PRESENTATION_REPRESENTATION (  '', ( #2734 ), #4332 ) ;
#3318 = DIRECTION ( 'NONE',  ( 0.000000000000000000, 0.000000000000000000, 1.000000000000000000 ) ) ;
#3319 = CIRCLE ( 'NONE', #607, 0.1600000000000001976 ) ;
#3320 =( NAMED_UNIT ( * ) PLANE_ANGLE_UNIT ( ) SI_UNIT ( $, .RADIAN. ) );
#3321 = DIRECTION ( 'NONE',  ( -1.000000000000000000, -0.000000000000000000, -0.000000000000000000 ) ) ;
#3322 = EDGE_CURVE ( 'NONE', #3895, #3932, #3763, .T. ) ;
#3323 = CARTESIAN_POINT ( 'NONE',  ( 1.379929654226053071, 0.6335039896993893693, 0.6801163807669300398 ) ) ;
#3324 = SURFACE_STYLE_FILL_AREA ( #1871 ) ;
#3325 = CARTESIAN_POINT ( 'NONE',  ( -0.6999999999999999556, 0.5950000000000000844, 1.400000000000000133 ) ) ;
#3326 = EDGE_CURVE ( 'NONE', #3932, #904, #13, .T. ) ;
#3327 =( GEOMETRIC_REPRESENTATION_CONTEXT ( 3 ) GLOBAL_UNCERTAINTY_ASSIGNED_CONTEXT ( ( #3793 ) ) GLOBAL_UNIT_ASSIGNED_CONTEXT ( ( #1327, #3343, #973 ) ) REPRESENTATION_CONTEXT ( 'NONE', 'WORKASPACE' ) );
#3328 = COLOUR_RGB ( '',0.2509803921568627416, 0.2509803921568627416, 0.2509803921568627416 ) ;
#3329 = COLOUR_RGB ( '',1.000000000000000000, 1.000000000000000000, 1.000000000000000000 ) ;
#3330 = COLOUR_RGB ( '',1.000000000000000000, 1.000000000000000000, 1.000000000000000000 ) ;
#3331 = CARTESIAN_POINT ( 'NONE',  ( -0.2500000000000000000, -0.05416666666669783803, -0.8277645427156451463 ) ) ;
#3332 = CARTESIAN_POINT ( 'NONE',  ( 0.6999999999999999556, 0.5950000000000001954, 1.153085987590313444 ) ) ;
#3333 = CARTESIAN_POINT ( 'NONE',  ( -1.200000000000000178, 0.5950000000000001954, 1.153085987590313888 ) ) ;
#3334 = LINE ( 'NONE', #1517, #778 ) ;
#3335 = MECHANICAL_DESIGN_GEOMETRIC_PRESENTATION_REPRESENTATION (  '', ( #374 ), #2276 ) ;
#3336 = CARTESIAN_POINT ( 'NONE',  ( -1.449999999999999956, -0.1750000000000311307, -0.7999999999999997113 ) ) ;
#3337 = ORIENTED_EDGE ( 'NONE', *, *, #1264, .F. ) ;
#3338 =( NAMED_UNIT ( * ) PLANE_ANGLE_UNIT ( ) SI_UNIT ( $, .RADIAN. ) );
#3339 = SURFACE_STYLE_USAGE ( .BOTH. , #8 ) ;
#3340 = DIRECTION ( 'NONE',  ( 0.000000000000000000, 0.9895845686463778934, -0.1439527057646445007 ) ) ;
#3341 = ADVANCED_FACE ( 'NONE', ( #1220 ), #4729, .T. ) ;
#3342 = ORIENTED_EDGE ( 'NONE', *, *, #1728, .F. ) ;
#3343 =( NAMED_UNIT ( * ) PLANE_ANGLE_UNIT ( ) SI_UNIT ( $, .RADIAN. ) );
#3344 = CARTESIAN_POINT ( 'NONE',  ( 0.6999999999999999556, -0.07719909958904112857, -0.9860980736990656581 ) ) ;
#3345 = UNCERTAINTY_MEASURE_WITH_UNIT (LENGTH_MEASURE( 1.000000000000000082E-05 ), #2062, 'distance_accuracy_value', 'NONE');
#3346 = ORIENTED_EDGE ( 'NONE', *, *, #5173, .F. ) ;
#3347 = VECTOR ( 'NONE', #1385, 1000.000000000000000 ) ;
#3348 = ORIENTED_EDGE ( 'NONE', *, *, #4335, .T. ) ;
#3349 = STYLED_ITEM ( 'NONE', ( #31 ), #716 ) ;
#3350 = MECHANICAL_DESIGN_GEOMETRIC_PRESENTATION_REPRESENTATION (  '', ( #3095 ), #4265 ) ;
#3351 = SURFACE_STYLE_FILL_AREA ( #4938 ) ;
#3352 = FILL_AREA_STYLE ('',( #1368 ) ) ;
#3353 = PRESENTATION_STYLE_ASSIGNMENT (( #1845 ) ) ;
#3354 =( NAMED_UNIT ( * ) PLANE_ANGLE_UNIT ( ) SI_UNIT ( $, .RADIAN. ) );
#3355 = EDGE_LOOP ( 'NONE', ( #1447, #5208, #2641, #524 ) ) ;
#3356 = ORIENTED_EDGE ( 'NONE', *, *, #486, .F. ) ;
#3357 = DIRECTION ( 'NONE',  ( 1.000000000000000000, 0.000000000000000000, 0.000000000000000000 ) ) ;
#3358 = COLOUR_RGB ( '',1.000000000000000000, 1.000000000000000000, 1.000000000000000000 ) ;
#3359 = CARTESIAN_POINT ( 'NONE',  ( 0.2500000000000000000, -0.06568288312786950411, -0.9069313082073552357 ) ) ;
#3360 = PLANE ( 'NONE',  #5066 ) ;
#3361 = DIRECTION ( 'NONE',  ( 0.000000000000000000, 0.000000000000000000, -1.000000000000000000 ) ) ;
#3362 = CARTESIAN_POINT ( 'NONE',  ( 1.200000000000000178, -0.07719909958904112857, -0.9860980736990656581 ) ) ;
#3363 = ORIENTED_EDGE ( 'NONE', *, *, #4946, .T. ) ;
#3364 =( GEOMETRIC_REPRESENTATION_CONTEXT ( 3 ) GLOBAL_UNCERTAINTY_ASSIGNED_CONTEXT ( ( #1716 ) ) GLOBAL_UNIT_ASSIGNED_CONTEXT ( ( #3666, #4484, #4104 ) ) REPRESENTATION_CONTEXT ( 'NONE', 'WORKASPACE' ) );
#3365 = LINE ( 'NONE', #737, #4701 ) ;
#3366 = EDGE_CURVE ( 'NONE', #4026, #996, #1718, .T. ) ;
#3367 = MECHANICAL_DESIGN_GEOMETRIC_PRESENTATION_REPRESENTATION (  '', ( #1467 ), #2578 ) ;
#3368 = DIRECTION ( 'NONE',  ( -1.000000000000000000, 0.000000000000000000, -2.168404344971012812E-15 ) ) ;
#3369 = VERTEX_POINT ( 'NONE', #5168 ) ;
#3370 = CARTESIAN_POINT ( 'NONE',  ( 1.325306414920533804, 0.6890035956193449884, 0.7251196883796572346 ) ) ;
#3371 = VERTEX_POINT ( 'NONE', #326 ) ;
#3372 = LINE ( 'NONE', #3880, #2254 ) ;
#3373 = AXIS2_PLACEMENT_3D ( 'NONE', #538, #111, #1351 ) ;
#3374 = CARTESIAN_POINT ( 'NONE',  ( 1.384999999999999565, -0.5749999999999999556, -0.6924691452051198182 ) ) ;
#3375 =( NAMED_UNIT ( * ) PLANE_ANGLE_UNIT ( ) SI_UNIT ( $, .RADIAN. ) );
#3376 = ADVANCED_FACE ( 'NONE', ( #2985 ), #1410, .F. ) ;
#3377 = CARTESIAN_POINT ( 'NONE',  ( 1.400186726540876503, -0.1750000000000311307, -0.8000000000000001554 ) ) ;
#3378 = EDGE_LOOP ( 'NONE', ( #2369, #2869, #4693, #3871 ) ) ;
#3379 = CARTESIAN_POINT ( 'NONE',  ( 0.2500000000000000000, -0.2141666666666979801, 0.8277645427156451463 ) ) ;
#3380 = EDGE_CURVE ( 'NONE', #272, #1731, #1859, .T. ) ;
#3381 = SURFACE_SIDE_STYLE ('',( #5074 ) ) ;
#3382 = ORIENTED_EDGE ( 'NONE', *, *, #436, .F. ) ;
#3383 = VECTOR ( 'NONE', #4504, 1000.000000000000114 ) ;
#3384 = DIRECTION ( 'NONE',  ( -0.000000000000000000, 4.391011113158564976E-16, -1.000000000000000000 ) ) ;
#3385 = CARTESIAN_POINT ( 'NONE',  ( 1.200000000000000178, -0.2141666666666977581, 0.6455263157894750581 ) ) ;
#3386 =( GEOMETRIC_REPRESENTATION_CONTEXT ( 3 ) GLOBAL_UNCERTAINTY_ASSIGNED_CONTEXT ( ( #1558 ) ) GLOBAL_UNIT_ASSIGNED_CONTEXT ( ( #1937, #2412, #2823 ) ) REPRESENTATION_CONTEXT ( 'NONE', 'WORKASPACE' ) );
#3387 = PRESENTATION_STYLE_ASSIGNMENT (( #1683 ) ) ;
#3388 =( LENGTH_UNIT ( ) NAMED_UNIT ( * ) SI_UNIT ( .MILLI., .METRE. ) );
#3389 = FILL_AREA_STYLE_COLOUR ( '', #1736 ) ;
#3390 = MECHANICAL_DESIGN_GEOMETRIC_PRESENTATION_REPRESENTATION (  '', ( #603 ), #4203 ) ;
#3391 = COLOUR_RGB ( '',1.000000000000000000, 1.000000000000000000, 1.000000000000000000 ) ;
#3392 = AXIS2_PLACEMENT_3D ( 'NONE', #1315, #1329, #946 ) ;
#3393 = FACE_OUTER_BOUND ( 'NONE', #346, .T. ) ;
#3394 = CARTESIAN_POINT ( 'NONE',  ( 0.2500000000000000000, -0.07719909958904112857, 0.9860980736990658801 ) ) ;
#3395 = SURFACE_SIDE_STYLE ('',( #1179 ) ) ;
#3396 = DIRECTION ( 'NONE',  ( 0.000000000000000000, -0.9962654691824661679, 0.08634300732914350351 ) ) ;
#3397 = PRESENTATION_STYLE_ASSIGNMENT (( #4525 ) ) ;
#3398 =( NAMED_UNIT ( * ) SI_UNIT ( $, .STERADIAN. ) SOLID_ANGLE_UNIT ( ) );
#3399 = AXIS2_PLACEMENT_3D ( 'NONE', #2381, #2732, #3157 ) ;
#3400 = CIRCLE ( 'NONE', #4971, 0.04999999999999999584 ) ;
#3401 = CYLINDRICAL_SURFACE ( 'NONE', #5031, 0.1599999999999999756 ) ;
#3402 = ADVANCED_FACE ( 'NONE', ( #2797 ), #318, .T. ) ;
#3403 = CARTESIAN_POINT ( 'NONE',  ( 1.200000000000000178, 0.5950000000000001954, 1.153085987590313444 ) ) ;
#3404 = FILL_AREA_STYLE_COLOUR ( '', #1880 ) ;
#3405 = EDGE_CURVE ( 'NONE', #1847, #95, #2607, .T. ) ;
#3406 = AXIS2_PLACEMENT_3D ( 'NONE', #1288, #1255, #4457 ) ;
#3407 = VERTEX_POINT ( 'NONE', #5206 ) ;
#3408 = FILL_AREA_STYLE_COLOUR ( '', #1423 ) ;
#3409 = CARTESIAN_POINT ( 'NONE',  ( 0.2500000000000000000, 0.5950000000000000844, 1.399999999999999911 ) ) ;
#3410 = VERTEX_POINT ( 'NONE', #3956 ) ;
#3411 = EDGE_CURVE ( 'NONE', #2316, #3777, #251, .T. ) ;
#3412 = COLOUR_RGB ( '',1.000000000000000000, 1.000000000000000000, 1.000000000000000000 ) ;
#3413 = ORIENTED_EDGE ( 'NONE', *, *, #1191, .T. ) ;
#3414 =( NAMED_UNIT ( * ) SI_UNIT ( $, .STERADIAN. ) SOLID_ANGLE_UNIT ( ) );
#3415 = UNCERTAINTY_MEASURE_WITH_UNIT (LENGTH_MEASURE( 1.000000000000000082E-05 ), #4654, 'distance_accuracy_value', 'NONE');
#3416 = PRESENTATION_STYLE_ASSIGNMENT (( #2763 ) ) ;
#3417 = SURFACE_STYLE_FILL_AREA ( #3925 ) ;
#3418 = CARTESIAN_POINT ( 'NONE',  ( -1.200000000000000178, 0.5265162164611717488, -1.073919222098603354 ) ) ;
#3419 = CARTESIAN_POINT ( 'NONE',  ( 0.2500000000000000000, 0.5749999999999999556, -0.7349999999999999867 ) ) ;
#3420 = VERTEX_POINT ( 'NONE', #1942 ) ;
#3421 = LINE ( 'NONE', #3703, #4686 ) ;
#3422 = FILL_AREA_STYLE ('',( #3404 ) ) ;
#3423 = EDGE_LOOP ( 'NONE', ( #713, #3937, #2571, #4899 ) ) ;
#3424 = VECTOR ( 'NONE', #262, 1000.000000000000000 ) ;
#3425 = AXIS2_PLACEMENT_3D ( 'NONE', #2524, #4412, #2424 ) ;
#3426 = EDGE_LOOP ( 'NONE', ( #5064, #4124, #2998, #3863 ) ) ;
#3427 = CARTESIAN_POINT ( 'NONE',  ( 0.2500000000000000000, -0.2141666666666977581, 0.6455263157894751691 ) ) ;
#3428 =( NAMED_UNIT ( * ) SI_UNIT ( $, .STERADIAN. ) SOLID_ANGLE_UNIT ( ) );
#3429 = ADVANCED_FACE ( 'NONE', ( #4927 ), #3184, .F. ) ;
#3430 = EDGE_CURVE ( 'NONE', #4562, #2319, #2348, .T. ) ;
#3431 = ORIENTED_EDGE ( 'NONE', *, *, #1627, .F. ) ;
#3432 = CARTESIAN_POINT ( 'NONE',  ( -0.2500000000000000000, 0.5950000000000000844, 1.399999999999999911 ) ) ;
#3433 = ORIENTED_EDGE ( 'NONE', *, *, #4407, .F. ) ;
#3434 = EDGE_CURVE ( 'NONE', #870, #3003, #2217, .T. ) ;
#3435 = AXIS2_PLACEMENT_3D ( 'NONE', #4359, #3538, #4252 ) ;
#3436 = DIRECTION ( 'NONE',  ( -1.000000000000000000, -0.000000000000000000, -0.000000000000000000 ) ) ;
#3437 = CARTESIAN_POINT ( 'NONE',  ( -1.200000000000000178, -0.06568288312786951799, -0.9069313082073553467 ) ) ;
#3438 = SURFACE_STYLE_USAGE ( .BOTH. , #4657 ) ;
#3439 = ORIENTED_EDGE ( 'NONE', *, *, #5090, .T. ) ;
#3440 = CIRCLE ( 'NONE', #855, 0.1599999999999999756 ) ;
#3441 = SURFACE_STYLE_USAGE ( .BOTH. , #3958 ) ;
#3442 = ORIENTED_EDGE ( 'NONE', *, *, #3118, .F. ) ;
#3443 = CARTESIAN_POINT ( 'NONE',  ( 0.2500000000000000000, 0.5950000000000001954, -1.153085987590313666 ) ) ;
#3444 = VERTEX_POINT ( 'NONE', #1691 ) ;
#3445 = EDGE_CURVE ( 'NONE', #5045, #4565, #1273, .T. ) ;
#3446 = CARTESIAN_POINT ( 'NONE',  ( 1.200000000000000178, 0.6750000000000000444, -1.153085987590313444 ) ) ;
#3447 = UNCERTAINTY_MEASURE_WITH_UNIT (LENGTH_MEASURE( 1.000000000000000082E-05 ), #4088, 'distance_accuracy_value', 'NONE');
#3448 = ADVANCED_FACE ( 'NONE', ( #4410 ), #81, .F. ) ;
#3449 = PLANE ( 'NONE',  #3016 ) ;
#3450 = CYLINDRICAL_SURFACE ( 'NONE', #5044, 0.04999999999999991257 ) ;
#3451 = FACE_OUTER_BOUND ( 'NONE', #2378, .T. ) ;
#3452 = DIRECTION ( 'NONE',  ( -0.000000000000000000, -0.9870527346239434952, -0.1603960693763874512 ) ) ;
#3453 =( NAMED_UNIT ( * ) SI_UNIT ( $, .STERADIAN. ) SOLID_ANGLE_UNIT ( ) );
#3454 = VECTOR ( 'NONE', #2685, 1000.000000000000000 ) ;
#3455 = DIRECTION ( 'NONE',  ( 0.000000000000000000, 0.000000000000000000, -1.000000000000000000 ) ) ;
#3456 = SURFACE_STYLE_USAGE ( .BOTH. , #1476 ) ;
#3457 = ORIENTED_EDGE ( 'NONE', *, *, #4512, .F. ) ;
#3458 = AXIS2_PLACEMENT_3D ( 'NONE', #1258, #4547, #2894 ) ;
#3459 = PRESENTATION_STYLE_ASSIGNMENT (( #2061 ) ) ;
#3460 =( NAMED_UNIT ( * ) PLANE_ANGLE_UNIT ( ) SI_UNIT ( $, .RADIAN. ) );
#3461 = PRESENTATION_LAYER_ASSIGNMENT (  '', '', ( #4930 ) ) ;
#3462 = LINE ( 'NONE', #2695, #72 ) ;
#3463 = VERTEX_POINT ( 'NONE', #3233 ) ;
#3464 = SURFACE_SIDE_STYLE ('',( #1332 ) ) ;
#3465 = DIRECTION ( 'NONE',  ( 0.000000000000000000, -0.08634300732914253207, 0.9962654691824661679 ) ) ;
#3466 = PLANE ( 'NONE',  #1800 ) ;
#3467 = STYLED_ITEM ( 'NONE', ( #4039 ), #4160 ) ;
#3468 = EDGE_LOOP ( 'NONE', ( #1065, #3065, #2954, #620 ) ) ;
#3469 =( NAMED_UNIT ( * ) SI_UNIT ( $, .STERADIAN. ) SOLID_ANGLE_UNIT ( ) );
#3470 = CARTESIAN_POINT ( 'NONE',  ( -0.6999999999999999556, 0.5265162164611717488, 1.073919222098603354 ) ) ;
#3471 = ADVANCED_FACE ( 'NONE', ( #1848 ), #2342, .F. ) ;
#3472 = VERTEX_POINT ( 'NONE', #4474 ) ;
#3473 = EDGE_CURVE ( 'NONE', #4373, #3595, #312, .T. ) ;
#3474 = PRESENTATION_STYLE_ASSIGNMENT (( #4155 ) ) ;
#3475 = ORIENTED_EDGE ( 'NONE', *, *, #1601, .T. ) ;
#3476 = UNCERTAINTY_MEASURE_WITH_UNIT (LENGTH_MEASURE( 1.000000000000000082E-05 ), #2941, 'distance_accuracy_value', 'NONE');
#3477 = VECTOR ( 'NONE', #2817, 1000.000000000000000 ) ;
#3478 = DIRECTION ( 'NONE',  ( -1.000000000000000000, -0.000000000000000000, 0.000000000000000000 ) ) ;
#3479 = ORIENTED_EDGE ( 'NONE', *, *, #4335, .F. ) ;
#3480 = ORIENTED_EDGE ( 'NONE', *, *, #3366, .F. ) ;
#3481 = FILL_AREA_STYLE ('',( #3868 ) ) ;
#3482 = CARTESIAN_POINT ( 'NONE',  ( -1.191068782023290238E-16, -0.1341666666666978813, -0.7964611111111112862 ) ) ;
#3483 = CARTESIAN_POINT ( 'NONE',  ( 1.200000000000000178, 0.6750000000000000444, 1.153085987590313444 ) ) ;
#3484 = VERTEX_POINT ( 'NONE', #854 ) ;
#3485 = FACE_OUTER_BOUND ( 'NONE', #1483, .T. ) ;
#3486 =( GEOMETRIC_REPRESENTATION_CONTEXT ( 3 ) GLOBAL_UNCERTAINTY_ASSIGNED_CONTEXT ( ( #3447 ) ) GLOBAL_UNIT_ASSIGNED_CONTEXT ( ( #4088, #4110, #4070 ) ) REPRESENTATION_CONTEXT ( 'NONE', 'WORKASPACE' ) );
#3487 = CYLINDRICAL_SURFACE ( 'NONE', #4718, 0.04999999999999991257 ) ;
#3488 = VERTEX_POINT ( 'NONE', #431 ) ;
#3489 = STYLED_ITEM ( 'NONE', ( #1393 ), #2305 ) ;
#3490 = LINE ( 'NONE', #2497, #2057 ) ;
#3491 = DIRECTION ( 'NONE',  ( -1.000000000000000000, 0.000000000000000000, -0.000000000000000000 ) ) ;
#3492 = EDGE_CURVE ( 'NONE', #3728, #470, #960, .T. ) ;
#3493 = EDGE_LOOP ( 'NONE', ( #2771, #2548, #1948, #1927 ) ) ;
#3494 = VECTOR ( 'NONE', #2716, 1000.000000000000000 ) ;
#3495 =( NAMED_UNIT ( * ) SI_UNIT ( $, .STERADIAN. ) SOLID_ANGLE_UNIT ( ) );
#3496 = EDGE_CURVE ( 'NONE', #474, #3105, #5119, .T. ) ;
#3497 = EDGE_LOOP ( 'NONE', ( #4513, #4426, #624, #4102 ) ) ;
#3498 = FACE_OUTER_BOUND ( 'NONE', #1529, .T. ) ;
#3499 = STYLED_ITEM ( 'NONE', ( #3459 ), #3471 ) ;
#3500 = ADVANCED_FACE ( 'NONE', ( #2853 ), #2456, .F. ) ;
#3501 = SURFACE_SIDE_STYLE ('',( #3817 ) ) ;
#3502 = EDGE_LOOP ( 'NONE', ( #4129, #2292, #446, #1428 ) ) ;
#3503 =( GEOMETRIC_REPRESENTATION_CONTEXT ( 3 ) GLOBAL_UNCERTAINTY_ASSIGNED_CONTEXT ( ( #1017 ) ) GLOBAL_UNIT_ASSIGNED_CONTEXT ( ( #2580, #2180, #147 ) ) REPRESENTATION_CONTEXT ( 'NONE', 'WORKASPACE' ) );
#3504 = DIRECTION ( 'NONE',  ( -1.000000000000000000, -0.000000000000000000, 0.000000000000000000 ) ) ;
#3505 = PRESENTATION_STYLE_ASSIGNMENT (( #4371 ) ) ;
#3506 = CARTESIAN_POINT ( 'NONE',  ( -0.6999999999999999556, -0.1341666666666978813, -0.7964611111111111752 ) ) ;
#3507 = VECTOR ( 'NONE', #3269, 1000.000000000000000 ) ;
#3508 = DIRECTION ( 'NONE',  ( -1.000000000000000000, -0.000000000000000000, -0.000000000000000000 ) ) ;
#3509 = DIRECTION ( 'NONE',  ( 0.000000000000000000, 1.000000000000000000, 0.000000000000000000 ) ) ;
#3510 = CARTESIAN_POINT ( 'NONE',  ( -1.200000000000000178, -0.2141666666666977581, -0.6455263157894752801 ) ) ;
#3511 = CARTESIAN_POINT ( 'NONE',  ( -1.200000000000000178, -0.1341666666666978536, 0.8277645427156451463 ) ) ;
#3512 = STYLED_ITEM ( 'NONE', ( #4105 ), #693 ) ;
#3513 = FACE_OUTER_BOUND ( 'NONE', #1196, .T. ) ;
#3514 = STYLED_ITEM ( 'NONE', ( #4469 ), #1813 ) ;
#3515 = EDGE_CURVE ( 'NONE', #4903, #1861, #3643, .T. ) ;
#3516 = CARTESIAN_POINT ( 'NONE',  ( -0.6999999999999999556, 0.5150000000000000133, 1.153085987590313888 ) ) ;
#3517 = COLOUR_RGB ( '',1.000000000000000000, 1.000000000000000000, 1.000000000000000000 ) ;
#3518 = SURFACE_SIDE_STYLE ('',( #5217 ) ) ;
#3519 = DIRECTION ( 'NONE',  ( 0.000000000000000000, 0.000000000000000000, -1.000000000000000000 ) ) ;
#3520 = ADVANCED_FACE ( 'NONE', ( #2211 ), #148, .T. ) ;
#3521 = VERTEX_POINT ( 'NONE', #4092 ) ;
#3522 = PRESENTATION_LAYER_ASSIGNMENT (  '', '', ( #3996 ) ) ;
#3523 = VECTOR ( 'NONE', #2283, 1000.000000000000114 ) ;
#3524 = FILL_AREA_STYLE_COLOUR ( '', #3285 ) ;
#3525 = EDGE_CURVE ( 'NONE', #1419, #2387, #1581, .T. ) ;
#3526 = MECHANICAL_DESIGN_GEOMETRIC_PRESENTATION_REPRESENTATION (  '', ( #3262 ), #1767 ) ;
#3527 = ORIENTED_EDGE ( 'NONE', *, *, #1072, .F. ) ;
#3528 =( LENGTH_UNIT ( ) NAMED_UNIT ( * ) SI_UNIT ( .MILLI., .METRE. ) );
#3529 = DIRECTION ( 'NONE',  ( 0.000000000000000000, 0.1439527057646445007, -0.9895845686463778934 ) ) ;
#3530 = FILL_AREA_STYLE_COLOUR ( '', #3674 ) ;
#3531 = ORIENTED_EDGE ( 'NONE', *, *, #143, .F. ) ;
#3532 = PLANE ( 'NONE',  #3926 ) ;
#3533 = PRESENTATION_LAYER_ASSIGNMENT (  '', '', ( #1230 ) ) ;
#3534 = ORIENTED_EDGE ( 'NONE', *, *, #4862, .F. ) ;
#3535 = CIRCLE ( 'NONE', #3021, 0.1599999999999999756 ) ;
#3536 = VERTEX_POINT ( 'NONE', #4510 ) ;
#3537 = DIRECTION ( 'NONE',  ( -1.000000000000000000, -0.000000000000000000, -0.000000000000000000 ) ) ;
#3538 = DIRECTION ( 'NONE',  ( -1.000000000000000000, -0.000000000000000000, 0.000000000000000000 ) ) ;
#3539 =( LENGTH_UNIT ( ) NAMED_UNIT ( * ) SI_UNIT ( .MILLI., .METRE. ) );
#3540 = EDGE_CURVE ( 'NONE', #2489, #149, #3953, .T. ) ;
#3541 = SURFACE_STYLE_FILL_AREA ( #567 ) ;
#3542 = VERTEX_POINT ( 'NONE', #5008 ) ;
#3543 = COLOUR_RGB ( '',1.000000000000000000, 1.000000000000000000, 1.000000000000000000 ) ;
#3544 = CARTESIAN_POINT ( 'NONE',  ( -0.6999999999999999556, -0.1341666666666978536, 0.8277645427156451463 ) ) ;
#3545 = CARTESIAN_POINT ( 'NONE',  ( -1.391821781936316560, -0.5330198034688193864, 0.7350000000000000977 ) ) ;
#3546 = VECTOR ( 'NONE', #2908, 1000.000000000000000 ) ;
#3547 = ORIENTED_EDGE ( 'NONE', *, *, #2624, .T. ) ;
#3548 = LINE ( 'NONE', #4572, #4494 ) ;
#3549 =( GEOMETRIC_REPRESENTATION_CONTEXT ( 3 ) GLOBAL_UNCERTAINTY_ASSIGNED_CONTEXT ( ( #3312 ) ) GLOBAL_UNIT_ASSIGNED_CONTEXT ( ( #3569, #370, #3156 ) ) REPRESENTATION_CONTEXT ( 'NONE', 'WORKASPACE' ) );
#3550 =( NAMED_UNIT ( * ) PLANE_ANGLE_UNIT ( ) SI_UNIT ( $, .RADIAN. ) );
#3551 = PLANE ( 'NONE',  #4648 ) ;
#3552 = CARTESIAN_POINT ( 'NONE',  ( 0.2500000000000000000, -0.1341666666666978813, -0.6455263157894751691 ) ) ;
#3553 = ORIENTED_EDGE ( 'NONE', *, *, #3629, .F. ) ;
#3554 = LINE ( 'NONE', #3614, #3546 ) ;
#3555 = DIRECTION ( 'NONE',  ( 0.08602294726405060321, 0.9925724684314052304, 0.08602294726405060321 ) ) ;
#3556 = PRESENTATION_LAYER_ASSIGNMENT (  '', '', ( #983 ) ) ;
#3557 =( NAMED_UNIT ( * ) SI_UNIT ( $, .STERADIAN. ) SOLID_ANGLE_UNIT ( ) );
#3558 = ORIENTED_EDGE ( 'NONE', *, *, #1479, .F. ) ;
#3559 = PRESENTATION_STYLE_ASSIGNMENT (( #4299 ) ) ;
#3560 =( GEOMETRIC_REPRESENTATION_CONTEXT ( 3 ) GLOBAL_UNCERTAINTY_ASSIGNED_CONTEXT ( ( #191 ) ) GLOBAL_UNIT_ASSIGNED_CONTEXT ( ( #4330, #1953, #353 ) ) REPRESENTATION_CONTEXT ( 'NONE', 'WORKASPACE' ) );
#3561 = ORIENTED_EDGE ( 'NONE', *, *, #3138, .T. ) ;
#3562 = PLANE ( 'NONE',  #457 ) ;
#3563 = EDGE_CURVE ( 'NONE', #5102, #402, #4076, .T. ) ;
#3564 =( GEOMETRIC_REPRESENTATION_CONTEXT ( 3 ) GLOBAL_UNCERTAINTY_ASSIGNED_CONTEXT ( ( #290 ) ) GLOBAL_UNIT_ASSIGNED_CONTEXT ( ( #2006, #758, #4817 ) ) REPRESENTATION_CONTEXT ( 'NONE', 'WORKASPACE' ) );
#3565 = SURFACE_STYLE_USAGE ( .BOTH. , #4383 ) ;
#3566 = FILL_AREA_STYLE_COLOUR ( '', #3687 ) ;
#3567 = ORIENTED_EDGE ( 'NONE', *, *, #3931, .T. ) ;
#3568 = MECHANICAL_DESIGN_GEOMETRIC_PRESENTATION_REPRESENTATION (  '', ( #4627 ), #4904 ) ;
#3569 =( LENGTH_UNIT ( ) NAMED_UNIT ( * ) SI_UNIT ( .MILLI., .METRE. ) );
#3570 = DIRECTION ( 'NONE',  ( 0.000000000000000000, 0.000000000000000000, -1.000000000000000000 ) ) ;
#3571 = UNCERTAINTY_MEASURE_WITH_UNIT (LENGTH_MEASURE( 1.000000000000000082E-05 ), #3672, 'distance_accuracy_value', 'NONE');
#3572 = EDGE_CURVE ( 'NONE', #474, #149, #2032, .T. ) ;
#3573 = DIRECTION ( 'NONE',  ( 0.000000000000000000, 0.000000000000000000, 1.000000000000000000 ) ) ;
#3574 = CARTESIAN_POINT ( 'NONE',  ( 1.449826394517560679, -0.1760646121896915772, -0.7795364633312048541 ) ) ;
#3575 = DIRECTION ( 'NONE',  ( 0.000000000000000000, -0.000000000000000000, 1.000000000000000000 ) ) ;
#3576 = LINE ( 'NONE', #4916, #2662 ) ;
#3577 = PRESENTATION_STYLE_ASSIGNMENT (( #2522 ) ) ;
#3578 = CARTESIAN_POINT ( 'NONE',  ( 0.2500000000000000000, -0.06568288312786950411, -0.9069313082073552357 ) ) ;
#3579 = CARTESIAN_POINT ( 'NONE',  ( 1.200000000000000178, -0.1749999999999915790, -0.8000000000000001554 ) ) ;
#3580 = VECTOR ( 'NONE', #1434, 1000.000000000000000 ) ;
#3581 = VECTOR ( 'NONE', #4910, 1000.000000000000227 ) ;
#3582 =( NAMED_UNIT ( * ) PLANE_ANGLE_UNIT ( ) SI_UNIT ( $, .RADIAN. ) );
#3583 = DIRECTION ( 'NONE',  ( 0.000000000000000000, 0.000000000000000000, 1.000000000000000000 ) ) ;
#3584 =( LENGTH_UNIT ( ) NAMED_UNIT ( * ) SI_UNIT ( .MILLI., .METRE. ) );
#3585 =( GEOMETRIC_REPRESENTATION_CONTEXT ( 3 ) GLOBAL_UNCERTAINTY_ASSIGNED_CONTEXT ( ( #2135 ) ) GLOBAL_UNIT_ASSIGNED_CONTEXT ( ( #3539, #307, #1136 ) ) REPRESENTATION_CONTEXT ( 'NONE', 'WORKASPACE' ) );
#3586 = PRESENTATION_STYLE_ASSIGNMENT (( #5220 ) ) ;
#3587 = STYLED_ITEM ( 'NONE', ( #261 ), #1494 ) ;
#3588 = VECTOR ( 'NONE', #5138, 1000.000000000000000 ) ;
#3589 = ORIENTED_EDGE ( 'NONE', *, *, #2813, .F. ) ;
#3590 = PLANE ( 'NONE',  #2072 ) ;
#3591 = EDGE_CURVE ( 'NONE', #2637, #138, #3822, .T. ) ;
#3592 =( NAMED_UNIT ( * ) PLANE_ANGLE_UNIT ( ) SI_UNIT ( $, .RADIAN. ) );
#3593 = DIRECTION ( 'NONE',  ( -1.000000000000000000, -0.000000000000000000, 0.000000000000000000 ) ) ;
#3594 = PRESENTATION_STYLE_ASSIGNMENT (( #2261 ) ) ;
#3595 = VERTEX_POINT ( 'NONE', #924 ) ;
#3596 =( NAMED_UNIT ( * ) PLANE_ANGLE_UNIT ( ) SI_UNIT ( $, .RADIAN. ) );
#3597 = EDGE_CURVE ( 'NONE', #2454, #553, #897, .T. ) ;
#3598 = STYLED_ITEM ( 'NONE', ( #4798 ), #3429 ) ;
#3599 = DIRECTION ( 'NONE',  ( -0.000000000000000000, -0.000000000000000000, 1.000000000000000000 ) ) ;
#3600 = VERTEX_POINT ( 'NONE', #4113 ) ;
#3601 = PRESENTATION_STYLE_ASSIGNMENT (( #2473 ) ) ;
#3602 = ORIENTED_EDGE ( 'NONE', *, *, #5192, .T. ) ;
#3603 = CARTESIAN_POINT ( 'NONE',  ( -0.2500000000000000000, 0.5950000000000000844, 1.399999999999999911 ) ) ;
#3604 = FACE_OUTER_BOUND ( 'NONE', #861, .T. ) ;
#3605 =( NAMED_UNIT ( * ) PLANE_ANGLE_UNIT ( ) SI_UNIT ( $, .RADIAN. ) );
#3606 = CARTESIAN_POINT ( 'NONE',  ( -0.2500000000000000000, -0.07719909958904112857, 0.9860980736990658801 ) ) ;
#3607 = EDGE_LOOP ( 'NONE', ( #2509, #1509, #1555, #4972, #1551, #1437, #4558, #790, #1234, #107, #2597, #145, #596 ) ) ;
#3608 = ORIENTED_EDGE ( 'NONE', *, *, #2064, .F. ) ;
#3609 =( GEOMETRIC_REPRESENTATION_CONTEXT ( 3 ) GLOBAL_UNCERTAINTY_ASSIGNED_CONTEXT ( ( #2101 ) ) GLOBAL_UNIT_ASSIGNED_CONTEXT ( ( #3248, #1253, #1637 ) ) REPRESENTATION_CONTEXT ( 'NONE', 'WORKASPACE' ) );
#3610 = UNCERTAINTY_MEASURE_WITH_UNIT (LENGTH_MEASURE( 1.000000000000000082E-05 ), #2799, 'distance_accuracy_value', 'NONE');
#3611 = FILL_AREA_STYLE ('',( #417 ) ) ;
#3612 = CARTESIAN_POINT ( 'NONE',  ( -1.384999999999999565, -0.5330198034688192754, -0.7418217819363165377 ) ) ;
#3613 = ORIENTED_EDGE ( 'NONE', *, *, #3515, .T. ) ;
#3614 = CARTESIAN_POINT ( 'NONE',  ( 1.200000000000000178, -0.2141666666666979801, -0.8277645427156450353 ) ) ;
#3615 = ORIENTED_EDGE ( 'NONE', *, *, #2336, .T. ) ;
#3616 = DIRECTION ( 'NONE',  ( -1.000000000000000000, -0.000000000000000000, 0.000000000000000000 ) ) ;
#3617 = MECHANICAL_DESIGN_GEOMETRIC_PRESENTATION_REPRESENTATION (  '', ( #129 ), #4499 ) ;
#3618 = ORIENTED_EDGE ( 'NONE', *, *, #1835, .T. ) ;
#3619 = SURFACE_STYLE_USAGE ( .BOTH. , #1594 ) ;
#3620 = DIRECTION ( 'NONE',  ( 0.000000000000000000, 2.974683716947999386E-16, 1.000000000000000000 ) ) ;
#3621 = FILL_AREA_STYLE_COLOUR ( '', #2275 ) ;
#3622 = SURFACE_SIDE_STYLE ('',( #4586 ) ) ;
#3623 = ORIENTED_EDGE ( 'NONE', *, *, #3054, .T. ) ;
#3624 = COLOUR_RGB ( '',0.2509803921568627416, 0.2509803921568627416, 0.2509803921568627416 ) ;
#3625 = SURFACE_SIDE_STYLE ('',( #1966 ) ) ;
#3626 =( LENGTH_UNIT ( ) NAMED_UNIT ( * ) SI_UNIT ( .MILLI., .METRE. ) );
#3627 = MECHANICAL_DESIGN_GEOMETRIC_PRESENTATION_REPRESENTATION (  '', ( #3996 ), #2468 ) ;
#3628 = SURFACE_STYLE_USAGE ( .BOTH. , #3997 ) ;
#3629 = EDGE_CURVE ( 'NONE', #2637, #3874, #1708, .T. ) ;
#3630 = ORIENTED_EDGE ( 'NONE', *, *, #3540, .T. ) ;
#3631 = PRESENTATION_LAYER_ASSIGNMENT (  '', '', ( #1931 ) ) ;
#3632 =( NAMED_UNIT ( * ) SI_UNIT ( $, .STERADIAN. ) SOLID_ANGLE_UNIT ( ) );
#3633 = UNCERTAINTY_MEASURE_WITH_UNIT (LENGTH_MEASURE( 1.000000000000000082E-05 ), #4931, 'distance_accuracy_value', 'NONE');
#3634 = FILL_AREA_STYLE ('',( #1717 ) ) ;
#3635 = SURFACE_SIDE_STYLE ('',( #2406 ) ) ;
#3636 = SURFACE_STYLE_FILL_AREA ( #847 ) ;
#3637 = EDGE_CURVE ( 'NONE', #4258, #79, #768, .T. ) ;
#3638 = CARTESIAN_POINT ( 'NONE',  ( 1.342469145205119396, -0.5250000000000000222, -0.6924691452051199292 ) ) ;
#3639 =( NAMED_UNIT ( * ) PLANE_ANGLE_UNIT ( ) SI_UNIT ( $, .RADIAN. ) );
#3640 = CIRCLE ( 'NONE', #540, 0.1600000000000000866 ) ;
#3641 = FACE_OUTER_BOUND ( 'NONE', #2821, .T. ) ;
#3642 = FILL_AREA_STYLE_COLOUR ( '', #1872 ) ;
#3643 = CIRCLE ( 'NONE', #893, 0.1599999999999999756 ) ;
#3644 = FACE_OUTER_BOUND ( 'NONE', #991, .T. ) ;
#3645 = LINE ( 'NONE', #4596, #3580 ) ;
#3646 =( GEOMETRIC_REPRESENTATION_CONTEXT ( 3 ) GLOBAL_UNCERTAINTY_ASSIGNED_CONTEXT ( ( #5212 ) ) GLOBAL_UNIT_ASSIGNED_CONTEXT ( ( #1280, #2451, #3667 ) ) REPRESENTATION_CONTEXT ( 'NONE', 'WORKASPACE' ) );
#3647 = VECTOR ( 'NONE', #4106, 1000.000000000000000 ) ;
#3648 = ORIENTED_EDGE ( 'NONE', *, *, #2882, .F. ) ;
#3649 = SURFACE_STYLE_USAGE ( .BOTH. , #2867 ) ;
#3650 = DIRECTION ( 'NONE',  ( -1.000000000000000000, -0.000000000000000000, -1.318108507625267155E-14 ) ) ;
#3651 = ORIENTED_EDGE ( 'NONE', *, *, #3473, .T. ) ;
#3652 = CARTESIAN_POINT ( 'NONE',  ( 1.449999999999999956, -0.1749999999999915790, -0.8000000000000001554 ) ) ;
#3653 =( GEOMETRIC_REPRESENTATION_CONTEXT ( 3 ) GLOBAL_UNCERTAINTY_ASSIGNED_CONTEXT ( ( #1210 ) ) GLOBAL_UNIT_ASSIGNED_CONTEXT ( ( #1353, #4949, #4146 ) ) REPRESENTATION_CONTEXT ( 'NONE', 'WORKASPACE' ) );
#3654 = PRESENTATION_LAYER_ASSIGNMENT (  '', '', ( #4468 ) ) ;
#3655 = CYLINDRICAL_SURFACE ( 'NONE', #4745, 0.08000000000000020983 ) ;
#3656 = ORIENTED_EDGE ( 'NONE', *, *, #2064, .T. ) ;
#3657 = MECHANICAL_DESIGN_GEOMETRIC_PRESENTATION_REPRESENTATION (  '', ( #990 ), #62 ) ;
#3658 = VECTOR ( 'NONE', #4730, 1000.000000000000000 ) ;
#3659 = ORIENTED_EDGE ( 'NONE', *, *, #5073, .T. ) ;
#3660 = ORIENTED_EDGE ( 'NONE', *, *, #3858, .F. ) ;
#3661 = FILL_AREA_STYLE ('',( #2114 ) ) ;
#3662 = EDGE_CURVE ( 'NONE', #2319, #5085, #4805, .T. ) ;
#3663 = CARTESIAN_POINT ( 'NONE',  ( 1.200000000000000178, -0.1341666666666978813, -0.6455263157894750581 ) ) ;
#3664 = ORIENTED_EDGE ( 'NONE', *, *, #1004, .F. ) ;
#3665 = PRESENTATION_STYLE_ASSIGNMENT (( #217 ) ) ;
#3666 =( LENGTH_UNIT ( ) NAMED_UNIT ( * ) SI_UNIT ( .MILLI., .METRE. ) );
#3667 =( NAMED_UNIT ( * ) SI_UNIT ( $, .STERADIAN. ) SOLID_ANGLE_UNIT ( ) );
#3668 = EDGE_CURVE ( 'NONE', #3686, #4258, #5059, .T. ) ;
#3669 = FILL_AREA_STYLE ('',( #937 ) ) ;
#3670 = ORIENTED_EDGE ( 'NONE', *, *, #2984, .T. ) ;
#3671 = PRESENTATION_STYLE_ASSIGNMENT (( #3619 ) ) ;
#3672 =( LENGTH_UNIT ( ) NAMED_UNIT ( * ) SI_UNIT ( .MILLI., .METRE. ) );
#3673 = ORIENTED_EDGE ( 'NONE', *, *, #1831, .T. ) ;
#3674 = COLOUR_RGB ( '',1.000000000000000000, 1.000000000000000000, 1.000000000000000000 ) ;
#3675 = ORIENTED_EDGE ( 'NONE', *, *, #3804, .T. ) ;
#3676 = SURFACE_STYLE_FILL_AREA ( #3422 ) ;
#3677 = FILL_AREA_STYLE_COLOUR ( '', #2598 ) ;
#3678 = STYLED_ITEM ( 'NONE', ( #858 ), #1047 ) ;
#3679 = SURFACE_SIDE_STYLE ('',( #1138 ) ) ;
#3680 = VERTEX_POINT ( 'NONE', #4674 ) ;
#3681 = CARTESIAN_POINT ( 'NONE',  ( 1.200000000000000178, -0.05416666666669783803, 0.8277645427156450353 ) ) ;
#3682 =( NAMED_UNIT ( * ) SI_UNIT ( $, .STERADIAN. ) SOLID_ANGLE_UNIT ( ) );
#3683 = PLANE ( 'NONE',  #3373 ) ;
#3684 = CARTESIAN_POINT ( 'NONE',  ( 1.200000000000000178, -0.2141666666666978136, -0.7936354166666604870 ) ) ;
#3685 = EDGE_CURVE ( 'NONE', #904, #4687, #866, .T. ) ;
#3686 = VERTEX_POINT ( 'NONE', #1470 ) ;
#3687 = COLOUR_RGB ( '',1.000000000000000000, 1.000000000000000000, 1.000000000000000000 ) ;
#3688 =( NAMED_UNIT ( * ) SI_UNIT ( $, .STERADIAN. ) SOLID_ANGLE_UNIT ( ) );
#3689 = DIRECTION ( 'NONE',  ( 0.000000000000000000, 0.000000000000000000, -1.000000000000000000 ) ) ;
#3690 = MECHANICAL_DESIGN_GEOMETRIC_PRESENTATION_REPRESENTATION (  '', ( #3131 ), #5003 ) ;
#3691 = EDGE_CURVE ( 'NONE', #3895, #464, #4959, .T. ) ;
#3692 = AXIS2_PLACEMENT_3D ( 'NONE', #488, #5228, #3192 ) ;
#3693 = LINE ( 'NONE', #391, #1204 ) ;
#3694 = SPHERICAL_SURFACE ( 'NONE', #1959, 0.05000000000000000278 ) ;
#3695 = CARTESIAN_POINT ( 'NONE',  ( -1.429536463331204432, -0.1760646121896962402, 0.7998263945175604350 ) ) ;
#3696 = UNCERTAINTY_MEASURE_WITH_UNIT (LENGTH_MEASURE( 1.000000000000000082E-05 ), #5161, 'distance_accuracy_value', 'NONE');
#3697 = DIRECTION ( 'NONE',  ( -0.000000000000000000, 1.000000000000000000, 2.974683716947999386E-16 ) ) ;
#3698 = SURFACE_STYLE_USAGE ( .BOTH. , #494 ) ;
#3699 = SURFACE_STYLE_FILL_AREA ( #3178 ) ;
#3700 = CARTESIAN_POINT ( 'NONE',  ( -1.200000000000000178, -0.1341666666666978813, 0.6455263157894752801 ) ) ;
#3701 = DIRECTION ( 'NONE',  ( -0.000000000000000000, -0.9895845686463778934, 0.1439527057646445007 ) ) ;
#3702 = FILL_AREA_STYLE ('',( #4906 ) ) ;
#3703 = CARTESIAN_POINT ( 'NONE',  ( -0.6999999999999999556, 0.6750000000000000444, -1.153085987590313888 ) ) ;
#3704 = VECTOR ( 'NONE', #4842, 1000.000000000000114 ) ;
#3705 = SURFACE_SIDE_STYLE ('',( #4683 ) ) ;
#3706 = VECTOR ( 'NONE', #4639, 1000.000000000000000 ) ;
#3707 = EDGE_CURVE ( 'NONE', #2929, #724, #4112, .T. ) ;
#3708 = DIRECTION ( 'NONE',  ( 0.000000000000000000, 0.000000000000000000, -1.000000000000000000 ) ) ;
#3709 = ORIENTED_EDGE ( 'NONE', *, *, #4185, .T. ) ;
#3710 = DIRECTION ( 'NONE',  ( -0.000000000000000000, -1.000000000000000000, 0.000000000000000000 ) ) ;
#3711 =( GEOMETRIC_REPRESENTATION_CONTEXT ( 3 ) GLOBAL_UNCERTAINTY_ASSIGNED_CONTEXT ( ( #4259 ) ) GLOBAL_UNIT_ASSIGNED_CONTEXT ( ( #966, #4554, #513 ) ) REPRESENTATION_CONTEXT ( 'NONE', 'WORKASPACE' ) );
#3712 = COLOUR_RGB ( '',1.000000000000000000, 1.000000000000000000, 1.000000000000000000 ) ;
#3713 = CARTESIAN_POINT ( 'NONE',  ( -1.200000000000000178, 0.5150000000000000133, 1.153085987590313888 ) ) ;
#3714 = CARTESIAN_POINT ( 'NONE',  ( -1.388959180301573504, 0.5293171503664571009, -0.6891459068424500289 ) ) ;
#3715 = ORIENTED_EDGE ( 'NONE', *, *, #2095, .T. ) ;
#3716 = FILL_AREA_STYLE_COLOUR ( '', #299 ) ;
#3717 = DIRECTION ( 'NONE',  ( 0.000000000000000000, 0.000000000000000000, 1.000000000000000000 ) ) ;
#3718 = SURFACE_SIDE_STYLE ('',( #2826 ) ) ;
#3719 = VERTEX_POINT ( 'NONE', #1399 ) ;
#3720 = LINE ( 'NONE', #863, #2683 ) ;
#3721 = ORIENTED_EDGE ( 'NONE', *, *, #2418, .F. ) ;
#3722 = MECHANICAL_DESIGN_GEOMETRIC_PRESENTATION_REPRESENTATION (  '', ( #3260 ), #398 ) ;
#3723 = CARTESIAN_POINT ( 'NONE',  ( 1.200000000000000178, 0.5380324329223433732, -0.9947524566068929319 ) ) ;
#3724 =( GEOMETRIC_REPRESENTATION_CONTEXT ( 3 ) GLOBAL_UNCERTAINTY_ASSIGNED_CONTEXT ( ( #4388 ) ) GLOBAL_UNIT_ASSIGNED_CONTEXT ( ( #2258, #5084, #3453 ) ) REPRESENTATION_CONTEXT ( 'NONE', 'WORKASPACE' ) );
#3725 = VERTEX_POINT ( 'NONE', #4193 ) ;
#3726 = ORIENTED_EDGE ( 'NONE', *, *, #442, .T. ) ;
#3727 = FACE_OUTER_BOUND ( 'NONE', #4834, .T. ) ;
#3728 = VERTEX_POINT ( 'NONE', #2213 ) ;
#3729 = CIRCLE ( 'NONE', #4695, 0.08000000000000020983 ) ;
#3730 = DIRECTION ( 'NONE',  ( 0.000000000000000000, 0.000000000000000000, -1.000000000000000000 ) ) ;
#3731 = SURFACE_STYLE_USAGE ( .BOTH. , #910 ) ;
#3732 = ADVANCED_FACE ( 'NONE', ( #803 ), #576, .F. ) ;
#3733 = VECTOR ( 'NONE', #3051, 1000.000000000000000 ) ;
#3734 = EDGE_LOOP ( 'NONE', ( #4621, #2515, #4374, #4489 ) ) ;
#3735 =( NAMED_UNIT ( * ) PLANE_ANGLE_UNIT ( ) SI_UNIT ( $, .RADIAN. ) );
#3736 = EDGE_CURVE ( 'NONE', #1419, #1366, #2052, .T. ) ;
#3737 = SURFACE_SIDE_STYLE ('',( #4103 ) ) ;
#3738 = CARTESIAN_POINT ( 'NONE',  ( 1.200000000000000178, -0.1749999999999915790, 0.8000000000000000444 ) ) ;
#3739 = VERTEX_POINT ( 'NONE', #796 ) ;
#3740 = SURFACE_SIDE_STYLE ('',( #4072 ) ) ;
#3741 = DIRECTION ( 'NONE',  ( -0.000000000000000000, -1.000000000000000000, 0.000000000000000000 ) ) ;
#3742 = SURFACE_SIDE_STYLE ('',( #1766 ) ) ;
#3743 = ORIENTED_EDGE ( 'NONE', *, *, #100, .F. ) ;
#3744 = VECTOR ( 'NONE', #4133, 1000.000000000000000 ) ;
#3745 = FILL_AREA_STYLE_COLOUR ( '', #2165 ) ;
#3746 = CARTESIAN_POINT ( 'NONE',  ( 1.449999999999999956, -0.1750000000000311307, -0.8000000000000001554 ) ) ;
#3747 =( LENGTH_UNIT ( ) NAMED_UNIT ( * ) SI_UNIT ( .MILLI., .METRE. ) );
#3748 = MECHANICAL_DESIGN_GEOMETRIC_PRESENTATION_REPRESENTATION (  '', ( #3678 ), #2873 ) ;
#3749 = FILL_AREA_STYLE ('',( #3716 ) ) ;
#3750 = DIRECTION ( 'NONE',  ( 0.000000000000000000, 0.000000000000000000, 1.000000000000000000 ) ) ;
#3751 = CARTESIAN_POINT ( 'NONE',  ( -0.6999999999999999556, -0.06568288312786950411, 0.9069313082073553467 ) ) ;
#3752 = EDGE_CURVE ( 'NONE', #1001, #2048, #542, .T. ) ;
#3753 = CARTESIAN_POINT ( 'NONE',  ( 0.6999999999999999556, -0.05416666666669783803, 0.8277645427156450353 ) ) ;
#3754 = LINE ( 'NONE', #3313, #4075 ) ;
#3755 = CARTESIAN_POINT ( 'NONE',  ( 0.6999999999999999556, 0.6750000000000000444, 1.399999999999999689 ) ) ;
#3756 = EDGE_CURVE ( 'NONE', #2048, #1733, #2945, .T. ) ;
#3757 = VECTOR ( 'NONE', #3808, 1000.000000000000000 ) ;
#3758 = EDGE_LOOP ( 'NONE', ( #3715, #3055, #4432, #658, #4570, #4046 ) ) ;
#3759 = SURFACE_SIDE_STYLE ('',( #3776 ) ) ;
#3760 = CARTESIAN_POINT ( 'NONE',  ( -1.449999999999999956, -0.1750000000000311307, -0.7506473632687963304 ) ) ;
#3761 = CARTESIAN_POINT ( 'NONE',  ( 0.2500000000000000000, 0.5150000000000000133, -1.153085987590313666 ) ) ;
#3762 = PRESENTATION_LAYER_ASSIGNMENT (  '', '', ( #934 ) ) ;
#3763 = LINE ( 'NONE', #1391, #2728 ) ;
#3764 = CARTESIAN_POINT ( 'NONE',  ( -1.411107241853306826, -0.4143400501334916775, -0.7117546051221099734 ) ) ;
#3765 = ORIENTED_EDGE ( 'NONE', *, *, #418, .F. ) ;
#3766 = SURFACE_STYLE_USAGE ( .BOTH. , #5000 ) ;
#3767 = DIRECTION ( 'NONE',  ( -1.000000000000000000, -0.000000000000000000, 0.000000000000000000 ) ) ;
#3768 = CARTESIAN_POINT ( 'NONE',  ( 7.729380924393909207E-17, 0.5749999999999999556, 0.6891459068424504730 ) ) ;
#3769 = VECTOR ( 'NONE', #3012, 1000.000000000000114 ) ;
#3770 = ORIENTED_EDGE ( 'NONE', *, *, #2849, .T. ) ;
#3771 = CARTESIAN_POINT ( 'NONE',  ( -0.2500000000000000000, -0.05416666666669788660, 0.8277645427156450353 ) ) ;
#3772 = DIRECTION ( 'NONE',  ( 0.000000000000000000, 0.000000000000000000, -1.000000000000000000 ) ) ;
#3773 = DIRECTION ( 'NONE',  ( 0.000000000000000000, -2.974683716947999386E-16, 1.000000000000000000 ) ) ;
#3774 = CARTESIAN_POINT ( 'NONE',  ( 0.6999999999999999556, 0.6750000000000000444, -1.153085987590313444 ) ) ;
#3775 = VERTEX_POINT ( 'NONE', #2781 ) ;
#3776 = SURFACE_STYLE_FILL_AREA ( #1367 ) ;
#3777 = VERTEX_POINT ( 'NONE', #4348 ) ;
#3778 = AXIS2_PLACEMENT_3D ( 'NONE', #4379, #4758, #4395 ) ;
#3779 = CARTESIAN_POINT ( 'NONE',  ( -1.400647363268797019, -0.1750000000000308253, 0.8000000000000003775 ) ) ;
#3780 = MECHANICAL_DESIGN_GEOMETRIC_PRESENTATION_REPRESENTATION (  '', ( #1082 ), #1645 ) ;
#3781 = FILL_AREA_STYLE_COLOUR ( '', #3851 ) ;
#3782 = ADVANCED_FACE ( 'NONE', ( #408 ), #1970, .F. ) ;
#3783 = ORIENTED_EDGE ( 'NONE', *, *, #3047, .F. ) ;
#3784 = LINE ( 'NONE', #67, #1294 ) ;
#3785 = ORIENTED_EDGE ( 'NONE', *, *, #2344, .T. ) ;
#3786 = EDGE_CURVE ( 'NONE', #933, #3407, #1746, .T. ) ;
#3787 = CARTESIAN_POINT ( 'NONE',  ( -1.200000000000000178, 0.6750000000000000444, -1.153085987590313888 ) ) ;
#3788 = DIRECTION ( 'NONE',  ( 0.000000000000000000, 0.9962654691824661679, 0.08634300732914342025 ) ) ;
#3789 = SURFACE_SIDE_STYLE ('',( #2375 ) ) ;
#3790 =( NAMED_UNIT ( * ) PLANE_ANGLE_UNIT ( ) SI_UNIT ( $, .RADIAN. ) );
#3791 = ORIENTED_EDGE ( 'NONE', *, *, #3865, .T. ) ;
#3792 = PRESENTATION_LAYER_ASSIGNMENT (  '', '', ( #3960 ) ) ;
#3793 = UNCERTAINTY_MEASURE_WITH_UNIT (LENGTH_MEASURE( 1.000000000000000082E-05 ), #1327, 'distance_accuracy_value', 'NONE');
#3794 = EDGE_CURVE ( 'NONE', #4879, #3998, #3365, .T. ) ;
#3795 = STYLED_ITEM ( 'NONE', ( #572 ), #5036 ) ;
#3796 = FILL_AREA_STYLE ('',( #4620 ) ) ;
#3797 = CARTESIAN_POINT ( 'NONE',  ( -0.6999999999999999556, -0.1341666666666978813, 0.7964611111111116193 ) ) ;
#3798 = FILL_AREA_STYLE ('',( #1453 ) ) ;
#3799 = LINE ( 'NONE', #633, #280 ) ;
#3800 = ORIENTED_EDGE ( 'NONE', *, *, #3103, .T. ) ;
#3801 = FILL_AREA_STYLE ('',( #4603 ) ) ;
#3802 = AXIS2_PLACEMENT_3D ( 'NONE', #1744, #4947, #2519 ) ;
#3803 = ORIENTED_EDGE ( 'NONE', *, *, #3015, .F. ) ;
#3804 = EDGE_CURVE ( 'NONE', #1233, #976, #3729, .T. ) ;
#3805 = SURFACE_STYLE_USAGE ( .BOTH. , #971 ) ;
#3806 = EDGE_LOOP ( 'NONE', ( #1382, #2106, #3959, #785, #4347, #5076, #3475, #238, #1933, #4118, #1533, #641, #2113 ) ) ;
#3807 = ADVANCED_FACE ( 'NONE', ( #3485 ), #1992, .T. ) ;
#3808 = DIRECTION ( 'NONE',  ( 0.000000000000000000, 0.000000000000000000, -1.000000000000000000 ) ) ;
#3809 = DIRECTION ( 'NONE',  ( 0.000000000000000000, 0.000000000000000000, -1.000000000000000000 ) ) ;
#3810 = PRESENTATION_LAYER_ASSIGNMENT (  '', '', ( #2370 ) ) ;
#3811 = CARTESIAN_POINT ( 'NONE',  ( -1.339145906842450273, 0.5749999999999999556, 0.000000000000000000 ) ) ;
#3812 =( NAMED_UNIT ( * ) PLANE_ANGLE_UNIT ( ) SI_UNIT ( $, .RADIAN. ) );
#3813 = COLOUR_RGB ( '',0.2509803921568627416, 0.2509803921568627416, 0.2509803921568627416 ) ;
#3814 = STYLED_ITEM ( 'NONE', ( #4282 ), #1934 ) ;
#3815 = FACE_OUTER_BOUND ( 'NONE', #3200, .T. ) ;
#3816 = DIRECTION ( 'NONE',  ( 0.000000000000000000, 0.000000000000000000, 1.000000000000000000 ) ) ;
#3817 = SURFACE_STYLE_FILL_AREA ( #267 ) ;
#3818 = DIRECTION ( 'NONE',  ( 0.000000000000000000, 0.000000000000000000, -1.000000000000000000 ) ) ;
#3819 = AXIS2_PLACEMENT_3D ( 'NONE', #3652, #1743, #1303 ) ;
#3820 = PRESENTATION_STYLE_ASSIGNMENT (( #3438 ) ) ;
#3821 = PRESENTATION_STYLE_ASSIGNMENT (( #1095 ) ) ;
#3822 = LINE ( 'NONE', #169, #1405 ) ;
#3823 = UNCERTAINTY_MEASURE_WITH_UNIT (LENGTH_MEASURE( 1.000000000000000082E-05 ), #587, 'distance_accuracy_value', 'NONE');
#3824 = FILL_AREA_STYLE ('',( #1094 ) ) ;
#3825 = DIRECTION ( 'NONE',  ( -1.000000000000000000, -0.000000000000000000, 1.121588454295349533E-16 ) ) ;
#3826 =( NAMED_UNIT ( * ) SI_UNIT ( $, .STERADIAN. ) SOLID_ANGLE_UNIT ( ) );
#3827 = CARTESIAN_POINT ( 'NONE',  ( 0.2500000000000000000, -0.07719909958904112857, 0.9860980736990658801 ) ) ;
#3828 = FACE_OUTER_BOUND ( 'NONE', #289, .T. ) ;
#3829 = ORIENTED_EDGE ( 'NONE', *, *, #4342, .T. ) ;
#3830 = EDGE_CURVE ( 'NONE', #3420, #1042, #1612, .T. ) ;
#3831 =( GEOMETRIC_REPRESENTATION_CONTEXT ( 3 ) GLOBAL_UNCERTAINTY_ASSIGNED_CONTEXT ( ( #4815 ) ) GLOBAL_UNIT_ASSIGNED_CONTEXT ( ( #1546, #1593, #3153 ) ) REPRESENTATION_CONTEXT ( 'NONE', 'WORKASPACE' ) );
#3832 = ORIENTED_EDGE ( 'NONE', *, *, #1123, .F. ) ;
#3833 = DIRECTION ( 'NONE',  ( 1.000000000000000000, -4.448494549479002309E-32, -1.495451272393799296E-16 ) ) ;
#3834 = CARTESIAN_POINT ( 'NONE',  ( 0.2500000000000000000, 0.5950000000000000844, 1.399999999999999911 ) ) ;
#3835 = VECTOR ( 'NONE', #3478, 1000.000000000000000 ) ;
#3836 = LINE ( 'NONE', #4183, #2672 ) ;
#3837 = CARTESIAN_POINT ( 'NONE',  ( 1.200000000000000178, -0.2141666666666978136, 0.7936354166666603760 ) ) ;
#3838 = ADVANCED_FACE ( 'NONE', ( #1674 ), #1530, .F. ) ;
#3839 = VERTEX_POINT ( 'NONE', #3969 ) ;
#3840 = EDGE_CURVE ( 'NONE', #2416, #4708, #1490, .T. ) ;
#3841 =( NAMED_UNIT ( * ) PLANE_ANGLE_UNIT ( ) SI_UNIT ( $, .RADIAN. ) );
#3842 = SURFACE_STYLE_FILL_AREA ( #3064 ) ;
#3843 = ORIENTED_EDGE ( 'NONE', *, *, #3326, .T. ) ;
#3844 =( NAMED_UNIT ( * ) SI_UNIT ( $, .STERADIAN. ) SOLID_ANGLE_UNIT ( ) );
#3845 = SURFACE_STYLE_FILL_AREA ( #1698 ) ;
#3846 = DIRECTION ( 'NONE',  ( -1.000000000000000000, -0.000000000000000000, 0.000000000000000000 ) ) ;
#3847 = ORIENTED_EDGE ( 'NONE', *, *, #1814, .F. ) ;
#3848 = DIRECTION ( 'NONE',  ( 0.000000000000000000, 0.000000000000000000, -1.000000000000000000 ) ) ;
#3849 = ORIENTED_EDGE ( 'NONE', *, *, #4170, .F. ) ;
#3850 = DIRECTION ( 'NONE',  ( 0.000000000000000000, 0.1439527057646445007, -0.9895845686463778934 ) ) ;
#3851 = COLOUR_RGB ( '',1.000000000000000000, 1.000000000000000000, 1.000000000000000000 ) ;
#3852 = STYLED_ITEM ( 'NONE', ( #2492 ), #1060 ) ;
#3853 = ORIENTED_EDGE ( 'NONE', *, *, #2962, .T. ) ;
#3854 = FACE_OUTER_BOUND ( 'NONE', #3355, .T. ) ;
#3855 = CARTESIAN_POINT ( 'NONE',  ( -0.6999999999999999556, -0.05416666666669783803, 0.8277645427156452573 ) ) ;
#3856 =( GEOMETRIC_REPRESENTATION_CONTEXT ( 3 ) GLOBAL_UNCERTAINTY_ASSIGNED_CONTEXT ( ( #4957 ) ) GLOBAL_UNIT_ASSIGNED_CONTEXT ( ( #989, #1799, #4594 ) ) REPRESENTATION_CONTEXT ( 'NONE', 'WORKASPACE' ) );
#3857 = FILL_AREA_STYLE_COLOUR ( '', #896 ) ;
#3858 = EDGE_CURVE ( 'NONE', #3295, #3463, #150, .T. ) ;
#3859 = ORIENTED_EDGE ( 'NONE', *, *, #3707, .T. ) ;
#3860 = UNCERTAINTY_MEASURE_WITH_UNIT (LENGTH_MEASURE( 1.000000000000000082E-05 ), #3947, 'distance_accuracy_value', 'NONE');
#3861 = CARTESIAN_POINT ( 'NONE',  ( -0.2500000000000000000, 0.6750000000000000444, -1.399999999999999911 ) ) ;
#3862 = CARTESIAN_POINT ( 'NONE',  ( 1.200000000000000178, -0.07719909958904112857, -0.9860980736990656581 ) ) ;
#3863 = ORIENTED_EDGE ( 'NONE', *, *, #3118, .T. ) ;
#3864 = CIRCLE ( 'NONE', #4091, 0.07999999999999998779 ) ;
#3865 = EDGE_CURVE ( 'NONE', #3998, #802, #403, .T. ) ;
#3866 = PRESENTATION_LAYER_ASSIGNMENT (  '', '', ( #4582 ) ) ;
#3867 = ADVANCED_FACE ( 'NONE', ( #3854 ), #2494, .T. ) ;
#3868 = FILL_AREA_STYLE_COLOUR ( '', #4010 ) ;
#3869 = CARTESIAN_POINT ( 'NONE',  ( 0.6999999999999999556, -0.1750000000000311307, -0.7999999999999936051 ) ) ;
#3870 = DIRECTION ( 'NONE',  ( 0.000000000000000000, 2.974683716947999386E-16, 1.000000000000000000 ) ) ;
#3871 = ORIENTED_EDGE ( 'NONE', *, *, #2518, .T. ) ;
#3872 =( LENGTH_UNIT ( ) NAMED_UNIT ( * ) SI_UNIT ( .MILLI., .METRE. ) );
#3873 = STYLED_ITEM ( 'NONE', ( #4665 ), #4619 ) ;
#3874 = VERTEX_POINT ( 'NONE', #3304 ) ;
#3875 = ORIENTED_EDGE ( 'NONE', *, *, #1195, .T. ) ;
#3876 = LINE ( 'NONE', #2937, #3315 ) ;
#3877 = CARTESIAN_POINT ( 'NONE',  ( -0.6999999999999999556, 0.5950000000000000844, 1.400000000000000133 ) ) ;
#3878 = CARTESIAN_POINT ( 'NONE',  ( 0.6999999999999999556, -0.05416666666669788660, 0.8277645427156449243 ) ) ;
#3879 = FILL_AREA_STYLE ('',( #3935 ) ) ;
#3880 = CARTESIAN_POINT ( 'NONE',  ( 1.200000000000000178, -0.06568288312786951799, -0.9069313082073551247 ) ) ;
#3881 = SURFACE_STYLE_USAGE ( .BOTH. , #759 ) ;
#3882 = AXIS2_PLACEMENT_3D ( 'NONE', #4310, #644, #3816 ) ;
#3883 =( GEOMETRIC_REPRESENTATION_CONTEXT ( 3 ) GLOBAL_UNCERTAINTY_ASSIGNED_CONTEXT ( ( #4353 ) ) GLOBAL_UNIT_ASSIGNED_CONTEXT ( ( #3584, #3605, #321 ) ) REPRESENTATION_CONTEXT ( 'NONE', 'WORKASPACE' ) );
#3884 = LINE ( 'NONE', #978, #1895 ) ;
#3885 = SURFACE_SIDE_STYLE ('',( #1724 ) ) ;
#3886 = CARTESIAN_POINT ( 'NONE',  ( -0.6999999999999999556, 0.5950000000000000844, -1.400000000000000133 ) ) ;
#3887 = ADVANCED_FACE ( 'NONE', ( #4822 ), #3683, .F. ) ;
#3888 = AXIS2_PLACEMENT_3D ( 'NONE', #1582, #2399, #2058 ) ;
#3889 = VECTOR ( 'NONE', #3508, 1000.000000000000000 ) ;
#3890 =( NAMED_UNIT ( * ) SI_UNIT ( $, .STERADIAN. ) SOLID_ANGLE_UNIT ( ) );
#3891 = EDGE_CURVE ( 'NONE', #176, #3003, #2936, .T. ) ;
#3892 =( GEOMETRIC_REPRESENTATION_CONTEXT ( 3 ) GLOBAL_UNCERTAINTY_ASSIGNED_CONTEXT ( ( #485 ) ) GLOBAL_UNIT_ASSIGNED_CONTEXT ( ( #2386, #4337, #3132 ) ) REPRESENTATION_CONTEXT ( 'NONE', 'WORKASPACE' ) );
#3893 = DIRECTION ( 'NONE',  ( 0.000000000000000000, -0.9962654691824661679, 0.08634300732914350351 ) ) ;
#3894 = SURFACE_STYLE_FILL_AREA ( #384 ) ;
#3895 = VERTEX_POINT ( 'NONE', #4990 ) ;
#3896 =( LENGTH_UNIT ( ) NAMED_UNIT ( * ) SI_UNIT ( .MILLI., .METRE. ) );
#3897 = CARTESIAN_POINT ( 'NONE',  ( 1.342469145205119396, -0.5250000000000000222, -0.6924691452051198182 ) ) ;
#3898 = CARTESIAN_POINT ( 'NONE',  ( 0.2500000000000000000, -0.1749999999999915512, -0.7999999999999999334 ) ) ;
#3899 = STYLED_ITEM ( 'NONE', ( #3594 ), #4295 ) ;
#3900 = ORIENTED_EDGE ( 'NONE', *, *, #2196, .F. ) ;
#3901 = DIRECTION ( 'NONE',  ( 0.000000000000000000, 0.000000000000000000, -1.000000000000000000 ) ) ;
#3902 = CARTESIAN_POINT ( 'NONE',  ( -1.200000000000000178, 0.5950000000000001954, 1.153085987590313888 ) ) ;
#3903 = ORIENTED_EDGE ( 'NONE', *, *, #189, .F. ) ;
#3904 = EDGE_CURVE ( 'NONE', #3003, #1042, #5209, .T. ) ;
#3905 = SURFACE_STYLE_FILL_AREA ( #4530 ) ;
#3906 = ORIENTED_EDGE ( 'NONE', *, *, #4664, .T. ) ;
#3907 = SURFACE_STYLE_USAGE ( .BOTH. , #2333 ) ;
#3908 = VECTOR ( 'NONE', #3504, 1000.000000000000000 ) ;
#3909 = DIRECTION ( 'NONE',  ( -1.000000000000000000, -0.000000000000000000, 0.000000000000000000 ) ) ;
#3910 = ORIENTED_EDGE ( 'NONE', *, *, #242, .F. ) ;
#3911 = SURFACE_STYLE_FILL_AREA ( #3661 ) ;
#3912 = ORIENTED_EDGE ( 'NONE', *, *, #4134, .F. ) ;
#3913 = STYLED_ITEM ( 'NONE', ( #632 ), #3140 ) ;
#3914 = ADVANCED_FACE ( 'NONE', ( #4245 ), #4419, .F. ) ;
#3915 = VECTOR ( 'NONE', #2298, 1000.000000000000000 ) ;
#3916 =( NAMED_UNIT ( * ) SI_UNIT ( $, .STERADIAN. ) SOLID_ANGLE_UNIT ( ) );
#3917 = FILL_AREA_STYLE_COLOUR ( '', #4660 ) ;
#3918 = VERTEX_POINT ( 'NONE', #3603 ) ;
#3919 = STYLED_ITEM ( 'NONE', ( #4737 ), #1444 ) ;
#3920 = CARTESIAN_POINT ( 'NONE',  ( -0.6999999999999999556, -0.1341666666666978536, 0.8277645427156451463 ) ) ;
#3921 = ORIENTED_EDGE ( 'NONE', *, *, #5192, .F. ) ;
#3922 = PRESENTATION_LAYER_ASSIGNMENT (  '', '', ( #3131 ) ) ;
#3923 = CARTESIAN_POINT ( 'NONE',  ( -1.200000000000000178, 0.5380324329223433732, -0.9947524566068933760 ) ) ;
#3924 = UNCERTAINTY_MEASURE_WITH_UNIT (LENGTH_MEASURE( 1.000000000000000082E-05 ), #93, 'distance_accuracy_value', 'NONE');
#3925 = FILL_AREA_STYLE ('',( #4714 ) ) ;
#3926 = AXIS2_PLACEMENT_3D ( 'NONE', #1232, #4849, #4801 ) ;
#3927 = ORIENTED_EDGE ( 'NONE', *, *, #622, .T. ) ;
#3928 = CYLINDRICAL_SURFACE ( 'NONE', #2021, 0.1599999999999999756 ) ;
#3929 = FILL_AREA_STYLE ('',( #3524 ) ) ;
#3930 =( NAMED_UNIT ( * ) PLANE_ANGLE_UNIT ( ) SI_UNIT ( $, .RADIAN. ) );
#3931 = EDGE_CURVE ( 'NONE', #802, #2454, #3421, .T. ) ;
#3932 = VERTEX_POINT ( 'NONE', #2209 ) ;
#3933 =( GEOMETRIC_REPRESENTATION_CONTEXT ( 3 ) GLOBAL_UNCERTAINTY_ASSIGNED_CONTEXT ( ( #517 ) ) GLOBAL_UNIT_ASSIGNED_CONTEXT ( ( #2750, #3550, #795 ) ) REPRESENTATION_CONTEXT ( 'NONE', 'WORKASPACE' ) );
#3934 = FILL_AREA_STYLE ('',( #812 ) ) ;
#3935 = FILL_AREA_STYLE_COLOUR ( '', #1208 ) ;
#3936 = FILL_AREA_STYLE_COLOUR ( '', #4190 ) ;
#3937 = ORIENTED_EDGE ( 'NONE', *, *, #2518, .F. ) ;
#3938 = EDGE_CURVE ( 'NONE', #4735, #3488, #3535, .T. ) ;
#3939 = SURFACE_SIDE_STYLE ('',( #906 ) ) ;
#3940 = CARTESIAN_POINT ( 'NONE',  ( -0.2500000000000000000, 0.5950000000000001954, 1.153085987590313666 ) ) ;
#3941 = SURFACE_STYLE_FILL_AREA ( #1317 ) ;
#3942 = DIRECTION ( 'NONE',  ( -0.000000000000000000, 4.391011113158564976E-16, -1.000000000000000000 ) ) ;
#3943 = FACE_OUTER_BOUND ( 'NONE', #4221, .T. ) ;
#3944 = PRESENTATION_STYLE_ASSIGNMENT (( #1595 ) ) ;
#3945 = PRESENTATION_STYLE_ASSIGNMENT (( #568 ) ) ;
#3946 = PRODUCT_CONTEXT ( 'NONE', #1613, 'mechanical' ) ;
#3947 =( LENGTH_UNIT ( ) NAMED_UNIT ( * ) SI_UNIT ( .MILLI., .METRE. ) );
#3948 = CARTESIAN_POINT ( 'NONE',  ( -0.6999999999999999556, 0.5150000000000000133, -1.153085987590313888 ) ) ;
#3949 = PRESENTATION_LAYER_ASSIGNMENT (  '', '', ( #3678 ) ) ;
#3950 = LINE ( 'NONE', #3898, #4918 ) ;
#3951 = UNCERTAINTY_MEASURE_WITH_UNIT (LENGTH_MEASURE( 1.000000000000000082E-05 ), #4868, 'distance_accuracy_value', 'NONE');
#3952 = PRESENTATION_LAYER_ASSIGNMENT (  '', '', ( #3514 ) ) ;
#3953 = LINE ( 'NONE', #114, #1964 ) ;
#3954 = DIRECTION ( 'NONE',  ( 0.000000000000000000, -0.08634300732914253207, 0.9962654691824661679 ) ) ;
#3955 = EDGE_CURVE ( 'NONE', #3536, #1847, #5018, .T. ) ;
#3956 = CARTESIAN_POINT ( 'NONE',  ( 0.2500000000000000000, -0.06568288312786950411, 0.9069313082073552357 ) ) ;
#3957 = CYLINDRICAL_SURFACE ( 'NONE', #5174, 0.05000000000000002359 ) ;
#3958 = SURFACE_SIDE_STYLE ('',( #1751 ) ) ;
#3959 = ORIENTED_EDGE ( 'NONE', *, *, #4524, .T. ) ;
#3960 = STYLED_ITEM ( 'NONE', ( #4057 ), #2729 ) ;
#3961 = FACE_OUTER_BOUND ( 'NONE', #4367, .T. ) ;
#3962 = VECTOR ( 'NONE', #4669, 1000.000000000000114 ) ;
#3963 = DIRECTION ( 'NONE',  ( 0.000000000000000000, 0.000000000000000000, 1.000000000000000000 ) ) ;
#3964 = EDGE_CURVE ( 'NONE', #5156, #663, #2488, .T. ) ;
#3965 =( GEOMETRIC_REPRESENTATION_CONTEXT ( 3 ) GLOBAL_UNCERTAINTY_ASSIGNED_CONTEXT ( ( #3415 ) ) GLOBAL_UNIT_ASSIGNED_CONTEXT ( ( #4654, #235, #1898 ) ) REPRESENTATION_CONTEXT ( 'NONE', 'WORKASPACE' ) );
#3966 = ORIENTED_EDGE ( 'NONE', *, *, #766, .T. ) ;
#3967 = PLANE ( 'NONE',  #1114 ) ;
#3968 = SURFACE_STYLE_FILL_AREA ( #2627 ) ;
#3969 = CARTESIAN_POINT ( 'NONE',  ( 0.2500000000000000000, 0.5950000000000000844, -1.399999999999999911 ) ) ;
#3970 = PRESENTATION_STYLE_ASSIGNMENT (( #4178 ) ) ;
#3971 = FILL_AREA_STYLE_COLOUR ( '', #1626 ) ;
#3972 = ORIENTED_EDGE ( 'NONE', *, *, #2446, .T. ) ;
#3973 = CARTESIAN_POINT ( 'NONE',  ( -0.2500000000000000000, -0.05416666666669783803, 0.8277645427156451463 ) ) ;
#3974 = PRESENTATION_LAYER_ASSIGNMENT (  '', '', ( #3873 ) ) ;
#3975 = SURFACE_STYLE_FILL_AREA ( #4121 ) ;
#3976 = FACE_OUTER_BOUND ( 'NONE', #3607, .T. ) ;
#3977 = ORIENTED_EDGE ( 'NONE', *, *, #4097, .T. ) ;
#3978 = COLOUR_RGB ( '',0.2509803921568627416, 0.2509803921568627416, 0.2509803921568627416 ) ;
#3979 = ORIENTED_EDGE ( 'NONE', *, *, #2556, .F. ) ;
#3980 = CARTESIAN_POINT ( 'NONE',  ( 0.6999999999999999556, -0.05416666666669788660, -0.8277645427156449243 ) ) ;
#3981 = FILL_AREA_STYLE ('',( #3642 ) ) ;
#3982 = EDGE_CURVE ( 'NONE', #3105, #424, #3290, .T. ) ;
#3983 = COLOUR_RGB ( '',1.000000000000000000, 1.000000000000000000, 1.000000000000000000 ) ;
#3984 = EDGE_LOOP ( 'NONE', ( #2352, #2179, #2408, #3829 ) ) ;
#3985 = DIRECTION ( 'NONE',  ( 0.000000000000000000, 0.000000000000000000, 1.000000000000000000 ) ) ;
#3986 = ORIENTED_EDGE ( 'NONE', *, *, #3804, .F. ) ;
#3987 = VECTOR ( 'NONE', #1014, 1000.000000000000114 ) ;
#3988 = PRESENTATION_LAYER_ASSIGNMENT (  '', '', ( #3913 ) ) ;
#3989 = CARTESIAN_POINT ( 'NONE',  ( 0.2500000000000000000, 0.5265162164611717488, 1.073919222098603132 ) ) ;
#3990 = CARTESIAN_POINT ( 'NONE',  ( -0.6999999999999999556, -0.07719909958904112857, -0.9860980736990661022 ) ) ;
#3991 = EDGE_LOOP ( 'NONE', ( #167, #718, #1105, #2128, #3921, #2633 ) ) ;
#3992 = PRESENTATION_STYLE_ASSIGNMENT (( #4069 ) ) ;
#3993 = UNCERTAINTY_MEASURE_WITH_UNIT (LENGTH_MEASURE( 1.000000000000000082E-05 ), #4218, 'distance_accuracy_value', 'NONE');
#3994 = DIRECTION ( 'NONE',  ( -1.000000000000000000, -0.000000000000000000, -0.000000000000000000 ) ) ;
#3995 = SURFACE_STYLE_USAGE ( .BOTH. , #3939 ) ;
#3996 = STYLED_ITEM ( 'NONE', ( #1693 ), #2630 ) ;
#3997 = SURFACE_SIDE_STYLE ('',( #2820 ) ) ;
#3998 = VERTEX_POINT ( 'NONE', #4593 ) ;
#3999 = AXIS2_PLACEMENT_3D ( 'NONE', #1938, #739, #701 ) ;
#4000 = SURFACE_SIDE_STYLE ('',( #3351 ) ) ;
#4001 = ORIENTED_EDGE ( 'NONE', *, *, #265, .F. ) ;
#4002 = CARTESIAN_POINT ( 'NONE',  ( -1.330116380766929840, 0.6291868393329324016, 0.6801163807669301509 ) ) ;
#4003 = CARTESIAN_POINT ( 'NONE',  ( -1.339145906842450273, 0.5250000000000000222, 0.6891459068424506951 ) ) ;
#4004 = CARTESIAN_POINT ( 'NONE',  ( 1.429536463331204654, -0.1760646121896910776, 0.7998263945175608791 ) ) ;
#4005 = DIRECTION ( 'NONE',  ( 0.000000000000000000, -1.000000000000000000, 0.000000000000000000 ) ) ;
#4006 = DIRECTION ( 'NONE',  ( 1.000000000000000000, 0.000000000000000000, -1.495451272393799296E-16 ) ) ;
#4007 = EDGE_CURVE ( 'NONE', #4708, #5102, #394, .T. ) ;
#4008 = SURFACE_SIDE_STYLE ('',( #5190 ) ) ;
#4009 = DIRECTION ( 'NONE',  ( 0.000000000000000000, 0.000000000000000000, -1.000000000000000000 ) ) ;
#4010 = COLOUR_RGB ( '',1.000000000000000000, 1.000000000000000000, 1.000000000000000000 ) ;
#4011 = CARTESIAN_POINT ( 'NONE',  ( 0.2500000000000000000, 0.5150000000000000133, -1.153085987590313666 ) ) ;
#4012 =( NAMED_UNIT ( * ) SI_UNIT ( $, .STERADIAN. ) SOLID_ANGLE_UNIT ( ) );
#4013 = UNCERTAINTY_MEASURE_WITH_UNIT (LENGTH_MEASURE( 1.000000000000000082E-05 ), #2077, 'distance_accuracy_value', 'NONE');
#4014 = DIRECTION ( 'NONE',  ( 1.000000000000000000, 0.000000000000000000, -0.000000000000000000 ) ) ;
#4015 =( NAMED_UNIT ( * ) SI_UNIT ( $, .STERADIAN. ) SOLID_ANGLE_UNIT ( ) );
#4016 = DIRECTION ( 'NONE',  ( 1.000000000000000000, 0.000000000000000000, -0.000000000000000000 ) ) ;
#4017 = STYLED_ITEM ( 'NONE', ( #1665 ), #1331 ) ;
#4018 = VECTOR ( 'NONE', #1067, 1000.000000000000000 ) ;
#4019 =( GEOMETRIC_REPRESENTATION_CONTEXT ( 3 ) GLOBAL_UNCERTAINTY_ASSIGNED_CONTEXT ( ( #3019 ) ) GLOBAL_UNIT_ASSIGNED_CONTEXT ( ( #749, #4243, #3495 ) ) REPRESENTATION_CONTEXT ( 'NONE', 'WORKASPACE' ) );
#4020 = VERTEX_POINT ( 'NONE', #4186 ) ;
#4021 =( NAMED_UNIT ( * ) PLANE_ANGLE_UNIT ( ) SI_UNIT ( $, .RADIAN. ) );
#4022 = CARTESIAN_POINT ( 'NONE',  ( 1.342469145205119396, -0.5250000000000000222, 0.000000000000000000 ) ) ;
#4023 = EDGE_CURVE ( 'NONE', #2387, #1731, #3174, .T. ) ;
#4024 =( NAMED_UNIT ( * ) PLANE_ANGLE_UNIT ( ) SI_UNIT ( $, .RADIAN. ) );
#4025 = LINE ( 'NONE', #1025, #3769 ) ;
#4026 = VERTEX_POINT ( 'NONE', #2997 ) ;
#4027 = EDGE_CURVE ( 'NONE', #2250, #4258, #2567, .T. ) ;
#4028 = LINE ( 'NONE', #952, #2615 ) ;
#4029 = MECHANICAL_DESIGN_GEOMETRIC_PRESENTATION_REPRESENTATION (  '', ( #336 ), #3933 ) ;
#4030 = DIRECTION ( 'NONE',  ( -1.000000000000000000, -0.000000000000000000, -0.000000000000000000 ) ) ;
#4031 = ORIENTED_EDGE ( 'NONE', *, *, #3473, .F. ) ;
#4032 = FACE_OUTER_BOUND ( 'NONE', #4167, .T. ) ;
#4033 = VERTEX_POINT ( 'NONE', #1296 ) ;
#4034 =( NAMED_UNIT ( * ) SI_UNIT ( $, .STERADIAN. ) SOLID_ANGLE_UNIT ( ) );
#4035 = PRESENTATION_STYLE_ASSIGNMENT (( #3456 ) ) ;
#4036 = DIRECTION ( 'NONE',  ( -0.000000000000000000, 2.974683716947999386E-16, -1.000000000000000000 ) ) ;
#4037 = CARTESIAN_POINT ( 'NONE',  ( 0.6999999999999999556, -0.07719909958904112857, 0.9860980736990656581 ) ) ;
#4038 = ORIENTED_EDGE ( 'NONE', *, *, #4658, .F. ) ;
#4039 = PRESENTATION_STYLE_ASSIGNMENT (( #2507 ) ) ;
#4040 = VERTEX_POINT ( 'NONE', #164 ) ;
#4041 = AXIS2_PLACEMENT_3D ( 'NONE', #762, #3555, #3954 ) ;
#4042 = CARTESIAN_POINT ( 'NONE',  ( 1.200000000000000178, 0.6750000000000000444, -1.399999999999999689 ) ) ;
#4043 = DIRECTION ( 'NONE',  ( 7.047314121155590481E-16, 4.336808689942024836E-15, 1.000000000000000000 ) ) ;
#4044 = DIRECTION ( 'NONE',  ( 0.000000000000000000, -1.000000000000000000, 1.487341858474000679E-16 ) ) ;
#4045 = ORIENTED_EDGE ( 'NONE', *, *, #4946, .F. ) ;
#4046 = ORIENTED_EDGE ( 'NONE', *, *, #1851, .T. ) ;
#4047 = CIRCLE ( 'NONE', #2878, 0.08000000000000020983 ) ;
#4048 =( LENGTH_UNIT ( ) NAMED_UNIT ( * ) SI_UNIT ( .MILLI., .METRE. ) );
#4049 = ORIENTED_EDGE ( 'NONE', *, *, #3685, .T. ) ;
#4050 =( GEOMETRIC_REPRESENTATION_CONTEXT ( 3 ) GLOBAL_UNCERTAINTY_ASSIGNED_CONTEXT ( ( #4480 ) ) GLOBAL_UNIT_ASSIGNED_CONTEXT ( ( #1510, #3460, #3844 ) ) REPRESENTATION_CONTEXT ( 'NONE', 'WORKASPACE' ) );
#4051 = LINE ( 'NONE', #3989, #2450 ) ;
#4052 = CARTESIAN_POINT ( 'NONE',  ( 1.388959180301573504, 0.5293171503664571009, 0.6891459068424503620 ) ) ;
#4053 = FILL_AREA_STYLE ('',( #3621 ) ) ;
#4054 = CARTESIAN_POINT ( 'NONE',  ( -0.6999999999999999556, 0.5150000000000000133, -1.153085987590313888 ) ) ;
#4055 = EDGE_CURVE ( 'NONE', #2043, #4321, #209, .T. ) ;
#4056 = ORIENTED_EDGE ( 'NONE', *, *, #3164, .F. ) ;
#4057 = PRESENTATION_STYLE_ASSIGNMENT (( #2595 ) ) ;
#4058 = PLANE ( 'NONE',  #2383 ) ;
#4059 = FILL_AREA_STYLE_COLOUR ( '', #1473 ) ;
#4060 = STYLED_ITEM ( 'NONE', ( #2896 ), #2353 ) ;
#4061 = CARTESIAN_POINT ( 'NONE',  ( 0.000000000000000000, 0.000000000000000000, 0.000000000000000000 ) ) ;
#4062 = EDGE_CURVE ( 'NONE', #3542, #3686, #918, .T. ) ;
#4063 = ORIENTED_EDGE ( 'NONE', *, *, #2071, .T. ) ;
#4064 = VECTOR ( 'NONE', #964, 1000.000000000000000 ) ;
#4065 =( GEOMETRIC_REPRESENTATION_CONTEXT ( 3 ) GLOBAL_UNCERTAINTY_ASSIGNED_CONTEXT ( ( #2825 ) ) GLOBAL_UNIT_ASSIGNED_CONTEXT ( ( #4750, #2366, #2775 ) ) REPRESENTATION_CONTEXT ( 'NONE', 'WORKASPACE' ) );
#4066 = DIRECTION ( 'NONE',  ( -1.000000000000000000, -0.000000000000000000, 0.000000000000000000 ) ) ;
#4067 =( NAMED_UNIT ( * ) PLANE_ANGLE_UNIT ( ) SI_UNIT ( $, .RADIAN. ) );
#4068 =( GEOMETRIC_REPRESENTATION_CONTEXT ( 3 ) GLOBAL_UNCERTAINTY_ASSIGNED_CONTEXT ( ( #4013 ) ) GLOBAL_UNIT_ASSIGNED_CONTEXT ( ( #2077, #891, #2912 ) ) REPRESENTATION_CONTEXT ( 'NONE', 'WORKASPACE' ) );
#4069 = SURFACE_STYLE_USAGE ( .BOTH. , #3718 ) ;
#4070 =( NAMED_UNIT ( * ) SI_UNIT ( $, .STERADIAN. ) SOLID_ANGLE_UNIT ( ) );
#4071 = DIRECTION ( 'NONE',  ( -1.000000000000000000, -0.000000000000000000, -0.000000000000000000 ) ) ;
#4072 = SURFACE_STYLE_FILL_AREA ( #4952 ) ;
#4073 = SURFACE_STYLE_USAGE ( .BOTH. , #4008 ) ;
#4074 = VECTOR ( 'NONE', #2753, 1000.000000000000000 ) ;
#4075 = VECTOR ( 'NONE', #1624, 1000.000000000000000 ) ;
#4076 = LINE ( 'NONE', #3307, #1781 ) ;
#4077 = LINE ( 'NONE', #3545, #1408 ) ;
#4078 = COLOUR_RGB ( '',0.2509803921568627416, 0.2509803921568627416, 0.2509803921568627416 ) ;
#4079 = STYLED_ITEM ( 'NONE', ( #833 ), #3068 ) ;
#4080 = SURFACE_STYLE_FILL_AREA ( #5221 ) ;
#4081 = EDGE_LOOP ( 'NONE', ( #3013, #2796, #2382 ) ) ;
#4082 = LINE ( 'NONE', #2384, #2093 ) ;
#4083 = COLOUR_RGB ( '',0.2509803921568627416, 0.2509803921568627416, 0.2509803921568627416 ) ;
#4084 =( LENGTH_UNIT ( ) NAMED_UNIT ( * ) SI_UNIT ( .MILLI., .METRE. ) );
#4085 = ORIENTED_EDGE ( 'NONE', *, *, #3629, .T. ) ;
#4086 = DIRECTION ( 'NONE',  ( 0.000000000000000000, -0.000000000000000000, 1.000000000000000000 ) ) ;
#4087 = FILL_AREA_STYLE ('',( #2429 ) ) ;
#4088 =( LENGTH_UNIT ( ) NAMED_UNIT ( * ) SI_UNIT ( .MILLI., .METRE. ) );
#4089 = FACE_OUTER_BOUND ( 'NONE', #851, .T. ) ;
#4090 = ORIENTED_EDGE ( 'NONE', *, *, #2818, .T. ) ;
#4091 = AXIS2_PLACEMENT_3D ( 'NONE', #1282, #4465, #916 ) ;
#4092 = CARTESIAN_POINT ( 'NONE',  ( -1.200000000000000178, 0.5950000000000001954, -1.153085987590313888 ) ) ;
#4093 = COLOUR_RGB ( '',1.000000000000000000, 1.000000000000000000, 1.000000000000000000 ) ;
#4094 = ORIENTED_EDGE ( 'NONE', *, *, #94, .F. ) ;
#4095 = FACE_OUTER_BOUND ( 'NONE', #5033, .T. ) ;
#4096 = ORIENTED_EDGE ( 'NONE', *, *, #2389, .T. ) ;
#4097 = EDGE_CURVE ( 'NONE', #4271, #3057, #3720, .T. ) ;
#4098 = MECHANICAL_DESIGN_GEOMETRIC_PRESENTATION_REPRESENTATION (  '', ( #1860 ), #1364 ) ;
#4099 = PRESENTATION_STYLE_ASSIGNMENT (( #3907 ) ) ;
#4100 = DIRECTION ( 'NONE',  ( -1.000000000000000000, -0.000000000000000000, 0.000000000000000000 ) ) ;
#4101 =( NAMED_UNIT ( * ) SI_UNIT ( $, .STERADIAN. ) SOLID_ANGLE_UNIT ( ) );
#4102 = ORIENTED_EDGE ( 'NONE', *, *, #2707, .F. ) ;
#4103 = SURFACE_STYLE_FILL_AREA ( #2530 ) ;
#4104 =( NAMED_UNIT ( * ) SI_UNIT ( $, .STERADIAN. ) SOLID_ANGLE_UNIT ( ) );
#4105 = PRESENTATION_STYLE_ASSIGNMENT (( #5022 ) ) ;
#4106 = DIRECTION ( 'NONE',  ( 0.000000000000000000, -0.000000000000000000, 1.000000000000000000 ) ) ;
#4107 = DIRECTION ( 'NONE',  ( 0.000000000000000000, -1.000000000000000000, 1.487341858474000679E-16 ) ) ;
#4108 = EDGE_CURVE ( 'NONE', #4373, #2048, #225, .T. ) ;
#4109 = FILL_AREA_STYLE_COLOUR ( '', #3543 ) ;
#4110 =( NAMED_UNIT ( * ) PLANE_ANGLE_UNIT ( ) SI_UNIT ( $, .RADIAN. ) );
#4111 = ORIENTED_EDGE ( 'NONE', *, *, #3572, .F. ) ;
#4112 = LINE ( 'NONE', #3419, #4757 ) ;
#4113 = CARTESIAN_POINT ( 'NONE',  ( 1.200000000000000178, -0.1341666666666978813, -0.7964611111111115083 ) ) ;
#4114 = LINE ( 'NONE', #5239, #1997 ) ;
#4115 = ORIENTED_EDGE ( 'NONE', *, *, #2832, .F. ) ;
#4116 = UNCERTAINTY_MEASURE_WITH_UNIT (LENGTH_MEASURE( 1.000000000000000082E-05 ), #2455, 'distance_accuracy_value', 'NONE');
#4117 = DIRECTION ( 'NONE',  ( -1.000000000000000000, -0.000000000000000000, -0.000000000000000000 ) ) ;
#4118 = ORIENTED_EDGE ( 'NONE', *, *, #1528, .T. ) ;
#4119 = COLOUR_RGB ( '',0.2509803921568627416, 0.2509803921568627416, 0.2509803921568627416 ) ;
#4120 = DIRECTION ( 'NONE',  ( 1.000000000000000000, 0.000000000000000000, 0.000000000000000000 ) ) ;
#4121 = FILL_AREA_STYLE ('',( #2099 ) ) ;
#4122 =( GEOMETRIC_REPRESENTATION_CONTEXT ( 3 ) GLOBAL_UNCERTAINTY_ASSIGNED_CONTEXT ( ( #985 ) ) GLOBAL_UNIT_ASSIGNED_CONTEXT ( ( #2171, #2991, #3032 ) ) REPRESENTATION_CONTEXT ( 'NONE', 'WORKASPACE' ) );
#4123 = PRESENTATION_LAYER_ASSIGNMENT (  '', '', ( #291 ) ) ;
#4124 = ORIENTED_EDGE ( 'NONE', *, *, #2533, .F. ) ;
#4125 = CARTESIAN_POINT ( 'NONE',  ( -0.2500000000000000000, 0.5150000000000000133, -1.153085987590313666 ) ) ;
#4126 = DIRECTION ( 'NONE',  ( 0.000000000000000000, 0.000000000000000000, 1.000000000000000000 ) ) ;
#4127 = FILL_AREA_STYLE_COLOUR ( '', #1660 ) ;
#4128 = EDGE_CURVE ( 'NONE', #3725, #553, #1602, .T. ) ;
#4129 = ORIENTED_EDGE ( 'NONE', *, *, #1723, .F. ) ;
#4130 = LINE ( 'NONE', #3700, #1132 ) ;
#4131 = ADVANCED_FACE ( 'NONE', ( #4095 ), #2931, .T. ) ;
#4132 = SURFACE_SIDE_STYLE ('',( #2905 ) ) ;
#4133 = DIRECTION ( 'NONE',  ( 0.000000000000000000, 1.487341858474000679E-16, 1.000000000000000000 ) ) ;
#4134 = EDGE_CURVE ( 'NONE', #1798, #2885, #3784, .T. ) ;
#4135 = MECHANICAL_DESIGN_GEOMETRIC_PRESENTATION_REPRESENTATION (  '', ( #2066 ), #4 ) ;
#4136 = LINE ( 'NONE', #4317, #890 ) ;
#4137 = CARTESIAN_POINT ( 'NONE',  ( 0.6999999999999999556, -0.2141666666666978136, 0.7936354166666604870 ) ) ;
#4138 =( NAMED_UNIT ( * ) SI_UNIT ( $, .STERADIAN. ) SOLID_ANGLE_UNIT ( ) );
#4139 = PRESENTATION_STYLE_ASSIGNMENT (( #3881 ) ) ;
#4140 = LINE ( 'NONE', #155, #1516 ) ;
#4141 = PRESENTATION_LAYER_ASSIGNMENT (  '', '', ( #728 ) ) ;
#4142 = CARTESIAN_POINT ( 'NONE',  ( 1.200000000000000178, 0.5380324329223433732, 0.9947524566068929319 ) ) ;
#4143 = CARTESIAN_POINT ( 'NONE',  ( 0.6999999999999999556, -0.1341666666666978813, 0.6455263157894750581 ) ) ;
#4144 =( LENGTH_UNIT ( ) NAMED_UNIT ( * ) SI_UNIT ( .MILLI., .METRE. ) );
#4145 =( LENGTH_UNIT ( ) NAMED_UNIT ( * ) SI_UNIT ( .MILLI., .METRE. ) );
#4146 =( NAMED_UNIT ( * ) SI_UNIT ( $, .STERADIAN. ) SOLID_ANGLE_UNIT ( ) );
#4147 = FACE_OUTER_BOUND ( 'NONE', #199, .T. ) ;
#4148 = DIRECTION ( 'NONE',  ( 0.000000000000000000, 0.9895845686463776714, 0.1439527057646453889 ) ) ;
#4149 = CARTESIAN_POINT ( 'NONE',  ( -1.200000000000000178, -0.07719909958904112857, 0.9860980736990661022 ) ) ;
#4150 = CARTESIAN_POINT ( 'NONE',  ( 0.2500000000000000000, -0.07719909958904112857, -0.9860980736990658801 ) ) ;
#4151 = CIRCLE ( 'NONE', #4589, 0.07999999999999998779 ) ;
#4152 = UNCERTAINTY_MEASURE_WITH_UNIT (LENGTH_MEASURE( 1.000000000000000082E-05 ), #5137, 'distance_accuracy_value', 'NONE');
#4153 = VERTEX_POINT ( 'NONE', #1694 ) ;
#4154 = MECHANICAL_DESIGN_GEOMETRIC_PRESENTATION_REPRESENTATION (  '', ( #1275 ), #1457 ) ;
#4155 = SURFACE_STYLE_USAGE ( .BOTH. , #3759 ) ;
#4156 = AXIS2_PLACEMENT_3D ( 'NONE', #2007, #4740, #1577 ) ;
#4157 = SURFACE_STYLE_FILL_AREA ( #1833 ) ;
#4158 = DIRECTION ( 'NONE',  ( 1.000000000000000000, 0.000000000000000000, -1.495451272393799296E-16 ) ) ;
#4159 = DIRECTION ( 'NONE',  ( 1.000000000000000000, 0.000000000000000000, 0.000000000000000000 ) ) ;
#4160 = ADVANCED_FACE ( 'NONE', ( #5204 ), #3311, .F. ) ;
#4161 = ORIENTED_EDGE ( 'NONE', *, *, #4023, .T. ) ;
#4162 = SURFACE_STYLE_FILL_AREA ( #1538 ) ;
#4163 = CARTESIAN_POINT ( 'NONE',  ( 0.2500000000000000000, 0.6750000000000000444, 1.153085987590313666 ) ) ;
#4164 =( NAMED_UNIT ( * ) PLANE_ANGLE_UNIT ( ) SI_UNIT ( $, .RADIAN. ) );
#4165 = ORIENTED_EDGE ( 'NONE', *, *, #3069, .T. ) ;
#4166 = CARTESIAN_POINT ( 'NONE',  ( -0.6999999999999999556, 0.5150000000000000133, 1.153085987590313888 ) ) ;
#4167 = EDGE_LOOP ( 'NONE', ( #2677, #2243, #2229, #1982 ) ) ;
#4168 = MECHANICAL_DESIGN_GEOMETRIC_PRESENTATION_REPRESENTATION (  '', ( #3960 ), #4615 ) ;
#4169 = PRESENTATION_STYLE_ASSIGNMENT (( #4917 ) ) ;
#4170 = EDGE_CURVE ( 'NONE', #3444, #3230, #1865, .T. ) ;
#4171 = VECTOR ( 'NONE', #3067, 1000.000000000000000 ) ;
#4172 = STYLED_ITEM ( 'NONE', ( #2534 ), #4951 ) ;
#4173 = CARTESIAN_POINT ( 'NONE',  ( 1.200000000000000178, 0.5150000000000000133, -1.153085987590313444 ) ) ;
#4174 = VERTEX_POINT ( 'NONE', #4548 ) ;
#4175 = FILL_AREA_STYLE_COLOUR ( '', #4198 ) ;
#4176 = ORIENTED_EDGE ( 'NONE', *, *, #2016, .T. ) ;
#4177 = ORIENTED_EDGE ( 'NONE', *, *, #3964, .T. ) ;
#4178 = SURFACE_STYLE_USAGE ( .BOTH. , #548 ) ;
#4179 = STYLED_ITEM ( 'NONE', ( #3180 ), #3887 ) ;
#4180 = DIRECTION ( 'NONE',  ( -1.000000000000000000, -3.336370912109251869E-32, 1.121588454295349780E-16 ) ) ;
#4181 = LINE ( 'NONE', #3811, #3733 ) ;
#4182 = ORIENTED_EDGE ( 'NONE', *, *, #3232, .T. ) ;
#4183 = CARTESIAN_POINT ( 'NONE',  ( 1.388959180301573504, 0.5293171503664571009, 0.000000000000000000 ) ) ;
#4184 =( NAMED_UNIT ( * ) SI_UNIT ( $, .STERADIAN. ) SOLID_ANGLE_UNIT ( ) );
#4185 = EDGE_CURVE ( 'NONE', #3839, #1233, #719, .T. ) ;
#4186 = CARTESIAN_POINT ( 'NONE',  ( 0.6999999999999999556, -0.06568288312786950411, 0.9069313082073551247 ) ) ;
#4187 = DIRECTION ( 'NONE',  ( 0.000000000000000000, 0.000000000000000000, 1.000000000000000000 ) ) ;
#4188 = ORIENTED_EDGE ( 'NONE', *, *, #3411, .F. ) ;
#4189 = UNCERTAINTY_MEASURE_WITH_UNIT (LENGTH_MEASURE( 1.000000000000000082E-05 ), #1620, 'distance_accuracy_value', 'NONE');
#4190 = COLOUR_RGB ( '',0.2509803921568627416, 0.2509803921568627416, 0.2509803921568627416 ) ;
#4191 = ADVANCED_FACE ( 'NONE', ( #2617 ), #175, .T. ) ;
#4192 = DIRECTION ( 'NONE',  ( 0.000000000000000000, 0.000000000000000000, 1.000000000000000000 ) ) ;
#4193 = CARTESIAN_POINT ( 'NONE',  ( -0.6999999999999999556, 0.6750000000000000444, -1.400000000000000133 ) ) ;
#4194 = DIRECTION ( 'NONE',  ( 0.1583717986114569209, 0.9745956837628331204, 0.1583717986114570320 ) ) ;
#4195 = CARTESIAN_POINT ( 'NONE',  ( 1.449999999999999956, -0.1750000000000311307, 0.8000000000000000444 ) ) ;
#4196 = ORIENTED_EDGE ( 'NONE', *, *, #2889, .T. ) ;
#4197 = MECHANICAL_DESIGN_GEOMETRIC_PRESENTATION_REPRESENTATION (  '', ( #4436 ), #3549 ) ;
#4198 = COLOUR_RGB ( '',1.000000000000000000, 1.000000000000000000, 1.000000000000000000 ) ;
#4199 = CARTESIAN_POINT ( 'NONE',  ( -0.2500000000000000000, 0.5950000000000001954, -1.153085987590313666 ) ) ;
#4200 = ORIENTED_EDGE ( 'NONE', *, *, #2156, .F. ) ;
#4201 = LINE ( 'NONE', #4142, #1325 ) ;
#4202 = FILL_AREA_STYLE_COLOUR ( '', #3052 ) ;
#4203 =( GEOMETRIC_REPRESENTATION_CONTEXT ( 3 ) GLOBAL_UNCERTAINTY_ASSIGNED_CONTEXT ( ( #4226 ) ) GLOBAL_UNIT_ASSIGNED_CONTEXT ( ( #3747, #3375, #4628 ) ) REPRESENTATION_CONTEXT ( 'NONE', 'WORKASPACE' ) );
#4204 = AXIS2_PLACEMENT_3D ( 'NONE', #1713, #3697, #2169 ) ;
#4205 = DIRECTION ( 'NONE',  ( 0.000000000000000000, 0.000000000000000000, -1.000000000000000000 ) ) ;
#4206 = DIRECTION ( 'NONE',  ( 0.000000000000000000, -1.000000000000000000, 1.487341858474000679E-16 ) ) ;
#4207 = COLOUR_RGB ( '',1.000000000000000000, 1.000000000000000000, 1.000000000000000000 ) ;
#4208 = DIRECTION ( 'NONE',  ( 0.000000000000000000, 1.000000000000000000, -4.391011113158564976E-16 ) ) ;
#4209 = AXIS2_PLACEMENT_3D ( 'NONE', #4699, #1052, #5093 ) ;
#4210 = CARTESIAN_POINT ( 'NONE',  ( 0.2500000000000000000, -0.05416666666669783803, 0.8277645427156451463 ) ) ;
#4211 = DIRECTION ( 'NONE',  ( -1.000000000000000000, 0.000000000000000000, 1.495451272393799542E-16 ) ) ;
#4212 =( LENGTH_UNIT ( ) NAMED_UNIT ( * ) SI_UNIT ( .MILLI., .METRE. ) );
#4213 = EDGE_CURVE ( 'NONE', #1221, #4562, #1101, .T. ) ;
#4214 = AXIS2_PLACEMENT_3D ( 'NONE', #4370, #1935, #4738 ) ;
#4215 = LINE ( 'NONE', #1858, #1841 ) ;
#4216 = VECTOR ( 'NONE', #2512, 1000.000000000000000 ) ;
#4217 = CARTESIAN_POINT ( 'NONE',  ( 0.2500000000000000000, 0.5950000000000001954, -1.153085987590313666 ) ) ;
#4218 =( LENGTH_UNIT ( ) NAMED_UNIT ( * ) SI_UNIT ( .MILLI., .METRE. ) );
#4219 = ADVANCED_FACE ( 'NONE', ( #4032 ), #944, .F. ) ;
#4220 = EDGE_CURVE ( 'NONE', #2416, #1484, #1285, .T. ) ;
#4221 = EDGE_LOOP ( 'NONE', ( #2501, #2449, #1370, #362 ) ) ;
#4222 = CARTESIAN_POINT ( 'NONE',  ( -0.6999999999999999556, -0.05416666666669788660, 0.8277645427156451463 ) ) ;
#4223 = PLANE ( 'NONE',  #565 ) ;
#4224 = LINE ( 'NONE', #1569, #4352 ) ;
#4225 = LINE ( 'NONE', #3862, #3835 ) ;
#4226 = UNCERTAINTY_MEASURE_WITH_UNIT (LENGTH_MEASURE( 1.000000000000000082E-05 ), #3747, 'distance_accuracy_value', 'NONE');
#4227 = ORIENTED_EDGE ( 'NONE', *, *, #3434, .F. ) ;
#4228 = CARTESIAN_POINT ( 'NONE',  ( 0.6999999999999999556, 0.6750000000000000444, -1.153085987590313444 ) ) ;
#4229 = DIRECTION ( 'NONE',  ( 0.000000000000000000, -0.1603960693763873679, 0.9870527346239436062 ) ) ;
#4230 = PLANE ( 'NONE',  #4653 ) ;
#4231 = PRESENTATION_STYLE_ASSIGNMENT (( #3805 ) ) ;
#4232 = ORIENTED_EDGE ( 'NONE', *, *, #2016, .F. ) ;
#4233 = CARTESIAN_POINT ( 'NONE',  ( -0.6999999999999999556, 0.5749999999999999556, 0.7350000000000003197 ) ) ;
#4234 = PRESENTATION_LAYER_ASSIGNMENT (  '', '', ( #129 ) ) ;
#4235 =( NAMED_UNIT ( * ) SI_UNIT ( $, .STERADIAN. ) SOLID_ANGLE_UNIT ( ) );
#4236 =( GEOMETRIC_REPRESENTATION_CONTEXT ( 3 ) GLOBAL_UNCERTAINTY_ASSIGNED_CONTEXT ( ( #3610 ) ) GLOBAL_UNIT_ASSIGNED_CONTEXT ( ( #2799, #1574, #1591 ) ) REPRESENTATION_CONTEXT ( 'NONE', 'WORKASPACE' ) );
#4237 = VECTOR ( 'NONE', #1714, 1000.000000000000000 ) ;
#4238 = ORIENTED_EDGE ( 'NONE', *, *, #4581, .T. ) ;
#4239 = ORIENTED_EDGE ( 'NONE', *, *, #1334, .T. ) ;
#4240 = EDGE_CURVE ( 'NONE', #933, #3686, #22, .T. ) ;
#4241 = CIRCLE ( 'NONE', #3882, 0.05000000000000002359 ) ;
#4242 = LINE ( 'NONE', #4997, #1727 ) ;
#4243 =( NAMED_UNIT ( * ) PLANE_ANGLE_UNIT ( ) SI_UNIT ( $, .RADIAN. ) );
#4244 = ORIENTED_EDGE ( 'NONE', *, *, #3025, .T. ) ;
#4245 = FACE_OUTER_BOUND ( 'NONE', #1557, .T. ) ;
#4246 = EDGE_CURVE ( 'NONE', #1107, #2250, #4298, .T. ) ;
#4247 = AXIS2_PLACEMENT_3D ( 'NONE', #1606, #1239, #4844 ) ;
#4248 = ADVANCED_FACE ( 'NONE', ( #4089 ), #977, .F. ) ;
#4249 = LINE ( 'NONE', #3379, #4553 ) ;
#4250 = SURFACE_STYLE_USAGE ( .BOTH. , #2713 ) ;
#4251 = EDGE_LOOP ( 'NONE', ( #2089, #3558, #2623, #4634 ) ) ;
#4252 = DIRECTION ( 'NONE',  ( 0.000000000000000000, 0.000000000000000000, 1.000000000000000000 ) ) ;
#4253 = ORIENTED_EDGE ( 'NONE', *, *, #1851, .F. ) ;
#4254 = VECTOR ( 'NONE', #2085, 1000.000000000000114 ) ;
#4255 =( GEOMETRIC_REPRESENTATION_CONTEXT ( 3 ) GLOBAL_UNCERTAINTY_ASSIGNED_CONTEXT ( ( #4189 ) ) GLOBAL_UNIT_ASSIGNED_CONTEXT ( ( #1620, #1266, #2877 ) ) REPRESENTATION_CONTEXT ( 'NONE', 'WORKASPACE' ) );
#4256 = FACE_OUTER_BOUND ( 'NONE', #281, .T. ) ;
#4257 = CARTESIAN_POINT ( 'NONE',  ( -1.339145906842450273, 0.5250000000000000222, -0.6891459068424499179 ) ) ;
#4258 = VERTEX_POINT ( 'NONE', #3779 ) ;
#4259 = UNCERTAINTY_MEASURE_WITH_UNIT (LENGTH_MEASURE( 1.000000000000000082E-05 ), #966, 'distance_accuracy_value', 'NONE');
#4260 = SURFACE_STYLE_USAGE ( .BOTH. , #1058 ) ;
#4261 = CARTESIAN_POINT ( 'NONE',  ( 0.2500000000000000000, -0.2141666666666979801, -0.8277645427156451463 ) ) ;
#4262 = ORIENTED_EDGE ( 'NONE', *, *, #363, .F. ) ;
#4263 = CARTESIAN_POINT ( 'NONE',  ( -0.7000000000000000666, -0.2141666666666978136, 0.7936354166666605980 ) ) ;
#4264 = CARTESIAN_POINT ( 'NONE',  ( -0.2500000000000000000, -0.1341666666666978813, 0.6455263157894751691 ) ) ;
#4265 =( GEOMETRIC_REPRESENTATION_CONTEXT ( 3 ) GLOBAL_UNCERTAINTY_ASSIGNED_CONTEXT ( ( #3951 ) ) GLOBAL_UNIT_ASSIGNED_CONTEXT ( ( #4868, #869, #4015 ) ) REPRESENTATION_CONTEXT ( 'NONE', 'WORKASPACE' ) );
#4266 = VERTEX_POINT ( 'NONE', #4960 ) ;
#4267 = PRESENTATION_STYLE_ASSIGNMENT (( #4853 ) ) ;
#4268 = FILL_AREA_STYLE ('',( #1335 ) ) ;
#4269 = DIRECTION ( 'NONE',  ( -0.000000000000000000, 4.391011113158564976E-16, -1.000000000000000000 ) ) ;
#4270 = ADVANCED_FACE ( 'NONE', ( #2740 ), #1000, .F. ) ;
#4271 = VERTEX_POINT ( 'NONE', #635 ) ;
#4272 = PRESENTATION_LAYER_ASSIGNMENT (  '', '', ( #2644 ) ) ;
#4273 = DIRECTION ( 'NONE',  ( -0.000000000000000000, -1.000000000000000000, -0.000000000000000000 ) ) ;
#4274 = AXIS2_PLACEMENT_3D ( 'NONE', #4506, #2900, #1263 ) ;
#4275 = PRESENTATION_STYLE_ASSIGNMENT (( #3126 ) ) ;
#4276 = PRESENTATION_STYLE_ASSIGNMENT (( #4349 ) ) ;
#4277 = CARTESIAN_POINT ( 'NONE',  ( 0.6999999999999999556, -0.2141666666666977581, 0.6455263157894750581 ) ) ;
#4278 = DIRECTION ( 'NONE',  ( 0.000000000000000000, -1.487341858474000679E-16, 1.000000000000000000 ) ) ;
#4279 = CARTESIAN_POINT ( 'NONE',  ( -1.200000000000000178, 0.6750000000000000444, 1.153085987590313888 ) ) ;
#4280 = CARTESIAN_POINT ( 'NONE',  ( 0.6999999999999999556, -0.2141666666666977581, -0.6455263157894750581 ) ) ;
#4281 = ORIENTED_EDGE ( 'NONE', *, *, #4556, .F. ) ;
#4282 = PRESENTATION_STYLE_ASSIGNMENT (( #4497 ) ) ;
#4283 = STYLED_ITEM ( 'NONE', ( #3970 ), #4191 ) ;
#4284 = CARTESIAN_POINT ( 'NONE',  ( -1.200000000000000178, -0.1341666666666979368, -0.7964611111111110642 ) ) ;
#4285 = VECTOR ( 'NONE', #304, 1000.000000000000000 ) ;
#4286 = UNCERTAINTY_MEASURE_WITH_UNIT (LENGTH_MEASURE( 1.000000000000000082E-05 ), #2831, 'distance_accuracy_value', 'NONE');
#4287 = PRESENTATION_STYLE_ASSIGNMENT (( #315 ) ) ;
#4288 = DIRECTION ( 'NONE',  ( 0.000000000000000000, 0.000000000000000000, -1.000000000000000000 ) ) ;
#4289 = ORIENTED_EDGE ( 'NONE', *, *, #4732, .F. ) ;
#4290 = EDGE_CURVE ( 'NONE', #5164, #3719, #519, .T. ) ;
#4291 = VECTOR ( 'NONE', #5043, 1000.000000000000000 ) ;
#4292 = CARTESIAN_POINT ( 'NONE',  ( 1.200000000000000178, 0.5150000000000000133, -1.153085987590313444 ) ) ;
#4293 = VERTEX_POINT ( 'NONE', #4284 ) ;
#4294 = CARTESIAN_POINT ( 'NONE',  ( -1.449999999999999956, -0.1750000000000311307, -0.7999999999999997113 ) ) ;
#4295 = ADVANCED_FACE ( 'NONE', ( #1596 ), #2802, .F. ) ;
#4296 =( LENGTH_UNIT ( ) NAMED_UNIT ( * ) SI_UNIT ( .MILLI., .METRE. ) );
#4297 = ORIENTED_EDGE ( 'NONE', *, *, #647, .F. ) ;
#4298 = LINE ( 'NONE', #564, #1981 ) ;
#4299 = SURFACE_STYLE_USAGE ( .BOTH. , #1031 ) ;
#4300 = ORIENTED_EDGE ( 'NONE', *, *, #4213, .T. ) ;
#4301 = CARTESIAN_POINT ( 'NONE',  ( -0.6999999999999999556, 0.6750000000000000444, 1.153085987590313888 ) ) ;
#4302 = CIRCLE ( 'NONE', #1616, 0.05000000000000002359 ) ;
#4303 = PRESENTATION_LAYER_ASSIGNMENT (  '', '', ( #2772 ) ) ;
#4304 = ORIENTED_EDGE ( 'NONE', *, *, #2248, .F. ) ;
#4305 = VERTEX_POINT ( 'NONE', #5067 ) ;
#4306 = AXIS2_PLACEMENT_3D ( 'NONE', #5214, #1200, #2023 ) ;
#4307 = CIRCLE ( 'NONE', #86, 0.1599999999999999756 ) ;
#4308 = EDGE_CURVE ( 'NONE', #4756, #3463, #4677, .T. ) ;
#4309 = ORIENTED_EDGE ( 'NONE', *, *, #2556, .T. ) ;
#4310 = CARTESIAN_POINT ( 'NONE',  ( -1.342469145205119396, -0.5250000000000000222, -0.6924691452051193741 ) ) ;
#4311 = CARTESIAN_POINT ( 'NONE',  ( 1.200000000000000178, 0.5749999999999999556, -0.7350000000000002087 ) ) ;
#4312 = VERTEX_POINT ( 'NONE', #674 ) ;
#4313 = LINE ( 'NONE', #2120, #2184 ) ;
#4314 = EDGE_CURVE ( 'NONE', #2250, #870, #2545, .T. ) ;
#4315 = AXIS2_PLACEMENT_3D ( 'NONE', #2906, #4044, #2892 ) ;
#4316 = CARTESIAN_POINT ( 'NONE',  ( 1.200000000000000178, 0.5950000000000000844, 1.399999999999999689 ) ) ;
#4317 = CARTESIAN_POINT ( 'NONE',  ( -1.200000000000000178, 0.5950000000000000844, -1.400000000000000133 ) ) ;
#4318 = CARTESIAN_POINT ( 'NONE',  ( 0.2500000000000000000, 0.6750000000000000444, -1.153085987590313666 ) ) ;
#4319 = ORIENTED_EDGE ( 'NONE', *, *, #1072, .T. ) ;
#4320 = AXIS2_PLACEMENT_3D ( 'NONE', #3855, #2274, #1190 ) ;
#4321 = VERTEX_POINT ( 'NONE', #2704 ) ;
#4322 = UNCERTAINTY_MEASURE_WITH_UNIT (LENGTH_MEASURE( 1.000000000000000082E-05 ), #1679, 'distance_accuracy_value', 'NONE');
#4323 = ADVANCED_FACE ( 'NONE', ( #1341 ), #4643, .F. ) ;
#4324 =( NAMED_UNIT ( * ) PLANE_ANGLE_UNIT ( ) SI_UNIT ( $, .RADIAN. ) );
#4325 = ORIENTED_EDGE ( 'NONE', *, *, #3146, .T. ) ;
#4326 = CIRCLE ( 'NONE', #3888, 0.1600000000000000866 ) ;
#4327 = CARTESIAN_POINT ( 'NONE',  ( 1.401885207674794298, -0.1673824959631194653, -0.8012378444059918836 ) ) ;
#4328 = CYLINDRICAL_SURFACE ( 'NONE', #4306, 0.08000000000000020983 ) ;
#4329 = FILL_AREA_STYLE ('',( #3936 ) ) ;
#4330 =( LENGTH_UNIT ( ) NAMED_UNIT ( * ) SI_UNIT ( .MILLI., .METRE. ) );
#4331 =( GEOMETRIC_REPRESENTATION_CONTEXT ( 3 ) GLOBAL_UNCERTAINTY_ASSIGNED_CONTEXT ( ( #3287 ) ) GLOBAL_UNIT_ASSIGNED_CONTEXT ( ( #180, #3338, #3039 ) ) REPRESENTATION_CONTEXT ( 'NONE', 'WORKASPACE' ) );
#4332 =( GEOMETRIC_REPRESENTATION_CONTEXT ( 3 ) GLOBAL_UNCERTAINTY_ASSIGNED_CONTEXT ( ( #42 ) ) GLOBAL_UNIT_ASSIGNED_CONTEXT ( ( #349, #4067, #4012 ) ) REPRESENTATION_CONTEXT ( 'NONE', 'WORKASPACE' ) );
#4333 = LINE ( 'NONE', #2856, #3263 ) ;
#4334 = SURFACE_STYLE_FILL_AREA ( #2322 ) ;
#4335 = EDGE_CURVE ( 'NONE', #4153, #4487, #1416, .T. ) ;
#4336 = COLOUR_RGB ( '',1.000000000000000000, 1.000000000000000000, 1.000000000000000000 ) ;
#4337 =( NAMED_UNIT ( * ) PLANE_ANGLE_UNIT ( ) SI_UNIT ( $, .RADIAN. ) );
#4338 = DIRECTION ( 'NONE',  ( 0.000000000000000000, 4.391011113158564976E-16, 1.000000000000000000 ) ) ;
#4339 = SURFACE_SIDE_STYLE ('',( #3417 ) ) ;
#4340 = AXIS2_PLACEMENT_3D ( 'NONE', #2011, #32, #2860 ) ;
#4341 = CARTESIAN_POINT ( 'NONE',  ( 0.2500000000000000000, 0.5950000000000001954, 1.153085987590313666 ) ) ;
#4342 = EDGE_CURVE ( 'NONE', #2874, #2868, #1037, .T. ) ;
#4343 = PRESENTATION_LAYER_ASSIGNMENT (  '', '', ( #1029 ) ) ;
#4344 = DIRECTION ( 'NONE',  ( -1.000000000000000000, -0.000000000000000000, 0.000000000000000000 ) ) ;
#4345 = COLOUR_RGB ( '',1.000000000000000000, 1.000000000000000000, 1.000000000000000000 ) ;
#4346 = ADVANCED_FACE ( 'NONE', ( #3961 ), #2916, .T. ) ;
#4347 = ORIENTED_EDGE ( 'NONE', *, *, #3938, .T. ) ;
#4348 = CARTESIAN_POINT ( 'NONE',  ( -1.200000000000000178, 0.5380324329223433732, 0.9947524566068933760 ) ) ;
#4349 = SURFACE_STYLE_USAGE ( .BOTH. , #684 ) ;
#4350 = SURFACE_STYLE_USAGE ( .BOTH. , #4819 ) ;
#4351 = SURFACE_SIDE_STYLE ('',( #1955 ) ) ;
#4352 = VECTOR ( 'NONE', #727, 1000.000000000000000 ) ;
#4353 = UNCERTAINTY_MEASURE_WITH_UNIT (LENGTH_MEASURE( 1.000000000000000082E-05 ), #3584, 'distance_accuracy_value', 'NONE');
#4354 = CIRCLE ( 'NONE', #3009, 0.04999999999999998890 ) ;
#4355 =( GEOMETRIC_REPRESENTATION_CONTEXT ( 3 ) GLOBAL_UNCERTAINTY_ASSIGNED_CONTEXT ( ( #3101 ) ) GLOBAL_UNIT_ASSIGNED_CONTEXT ( ( #2544, #117, #526 ) ) REPRESENTATION_CONTEXT ( 'NONE', 'WORKASPACE' ) );
#4356 =( GEOMETRIC_REPRESENTATION_CONTEXT ( 3 ) GLOBAL_UNCERTAINTY_ASSIGNED_CONTEXT ( ( #2438 ) ) GLOBAL_UNIT_ASSIGNED_CONTEXT ( ( #1166, #1988, #4837 ) ) REPRESENTATION_CONTEXT ( 'NONE', 'WORKASPACE' ) );
#4357 = EDGE_LOOP ( 'NONE', ( #1505, #1688, #1360, #3906 ) ) ;
#4358 = FILL_AREA_STYLE_COLOUR ( '', #4083 ) ;
#4359 = CARTESIAN_POINT ( 'NONE',  ( 1.200000000000000178, -0.05416666666669783803, 0.8277645427156450353 ) ) ;
#4360 = FACE_OUTER_BOUND ( 'NONE', #2108, .T. ) ;
#4361 = EDGE_CURVE ( 'NONE', #4879, #2608, #1159, .T. ) ;
#4362 = ORIENTED_EDGE ( 'NONE', *, *, #37, .T. ) ;
#4363 = VECTOR ( 'NONE', #2915, 1000.000000000000000 ) ;
#4364 = DIRECTION ( 'NONE',  ( 1.000000000000000000, 0.000000000000000000, 0.000000000000000000 ) ) ;
#4365 = SURFACE_STYLE_USAGE ( .BOTH. , #5196 ) ;
#4366 = ORIENTED_EDGE ( 'NONE', *, *, #2760, .T. ) ;
#4367 = EDGE_LOOP ( 'NONE', ( #4810, #3114, #5230, #5097 ) ) ;
#4368 = MECHANICAL_DESIGN_GEOMETRIC_PRESENTATION_REPRESENTATION (  '', ( #4079 ), #2291 ) ;
#4369 = VECTOR ( 'NONE', #1178, 1000.000000000000000 ) ;
#4370 = CARTESIAN_POINT ( 'NONE',  ( -1.339145906842450273, 0.5250000000000000222, -0.6891459068424500289 ) ) ;
#4371 = SURFACE_STYLE_USAGE ( .BOTH. , #26 ) ;
#4372 = FILL_AREA_STYLE_COLOUR ( '', #2657 ) ;
#4373 = VERTEX_POINT ( 'NONE', #3163 ) ;
#4374 = ORIENTED_EDGE ( 'NONE', *, *, #3054, .F. ) ;
#4375 = MECHANICAL_DESIGN_GEOMETRIC_PRESENTATION_REPRESENTATION (  '', ( #605 ), #4926 ) ;
#4376 = FILL_AREA_STYLE ('',( #1960 ) ) ;
#4377 =( GEOMETRIC_REPRESENTATION_CONTEXT ( 3 ) GLOBAL_UNCERTAINTY_ASSIGNED_CONTEXT ( ( #888 ) ) GLOBAL_UNIT_ASSIGNED_CONTEXT ( ( #3270, #1700, #936 ) ) REPRESENTATION_CONTEXT ( 'NONE', 'WORKASPACE' ) );
#4378 = ORIENTED_EDGE ( 'NONE', *, *, #2270, .F. ) ;
#4379 = CARTESIAN_POINT ( 'NONE',  ( 0.2500000000000000000, 0.5950000000000000844, 1.399999999999999911 ) ) ;
#4380 = EDGE_CURVE ( 'NONE', #4266, #4312, #1974, .T. ) ;
#4381 = ORIENTED_EDGE ( 'NONE', *, *, #5173, .T. ) ;
#4382 = MECHANICAL_DESIGN_GEOMETRIC_PRESENTATION_REPRESENTATION (  '', ( #3598 ), #1164 ) ;
#4383 = SURFACE_SIDE_STYLE ('',( #2561 ) ) ;
#4384 = PRODUCT_DEFINITION ( 'UNKNOWN', '', #1131, #2287 ) ;
#4385 = CARTESIAN_POINT ( 'NONE',  ( -1.388959180301573504, 0.5293171503664571009, 0.6891459068424505841 ) ) ;
#4386 = DIRECTION ( 'NONE',  ( -1.000000000000000000, -0.000000000000000000, 0.000000000000000000 ) ) ;
#4387 = VERTEX_POINT ( 'NONE', #4770 ) ;
#4388 = UNCERTAINTY_MEASURE_WITH_UNIT (LENGTH_MEASURE( 1.000000000000000082E-05 ), #2258, 'distance_accuracy_value', 'NONE');
#4389 = EDGE_CURVE ( 'NONE', #4033, #1042, #11, .T. ) ;
#4390 = CARTESIAN_POINT ( 'NONE',  ( -1.200000000000000178, 0.5950000000000001954, -1.153085987590313888 ) ) ;
#4391 =( NAMED_UNIT ( * ) SI_UNIT ( $, .STERADIAN. ) SOLID_ANGLE_UNIT ( ) );
#4392 = DIRECTION ( 'NONE',  ( 0.000000000000000000, 0.000000000000000000, 1.000000000000000000 ) ) ;
#4393 = VERTEX_POINT ( 'NONE', #5129 ) ;
#4394 = LINE ( 'NONE', #1793, #5165 ) ;
#4395 = DIRECTION ( 'NONE',  ( -1.000000000000000000, 0.000000000000000000, -0.000000000000000000 ) ) ;
#4396 = PLANE ( 'NONE',  #3254 ) ;
#4397 = COLOUR_RGB ( '',1.000000000000000000, 1.000000000000000000, 1.000000000000000000 ) ;
#4398 = DIRECTION ( 'NONE',  ( 0.000000000000000000, 0.000000000000000000, 1.000000000000000000 ) ) ;
#4399 = APPLICATION_PROTOCOL_DEFINITION ( 'draft international standard', 'automotive_design', 1998, #1613 ) ;
#4400 = CARTESIAN_POINT ( 'NONE',  ( 1.449826394517560235, -0.1760646121896910776, 0.7795364633312044100 ) ) ;
#4401 = SURFACE_STYLE_USAGE ( .BOTH. , #5215 ) ;
#4402 = CARTESIAN_POINT ( 'NONE',  ( -0.2500000000000000000, -0.2141666666666979801, 0.8277645427156451463 ) ) ;
#4403 = AXIS2_PLACEMENT_3D ( 'NONE', #1019, #1812, #1369 ) ;
#4404 = PRESENTATION_LAYER_ASSIGNMENT (  '', '', ( #1917 ) ) ;
#4405 = CARTESIAN_POINT ( 'NONE',  ( 0.2500000000000000000, -0.1341666666666978813, 0.6455263157894751691 ) ) ;
#4406 = FILL_AREA_STYLE_COLOUR ( '', #3271 ) ;
#4407 = EDGE_CURVE ( 'NONE', #967, #208, #2351, .T. ) ;
#4408 =( NAMED_UNIT ( * ) SI_UNIT ( $, .STERADIAN. ) SOLID_ANGLE_UNIT ( ) );
#4409 = VECTOR ( 'NONE', #1079, 1000.000000000000000 ) ;
#4410 = FACE_OUTER_BOUND ( 'NONE', #29, .T. ) ;
#4411 = LINE ( 'NONE', #231, #3523 ) ;
#4412 = DIRECTION ( 'NONE',  ( 0.000000000000000000, 1.000000000000000000, 0.000000000000000000 ) ) ;
#4413 = EDGE_CURVE ( 'NONE', #4735, #3777, #131, .T. ) ;
#4414 = AXIS2_PLACEMENT_3D ( 'NONE', #368, #775, #4765 ) ;
#4415 = EDGE_LOOP ( 'NONE', ( #3531, #46, #947, #4872 ) ) ;
#4416 =( LENGTH_UNIT ( ) NAMED_UNIT ( * ) SI_UNIT ( .MILLI., .METRE. ) );
#4417 = UNCERTAINTY_MEASURE_WITH_UNIT (LENGTH_MEASURE( 1.000000000000000082E-05 ), #2462, 'distance_accuracy_value', 'NONE');
#4418 = LINE ( 'NONE', #3272, #1788 ) ;
#4419 = PLANE ( 'NONE',  #409 ) ;
#4420 = SURFACE_SIDE_STYLE ('',( #1956 ) ) ;
#4421 = CARTESIAN_POINT ( 'NONE',  ( -0.2500000000000000000, 0.6750000000000000444, 1.153085987590313666 ) ) ;
#4422 = ORIENTED_EDGE ( 'NONE', *, *, #3496, .T. ) ;
#4423 = DIRECTION ( 'NONE',  ( -0.000000000000000000, 0.9870527346239436062, -0.1603960693763873402 ) ) ;
#4424 = MECHANICAL_DESIGN_GEOMETRIC_PRESENTATION_REPRESENTATION (  '', ( #3873 ), #4255 ) ;
#4425 = ORIENTED_EDGE ( 'NONE', *, *, #4380, .F. ) ;
#4426 = ORIENTED_EDGE ( 'NONE', *, *, #2239, .F. ) ;
#4427 = PLANE ( 'NONE',  #4519 ) ;
#4428 = CARTESIAN_POINT ( 'NONE',  ( 1.200000000000000178, -0.07719909958904112857, 0.9860980736990656581 ) ) ;
#4429 = FILL_AREA_STYLE_COLOUR ( '', #609 ) ;
#4430 = VECTOR ( 'NONE', #734, 1000.000000000000000 ) ;
#4431 = ORIENTED_EDGE ( 'NONE', *, *, #4769, .F. ) ;
#4432 = ORIENTED_EDGE ( 'NONE', *, *, #3186, .T. ) ;
#4433 = FACE_OUTER_BOUND ( 'NONE', #2682, .T. ) ;
#4434 = AXIS2_PLACEMENT_3D ( 'NONE', #4292, #1893, #4707 ) ;
#4435 = ORIENTED_EDGE ( 'NONE', *, *, #2640, .F. ) ;
#4436 = STYLED_ITEM ( 'NONE', ( #3257 ), #3023 ) ;
#4437 = DIRECTION ( 'NONE',  ( -1.000000000000000000, 0.000000000000000000, 1.121588454295349533E-16 ) ) ;
#4438 = PRESENTATION_STYLE_ASSIGNMENT (( #4829 ) ) ;
#4439 = VERTEX_POINT ( 'NONE', #3130 ) ;
#4440 = VECTOR ( 'NONE', #2137, 1000.000000000000114 ) ;
#4441 = FILL_AREA_STYLE ('',( #2466 ) ) ;
#4442 = DIRECTION ( 'NONE',  ( -1.000000000000000000, -0.000000000000000000, 0.000000000000000000 ) ) ;
#4443 = CARTESIAN_POINT ( 'NONE',  ( -0.6999999999999999556, -0.05416666666669788660, -0.8277645427156451463 ) ) ;
#4444 = VERTEX_POINT ( 'NONE', #1150 ) ;
#4445 = VECTOR ( 'NONE', #700, 1000.000000000000000 ) ;
#4446 = EDGE_CURVE ( 'NONE', #4874, #933, #3334, .T. ) ;
#4447 = PRESENTATION_LAYER_ASSIGNMENT (  '', '', ( #1467 ) ) ;
#4448 = EDGE_LOOP ( 'NONE', ( #520, #233, #3721 ) ) ;
#4449 = DIRECTION ( 'NONE',  ( 0.000000000000000000, 0.000000000000000000, -1.000000000000000000 ) ) ;
#4450 =( GEOMETRIC_REPRESENTATION_CONTEXT ( 3 ) GLOBAL_UNCERTAINTY_ASSIGNED_CONTEXT ( ( #3476 ) ) GLOBAL_UNIT_ASSIGNED_CONTEXT ( ( #2941, #3320, #902 ) ) REPRESENTATION_CONTEXT ( 'NONE', 'WORKASPACE' ) );
#4451 = ORIENTED_EDGE ( 'NONE', *, *, #94, .T. ) ;
#4452 = DIRECTION ( 'NONE',  ( 1.000000000000000000, 0.000000000000000000, -1.495451272393799296E-16 ) ) ;
#4453 = CARTESIAN_POINT ( 'NONE',  ( 1.200000000000000178, -0.1341666666666978813, 0.6455263157894750581 ) ) ;
#4454 = EDGE_CURVE ( 'NONE', #455, #3295, #4224, .T. ) ;
#4455 = VECTOR ( 'NONE', #914, 1000.000000000000114 ) ;
#4456 = SURFACE_STYLE_USAGE ( .BOTH. , #835 ) ;
#4457 = DIRECTION ( 'NONE',  ( 0.000000000000000000, 0.08634300732914253207, 0.9962654691824661679 ) ) ;
#4458 = FACE_OUTER_BOUND ( 'NONE', #3806, .T. ) ;
#4459 = AXIS2_PLACEMENT_3D ( 'NONE', #2398, #2803, #1247 ) ;
#4460 =( NAMED_UNIT ( * ) PLANE_ANGLE_UNIT ( ) SI_UNIT ( $, .RADIAN. ) );
#4461 = FACE_OUTER_BOUND ( 'NONE', #5149, .T. ) ;
#4462 = COLOUR_RGB ( '',1.000000000000000000, 1.000000000000000000, 1.000000000000000000 ) ;
#4463 = SURFACE_SIDE_STYLE ('',( #3941 ) ) ;
#4464 = FACE_OUTER_BOUND ( 'NONE', #2015, .T. ) ;
#4465 = DIRECTION ( 'NONE',  ( -1.000000000000000000, -0.000000000000000000, 0.000000000000000000 ) ) ;
#4466 = AXIS2_PLACEMENT_3D ( 'NONE', #58, #920, #2141 ) ;
#4467 = CIRCLE ( 'NONE', #2008, 0.05000000000000002359 ) ;
#4468 = STYLED_ITEM ( 'NONE', ( #3944 ), #2255 ) ;
#4469 = PRESENTATION_STYLE_ASSIGNMENT (( #4365 ) ) ;
#4470 = FACE_OUTER_BOUND ( 'NONE', #82, .T. ) ;
#4471 = VECTOR ( 'NONE', #1979, 1000.000000000000114 ) ;
#4472 = ORIENTED_EDGE ( 'NONE', *, *, #859, .T. ) ;
#4473 =( LENGTH_UNIT ( ) NAMED_UNIT ( * ) SI_UNIT ( .MILLI., .METRE. ) );
#4474 = CARTESIAN_POINT ( 'NONE',  ( -1.200000000000000178, -0.2141666666666979801, 0.8277645427156452573 ) ) ;
#4475 = CARTESIAN_POINT ( 'NONE',  ( -1.200000000000000178, -0.2141666666666979801, -0.7936354166666600429 ) ) ;
#4476 = VECTOR ( 'NONE', #4273, 1000.000000000000000 ) ;
#4477 = ORIENTED_EDGE ( 'NONE', *, *, #3794, .F. ) ;
#4478 = SURFACE_SIDE_STYLE ('',( #3911 ) ) ;
#4479 = EDGE_CURVE ( 'NONE', #79, #1998, #3096, .T. ) ;
#4480 = UNCERTAINTY_MEASURE_WITH_UNIT (LENGTH_MEASURE( 1.000000000000000082E-05 ), #1510, 'distance_accuracy_value', 'NONE');
#4481 = PRESENTATION_LAYER_ASSIGNMENT (  '', '', ( #4864 ) ) ;
#4482 =( LENGTH_UNIT ( ) NAMED_UNIT ( * ) SI_UNIT ( .MILLI., .METRE. ) );
#4483 = EDGE_LOOP ( 'NONE', ( #3175, #4253, #1386, #4644 ) ) ;
#4484 =( NAMED_UNIT ( * ) PLANE_ANGLE_UNIT ( ) SI_UNIT ( $, .RADIAN. ) );
#4485 = LINE ( 'NONE', #4684, #2744 ) ;
#4486 = DIRECTION ( 'NONE',  ( -1.000000000000000000, -0.000000000000000000, 0.000000000000000000 ) ) ;
#4487 = VERTEX_POINT ( 'NONE', #4787 ) ;
#4488 = EDGE_CURVE ( 'NONE', #1427, #4865, #4932, .T. ) ;
#4489 = ORIENTED_EDGE ( 'NONE', *, *, #4479, .F. ) ;
#4490 = DIRECTION ( 'NONE',  ( 0.000000000000000000, -1.000000000000000000, 0.000000000000000000 ) ) ;
#4491 = CARTESIAN_POINT ( 'NONE',  ( 0.6999999999999999556, 0.5749999999999999556, 0.7350000000000000977 ) ) ;
#4492 = VERTEX_POINT ( 'NONE', #1553 ) ;
#4493 = VECTOR ( 'NONE', #2338, 1000.000000000000227 ) ;
#4494 = VECTOR ( 'NONE', #1762, 1000.000000000000000 ) ;
#4495 = ORIENTED_EDGE ( 'NONE', *, *, #926, .F. ) ;
#4496 =( NAMED_UNIT ( * ) SI_UNIT ( $, .STERADIAN. ) SOLID_ANGLE_UNIT ( ) );
#4497 = SURFACE_STYLE_USAGE ( .BOTH. , #550 ) ;
#4498 = DIRECTION ( 'NONE',  ( 0.000000000000000000, -0.000000000000000000, -1.000000000000000000 ) ) ;
#4499 =( GEOMETRIC_REPRESENTATION_CONTEXT ( 3 ) GLOBAL_UNCERTAINTY_ASSIGNED_CONTEXT ( ( #5114 ) ) GLOBAL_UNIT_ASSIGNED_CONTEXT ( ( #4144, #4164, #555 ) ) REPRESENTATION_CONTEXT ( 'NONE', 'WORKASPACE' ) );
#4500 = ORIENTED_EDGE ( 'NONE', *, *, #1777, .F. ) ;
#4501 = MECHANICAL_DESIGN_GEOMETRIC_PRESENTATION_REPRESENTATION (  '', ( #4682 ), #3856 ) ;
#4502 = VECTOR ( 'NONE', #720, 1000.000000000000000 ) ;
#4503 = CIRCLE ( 'NONE', #3692, 0.07999999999999998779 ) ;
#4504 = DIRECTION ( 'NONE',  ( -0.1583717986114569209, 0.9745956837628331204, -0.1583717986114568654 ) ) ;
#4505 = DIRECTION ( 'NONE',  ( 1.000000000000000000, -1.668185456054627303E-32, -1.121588454295349533E-16 ) ) ;
#4506 = CARTESIAN_POINT ( 'NONE',  ( -1.339145906842450273, 0.5250000000000000222, 0.6891459068424505841 ) ) ;
#4507 = DIRECTION ( 'NONE',  ( -0.000000000000000000, -0.9870527346239434952, -0.1603960693763874512 ) ) ;
#4508 = EDGE_CURVE ( 'NONE', #4033, #1419, #2476, .T. ) ;
#4509 = VERTEX_POINT ( 'NONE', #1923 ) ;
#4510 = CARTESIAN_POINT ( 'NONE',  ( 0.6999999999999999556, 0.5950000000000001954, -1.153085987590313444 ) ) ;
#4511 = UNCERTAINTY_MEASURE_WITH_UNIT (LENGTH_MEASURE( 1.000000000000000082E-05 ), #2503, 'distance_accuracy_value', 'NONE');
#4512 = EDGE_CURVE ( 'NONE', #1866, #4492, #4082, .T. ) ;
#4513 = ORIENTED_EDGE ( 'NONE', *, *, #2924, .T. ) ;
#4514 = COLOUR_RGB ( '',0.2509803921568627416, 0.2509803921568627416, 0.2509803921568627416 ) ;
#4515 = PRESENTATION_LAYER_ASSIGNMENT (  '', '', ( #198 ) ) ;
#4516 = DIRECTION ( 'NONE',  ( 1.000000000000000000, -0.000000000000000000, -1.495451272393799296E-16 ) ) ;
#4517 = ORIENTED_EDGE ( 'NONE', *, *, #3232, .F. ) ;
#4518 = DIRECTION ( 'NONE',  ( -1.000000000000000000, -0.000000000000000000, -0.000000000000000000 ) ) ;
#4519 = AXIS2_PLACEMENT_3D ( 'NONE', #80, #884, #2904 ) ;
#4520 = CARTESIAN_POINT ( 'NONE',  ( -1.200000000000000178, 0.5749999999999999556, -0.7349999999999997646 ) ) ;
#4521 = LINE ( 'NONE', #2805, #5053 ) ;
#4522 = CYLINDRICAL_SURFACE ( 'NONE', #2568, 0.05000000000000002359 ) ;
#4523 = PLANE ( 'NONE',  #2054 ) ;
#4524 = EDGE_CURVE ( 'NONE', #967, #1489, #4151, .T. ) ;
#4525 = SURFACE_STYLE_USAGE ( .BOTH. , #4132 ) ;
#4526 = DIRECTION ( 'NONE',  ( -0.9870527346239436062, 0.1603960693763873402, 0.000000000000000000 ) ) ;
#4527 = FACE_OUTER_BOUND ( 'NONE', #4741, .T. ) ;
#4528 = LINE ( 'NONE', #1485, #4409 ) ;
#4529 = CYLINDRICAL_SURFACE ( 'NONE', #2327, 0.07999999999999998779 ) ;
#4530 = FILL_AREA_STYLE ('',( #3408 ) ) ;
#4531 =( GEOMETRIC_REPRESENTATION_CONTEXT ( 3 ) GLOBAL_UNCERTAINTY_ASSIGNED_CONTEXT ( ( #1472 ) ) GLOBAL_UNIT_ASSIGNED_CONTEXT ( ( #3197, #763, #4391 ) ) REPRESENTATION_CONTEXT ( 'NONE', 'WORKASPACE' ) );
#4532 = COLOUR_RGB ( '',1.000000000000000000, 1.000000000000000000, 1.000000000000000000 ) ;
#4533 = DIRECTION ( 'NONE',  ( 0.000000000000000000, 0.000000000000000000, -1.000000000000000000 ) ) ;
#4534 = ADVANCED_FACE ( 'NONE', ( #3277 ), #1957, .F. ) ;
#4535 = COLOUR_RGB ( '',1.000000000000000000, 1.000000000000000000, 1.000000000000000000 ) ;
#4536 = CARTESIAN_POINT ( 'NONE',  ( -1.200000000000000178, -0.07719909958904112857, -0.9860980736990661022 ) ) ;
#4537 = ORIENTED_EDGE ( 'NONE', *, *, #4007, .T. ) ;
#4538 = DIRECTION ( 'NONE',  ( 0.000000000000000000, 0.1603960693763884227, -0.9870527346239433841 ) ) ;
#4539 = SURFACE_STYLE_USAGE ( .BOTH. , #4907 ) ;
#4540 = AXIS2_PLACEMENT_3D ( 'NONE', #495, #846, #3268 ) ;
#4541 = ORIENTED_EDGE ( 'NONE', *, *, #2614, .F. ) ;
#4542 = CARTESIAN_POINT ( 'NONE',  ( 0.6999999999999999556, 0.5150000000000000133, 1.153085987590313444 ) ) ;
#4543 = PRESENTATION_LAYER_ASSIGNMENT (  '', '', ( #232 ) ) ;
#4544 =( NAMED_UNIT ( * ) SI_UNIT ( $, .STERADIAN. ) SOLID_ANGLE_UNIT ( ) );
#4545 = ORIENTED_EDGE ( 'NONE', *, *, #2001, .F. ) ;
#4546 = ORIENTED_EDGE ( 'NONE', *, *, #1930, .T. ) ;
#4547 = DIRECTION ( 'NONE',  ( 0.08602294726405147751, -0.9925724684314051194, 0.08602294726405154690 ) ) ;
#4548 = CARTESIAN_POINT ( 'NONE',  ( -1.200000000000000178, 0.5950000000000000844, -1.400000000000000133 ) ) ;
#4549 = CARTESIAN_POINT ( 'NONE',  ( 0.2500000000000000000, 0.6750000000000000444, -1.153085987590313666 ) ) ;
#4550 = FACE_OUTER_BOUND ( 'NONE', #4640, .T. ) ;
#4551 = ORIENTED_EDGE ( 'NONE', *, *, #3736, .F. ) ;
#4552 = EDGE_LOOP ( 'NONE', ( #5029, #3007, #4115, #1985, #3187, #3168 ) ) ;
#4553 = VECTOR ( 'NONE', #1010, 1000.000000000000000 ) ;
#4554 =( NAMED_UNIT ( * ) PLANE_ANGLE_UNIT ( ) SI_UNIT ( $, .RADIAN. ) );
#4555 = DIRECTION ( 'NONE',  ( 0.000000000000000000, 0.000000000000000000, -1.000000000000000000 ) ) ;
#4556 = EDGE_CURVE ( 'NONE', #228, #3022, #2531, .T. ) ;
#4557 = SURFACE_STYLE_USAGE ( .BOTH. , #1304 ) ;
#4558 = ORIENTED_EDGE ( 'NONE', *, *, #3597, .T. ) ;
#4559 =( NAMED_UNIT ( * ) SI_UNIT ( $, .STERADIAN. ) SOLID_ANGLE_UNIT ( ) );
#4560 = CARTESIAN_POINT ( 'NONE',  ( 0.2500000000000000000, -0.06568288312786951799, 0.9069313082073552357 ) ) ;
#4561 = CARTESIAN_POINT ( 'NONE',  ( -1.342469145205119396, -0.5250000000000000222, -0.6924691452051194851 ) ) ;
#4562 = VERTEX_POINT ( 'NONE', #2790 ) ;
#4563 = FACE_OUTER_BOUND ( 'NONE', #1790, .T. ) ;
#4564 =( NAMED_UNIT ( * ) SI_UNIT ( $, .STERADIAN. ) SOLID_ANGLE_UNIT ( ) );
#4565 = VERTEX_POINT ( 'NONE', #1205 ) ;
#4566 = DIRECTION ( 'NONE',  ( -0.000000000000000000, -0.9870527346239434952, -0.1603960693763874512 ) ) ;
#4567 = CARTESIAN_POINT ( 'NONE',  ( -0.6999999999999999556, 0.5950000000000000844, -1.400000000000000133 ) ) ;
#4568 = MECHANICAL_DESIGN_GEOMETRIC_PRESENTATION_REPRESENTATION (  '', ( #4017 ), #3585 ) ;
#4569 = STYLED_ITEM ( 'NONE', ( #5058 ), #2142 ) ;
#4570 = ORIENTED_EDGE ( 'NONE', *, *, #546, .T. ) ;
#4571 = CARTESIAN_POINT ( 'NONE',  ( -0.2500000000000000000, 0.5950000000000001954, -1.153085987590313666 ) ) ;
#4572 = CARTESIAN_POINT ( 'NONE',  ( 0.2500000000000000000, 0.6750000000000000444, 1.399999999999999911 ) ) ;
#4573 = DIRECTION ( 'NONE',  ( 0.000000000000000000, 0.000000000000000000, -1.000000000000000000 ) ) ;
#4574 = SURFACE_STYLE_USAGE ( .BOTH. , #3381 ) ;
#4575 = EDGE_CURVE ( 'NONE', #654, #1495, #4467, .T. ) ;
#4576 = UNCERTAINTY_MEASURE_WITH_UNIT (LENGTH_MEASURE( 1.000000000000000082E-05 ), #2838, 'distance_accuracy_value', 'NONE');
#4577 = EDGE_LOOP ( 'NONE', ( #1544, #1849, #4965, #3162 ) ) ;
#4578 = CARTESIAN_POINT ( 'NONE',  ( -1.030584123252520817E-16, 0.5250000000000000222, -0.6891459068424501400 ) ) ;
#4579 = PLANE ( 'NONE',  #2028 ) ;
#4580 = DIRECTION ( 'NONE',  ( -0.000000000000000000, -0.9895845686463778934, 0.1439527057646445007 ) ) ;
#4581 = EDGE_CURVE ( 'NONE', #2885, #1228, #2791, .T. ) ;
#4582 = STYLED_ITEM ( 'NONE', ( #5025 ), #3807 ) ;
#4583 = CYLINDRICAL_SURFACE ( 'NONE', #1119, 0.1600000000000001976 ) ;
#4584 = DIRECTION ( 'NONE',  ( 1.000000000000000000, 0.000000000000000000, -1.495451272393799296E-16 ) ) ;
#4585 = ADVANCED_FACE ( 'NONE', ( #1846 ), #840, .T. ) ;
#4586 = SURFACE_STYLE_FILL_AREA ( #1578 ) ;
#4587 = SURFACE_STYLE_FILL_AREA ( #3188 ) ;
#4588 = LINE ( 'NONE', #4421, #3507 ) ;
#4589 = AXIS2_PLACEMENT_3D ( 'NONE', #2773, #358, #3573 ) ;
#4590 = CARTESIAN_POINT ( 'NONE',  ( -0.6999999999999999556, -0.06568288312786951799, 0.9069313082073553467 ) ) ;
#4591 = DIRECTION ( 'NONE',  ( -1.000000000000000000, -0.000000000000000000, 0.000000000000000000 ) ) ;
#4592 = FILL_AREA_STYLE_COLOUR ( '', #3358 ) ;
#4593 = CARTESIAN_POINT ( 'NONE',  ( -0.6999999999999999556, 0.5380324329223433732, -0.9947524566068933760 ) ) ;
#4594 =( NAMED_UNIT ( * ) SI_UNIT ( $, .STERADIAN. ) SOLID_ANGLE_UNIT ( ) );
#4595 = COLOUR_RGB ( '',0.2509803921568627416, 0.2509803921568627416, 0.2509803921568627416 ) ;
#4596 = CARTESIAN_POINT ( 'NONE',  ( 1.339145906842450273, 0.5749999999999999556, 0.000000000000000000 ) ) ;
#4597 = FILL_AREA_STYLE_COLOUR ( '', #2565 ) ;
#4598 = VECTOR ( 'NONE', #33, 1000.000000000000000 ) ;
#4599 = VECTOR ( 'NONE', #3942, 1000.000000000000000 ) ;
#4600 = FACE_OUTER_BOUND ( 'NONE', #3502, .T. ) ;
#4601 = ORIENTED_EDGE ( 'NONE', *, *, #212, .T. ) ;
#4602 =( GEOMETRIC_REPRESENTATION_CONTEXT ( 3 ) GLOBAL_UNCERTAINTY_ASSIGNED_CONTEXT ( ( #3823 ) ) GLOBAL_UNIT_ASSIGNED_CONTEXT ( ( #587, #2642, #2694 ) ) REPRESENTATION_CONTEXT ( 'NONE', 'WORKASPACE' ) );
#4603 = FILL_AREA_STYLE_COLOUR ( '', #3412 ) ;
#4604 = AXIS2_PLACEMENT_3D ( 'NONE', #842, #2425, #4449 ) ;
#4605 = SPHERICAL_SURFACE ( 'NONE', #742, 0.05000000000000000278 ) ;
#4606 =( NAMED_UNIT ( * ) PLANE_ANGLE_UNIT ( ) SI_UNIT ( $, .RADIAN. ) );
#4607 = ORIENTED_EDGE ( 'NONE', *, *, #1413, .F. ) ;
#4608 = EDGE_CURVE ( 'NONE', #4174, #3521, #1584, .T. ) ;
#4609 = CARTESIAN_POINT ( 'NONE',  ( 1.339145906842450273, 0.5250000000000000222, 0.6891459068424503620 ) ) ;
#4610 = FACE_OUTER_BOUND ( 'NONE', #1441, .T. ) ;
#4611 = DIRECTION ( 'NONE',  ( -1.000000000000000000, -0.000000000000000000, 0.000000000000000000 ) ) ;
#4612 = CARTESIAN_POINT ( 'NONE',  ( 1.200000000000000178, -0.1750000000000308253, 0.8000000000000000444 ) ) ;
#4613 = ORIENTED_EDGE ( 'NONE', *, *, #1945, .F. ) ;
#4614 = DIRECTION ( 'NONE',  ( 0.000000000000000000, -4.391011113158564976E-16, -1.000000000000000000 ) ) ;
#4615 =( GEOMETRIC_REPRESENTATION_CONTEXT ( 3 ) GLOBAL_UNCERTAINTY_ASSIGNED_CONTEXT ( ( #787 ) ) GLOBAL_UNIT_ASSIGNED_CONTEXT ( ( #5028, #1804, #577 ) ) REPRESENTATION_CONTEXT ( 'NONE', 'WORKASPACE' ) );
#4616 = SPHERICAL_SURFACE ( 'NONE', #5162, 0.05000000000000000278 ) ;
#4617 = EDGE_CURVE ( 'NONE', #1873, #3369, #503, .T. ) ;
#4618 = MECHANICAL_DESIGN_GEOMETRIC_PRESENTATION_REPRESENTATION (  '', ( #1029 ), #1292 ) ;
#4619 = ADVANCED_FACE ( 'NONE', ( #3828 ), #3590, .T. ) ;
#4620 = FILL_AREA_STYLE_COLOUR ( '', #2977 ) ;
#4621 = ORIENTED_EDGE ( 'NONE', *, *, #3025, .F. ) ;
#4622 = CARTESIAN_POINT ( 'NONE',  ( -0.2500000000000000000, 0.5950000000000001954, 1.153085987590313666 ) ) ;
#4623 = ORIENTED_EDGE ( 'NONE', *, *, #4508, .F. ) ;
#4624 = SURFACE_STYLE_USAGE ( .BOTH. , #613 ) ;
#4625 = LINE ( 'NONE', #4341, #4430 ) ;
#4626 = ORIENTED_EDGE ( 'NONE', *, *, #4027, .T. ) ;
#4627 = STYLED_ITEM ( 'NONE', ( #3671 ), #1500 ) ;
#4628 =( NAMED_UNIT ( * ) SI_UNIT ( $, .STERADIAN. ) SOLID_ANGLE_UNIT ( ) );
#4629 = ORIENTED_EDGE ( 'NONE', *, *, #2903, .F. ) ;
#4630 = VECTOR ( 'NONE', #2609, 1000.000000000000000 ) ;
#4631 =( NAMED_UNIT ( * ) PLANE_ANGLE_UNIT ( ) SI_UNIT ( $, .RADIAN. ) );
#4632 = EDGE_CURVE ( 'NONE', #4293, #3719, #1407, .T. ) ;
#4633 =( LENGTH_UNIT ( ) NAMED_UNIT ( * ) SI_UNIT ( .MILLI., .METRE. ) );
#4634 = ORIENTED_EDGE ( 'NONE', *, *, #1413, .T. ) ;
#4635 = FACE_OUTER_BOUND ( 'NONE', #3493, .T. ) ;
#4636 = DIRECTION ( 'NONE',  ( 1.000000000000000000, 0.000000000000000000, -0.000000000000000000 ) ) ;
#4637 = CARTESIAN_POINT ( 'NONE',  ( -0.6999999999999999556, 0.5950000000000001954, 1.153085987590313888 ) ) ;
#4638 = CARTESIAN_POINT ( 'NONE',  ( 0.6999999999999999556, 0.5950000000000000844, 1.399999999999999689 ) ) ;
#4639 = DIRECTION ( 'NONE',  ( -1.000000000000000000, -0.000000000000000000, -0.000000000000000000 ) ) ;
#4640 = EDGE_LOOP ( 'NONE', ( #541, #3900, #3675, #3656 ) ) ;
#4641 = MECHANICAL_DESIGN_GEOMETRIC_PRESENTATION_REPRESENTATION (  '', ( #386 ), #3646 ) ;
#4642 = FILL_AREA_STYLE ('',( #1155 ) ) ;
#4643 = PLANE ( 'NONE',  #105 ) ;
#4644 = ORIENTED_EDGE ( 'NONE', *, *, #640, .F. ) ;
#4645 = SURFACE_STYLE_FILL_AREA ( #2440 ) ;
#4646 = SURFACE_STYLE_USAGE ( .BOTH. , #206 ) ;
#4647 = ADVANCED_FACE ( 'NONE', ( #3644 ), #4427, .F. ) ;
#4648 = AXIS2_PLACEMENT_3D ( 'NONE', #352, #1631, #4818 ) ;
#4649 = MANIFOLD_SOLID_BREP ( 'Fillet1', #4846 ) ;
#4650 = DIRECTION ( 'NONE',  ( -1.000000000000000000, -0.000000000000000000, -0.000000000000000000 ) ) ;
#4651 = EDGE_LOOP ( 'NONE', ( #1244, #4366, #2611 ) ) ;
#4652 = FILL_AREA_STYLE_COLOUR ( '', #909 ) ;
#4653 = AXIS2_PLACEMENT_3D ( 'NONE', #4675, #2238, #3046 ) ;
#4654 =( LENGTH_UNIT ( ) NAMED_UNIT ( * ) SI_UNIT ( .MILLI., .METRE. ) );
#4655 = CARTESIAN_POINT ( 'NONE',  ( 1.200000000000000178, -0.05416666666669788660, -0.8277645427156449243 ) ) ;
#4656 = CYLINDRICAL_SURFACE ( 'NONE', #3999, 0.08000000000000020983 ) ;
#4657 = SURFACE_SIDE_STYLE ('',( #3324 ) ) ;
#4658 = EDGE_CURVE ( 'NONE', #1484, #5102, #3212, .T. ) ;
#4659 = AXIS2_PLACEMENT_3D ( 'NONE', #4428, #2027, #1267 ) ;
#4660 = COLOUR_RGB ( '',1.000000000000000000, 1.000000000000000000, 1.000000000000000000 ) ;
#4661 = CIRCLE ( 'NONE', #3226, 0.08000000000000020983 ) ;
#4662 =( LENGTH_UNIT ( ) NAMED_UNIT ( * ) SI_UNIT ( .MILLI., .METRE. ) );
#4663 = PLANE ( 'NONE',  #3063 ) ;
#4664 = EDGE_CURVE ( 'NONE', #4903, #4687, #249, .T. ) ;
#4665 = PRESENTATION_STYLE_ASSIGNMENT (( #1653 ) ) ;
#4666 = CIRCLE ( 'NONE', #5237, 0.1600000000000000866 ) ;
#4667 = SURFACE_STYLE_FILL_AREA ( #575 ) ;
#4668 = CARTESIAN_POINT ( 'NONE',  ( 1.200000000000000178, 0.5950000000000000844, 1.399999999999999689 ) ) ;
#4669 = DIRECTION ( 'NONE',  ( 0.000000000000000000, 0.9962654691824661679, 0.08634300732914342025 ) ) ;
#4670 = FACE_OUTER_BOUND ( 'NONE', #215, .T. ) ;
#4671 = PRESENTATION_STYLE_ASSIGNMENT (( #1605 ) ) ;
#4672 = ADVANCED_FACE ( 'NONE', ( #4461 ), #4058, .T. ) ;
#4673 = ORIENTED_EDGE ( 'NONE', *, *, #3072, .T. ) ;
#4674 = CARTESIAN_POINT ( 'NONE',  ( 0.2500000000000000000, -0.1341666666666978536, -0.8277645427156450353 ) ) ;
#4675 = CARTESIAN_POINT ( 'NONE',  ( -0.6999999999999999556, 0.6750000000000000444, 1.153085987590313888 ) ) ;
#4676 = LINE ( 'NONE', #3040, #4291 ) ;
#4677 = LINE ( 'NONE', #3427, #784 ) ;
#4678 = EDGE_LOOP ( 'NONE', ( #3800, #14, #1339, #1098 ) ) ;
#4679 = MECHANICAL_DESIGN_GEOMETRIC_PRESENTATION_REPRESENTATION (  '', ( #3852 ), #4122 ) ;
#4680 = FILL_AREA_STYLE_COLOUR ( '', #2220 ) ;
#4681 = UNCERTAINTY_MEASURE_WITH_UNIT (LENGTH_MEASURE( 1.000000000000000082E-05 ), #3896, 'distance_accuracy_value', 'NONE');
#4682 = STYLED_ITEM ( 'NONE', ( #1907 ), #1511 ) ;
#4683 = SURFACE_STYLE_FILL_AREA ( #2942 ) ;
#4684 = CARTESIAN_POINT ( 'NONE',  ( 1.200000000000000178, -0.07719909958904112857, 0.9860980736990656581 ) ) ;
#4685 = ORIENTED_EDGE ( 'NONE', *, *, #4732, .T. ) ;
#4686 = VECTOR ( 'NONE', #3767, 1000.000000000000000 ) ;
#4687 = VERTEX_POINT ( 'NONE', #1689 ) ;
#4688 = AXIS2_PLACEMENT_3D ( 'NONE', #562, #4956, #3368 ) ;
#4689 = DIRECTION ( 'NONE',  ( -1.000000000000000000, 0.000000000000000000, -0.000000000000000000 ) ) ;
#4690 = CARTESIAN_POINT ( 'NONE',  ( 1.200000000000000178, 0.5950000000000000844, 1.399999999999999689 ) ) ;
#4691 = ORIENTED_EDGE ( 'NONE', *, *, #1334, .F. ) ;
#4692 = COLOUR_RGB ( '',1.000000000000000000, 1.000000000000000000, 1.000000000000000000 ) ;
#4693 = ORIENTED_EDGE ( 'NONE', *, *, #801, .T. ) ;
#4694 = EDGE_CURVE ( 'NONE', #2164, #455, #1024, .T. ) ;
#4695 = AXIS2_PLACEMENT_3D ( 'NONE', #3176, #2379, #5177 ) ;
#4696 = CARTESIAN_POINT ( 'NONE',  ( -0.2500000000000000000, -0.2141666666666977581, 0.6455263157894751691 ) ) ;
#4697 =( NAMED_UNIT ( * ) PLANE_ANGLE_UNIT ( ) SI_UNIT ( $, .RADIAN. ) );
#4698 = CARTESIAN_POINT ( 'NONE',  ( -1.342469145205119396, -0.5749999999999999556, -0.6924691452051193741 ) ) ;
#4699 = CARTESIAN_POINT ( 'NONE',  ( 0.2500000000000000000, 0.5150000000000000133, 1.153085987590313666 ) ) ;
#4700 = ORIENTED_EDGE ( 'NONE', *, *, #4658, .T. ) ;
#4701 = VECTOR ( 'NONE', #351, 1000.000000000000114 ) ;
#4702 = ORIENTED_EDGE ( 'NONE', *, *, #5078, .F. ) ;
#4703 = AXIS2_PLACEMENT_3D ( 'NONE', #4022, #5236, #1604 ) ;
#4704 = ADVANCED_FACE ( 'NONE', ( #310 ), #96, .F. ) ;
#4705 = ORIENTED_EDGE ( 'NONE', *, *, #3525, .T. ) ;
#4706 = FACE_OUTER_BOUND ( 'NONE', #1540, .T. ) ;
#4707 = DIRECTION ( 'NONE',  ( 0.000000000000000000, 0.000000000000000000, 1.000000000000000000 ) ) ;
#4708 = VERTEX_POINT ( 'NONE', #468 ) ;
#4709 = CARTESIAN_POINT ( 'NONE',  ( 7.729380924393909207E-17, 0.5250000000000000222, 0.6891459068424504730 ) ) ;
#4710 = CARTESIAN_POINT ( 'NONE',  ( 0.2500000000000000000, 0.5950000000000001954, -1.153085987590313666 ) ) ;
#4711 = PRESENTATION_LAYER_ASSIGNMENT (  '', '', ( #943 ) ) ;
#4712 = MECHANICAL_DESIGN_GEOMETRIC_PRESENTATION_REPRESENTATION (  '', ( #4915 ), #3711 ) ;
#4713 = ORIENTED_EDGE ( 'NONE', *, *, #4841, .F. ) ;
#4714 = FILL_AREA_STYLE_COLOUR ( '', #4093 ) ;
#4715 = PRESENTATION_LAYER_ASSIGNMENT (  '', '', ( #3100 ) ) ;
#4716 = DIRECTION ( 'NONE',  ( 0.000000000000000000, 1.487341858474000679E-16, -1.000000000000000000 ) ) ;
#4717 = EDGE_CURVE ( 'NONE', #75, #3874, #4855, .T. ) ;
#4718 = AXIS2_PLACEMENT_3D ( 'NONE', #765, #222, #729 ) ;
#4719 = DIRECTION ( 'NONE',  ( 0.000000000000000000, 1.000000000000000000, 0.000000000000000000 ) ) ;
#4720 = VECTOR ( 'NONE', #1128, 1000.000000000000000 ) ;
#4721 = PRESENTATION_STYLE_ASSIGNMENT (( #2887 ) ) ;
#4722 = ADVANCED_FACE ( 'NONE', ( #2720 ), #772, .T. ) ;
#4723 = CARTESIAN_POINT ( 'NONE',  ( -1.342469145205119396, -0.5250000000000000222, 0.6924691452051199292 ) ) ;
#4724 =( LENGTH_UNIT ( ) NAMED_UNIT ( * ) SI_UNIT ( .MILLI., .METRE. ) );
#4725 = ORIENTED_EDGE ( 'NONE', *, *, #4380, .T. ) ;
#4726 = SURFACE_STYLE_FILL_AREA ( #905 ) ;
#4727 = AXIS2_PLACEMENT_3D ( 'NONE', #5051, #1842, #691 ) ;
#4728 = PLANE ( 'NONE',  #2096 ) ;
#4729 = CYLINDRICAL_SURFACE ( 'NONE', #773, 0.04999999999999991257 ) ;
#4730 = DIRECTION ( 'NONE',  ( 1.000000000000000000, -4.448494549479002309E-32, -1.495451272393799296E-16 ) ) ;
#4731 = ORIENTED_EDGE ( 'NONE', *, *, #939, .T. ) ;
#4732 = EDGE_CURVE ( 'NONE', #1042, #1001, #1409, .T. ) ;
#4733 = VECTOR ( 'NONE', #5104, 1000.000000000000000 ) ;
#4734 =( NAMED_UNIT ( * ) SI_UNIT ( $, .STERADIAN. ) SOLID_ANGLE_UNIT ( ) );
#4735 = VERTEX_POINT ( 'NONE', #216 ) ;
#4736 = AXIS2_PLACEMENT_3D ( 'NONE', #74, #3650, #441 ) ;
#4737 = PRESENTATION_STYLE_ASSIGNMENT (( #2902 ) ) ;
#4738 = DIRECTION ( 'NONE',  ( 0.000000000000000000, 1.000000000000000000, 2.168404344971007685E-15 ) ) ;
#4739 = DIRECTION ( 'NONE',  ( -1.000000000000000000, -0.000000000000000000, 1.121588454295349533E-16 ) ) ;
#4740 = DIRECTION ( 'NONE',  ( 0.1583717986114569209, 0.9745956837628331204, -0.1583717986114569487 ) ) ;
#4741 = EDGE_LOOP ( 'NONE', ( #3070, #4304, #925, #3413 ) ) ;
#4742 =( LENGTH_UNIT ( ) NAMED_UNIT ( * ) SI_UNIT ( .MILLI., .METRE. ) );
#4743 = UNCERTAINTY_MEASURE_WITH_UNIT (LENGTH_MEASURE( 1.000000000000000082E-05 ), #1420, 'distance_accuracy_value', 'NONE');
#4744 = VECTOR ( 'NONE', #4498, 1000.000000000000000 ) ;
#4745 = AXIS2_PLACEMENT_3D ( 'NONE', #328, #2758, #2738 ) ;
#4746 = ORIENTED_EDGE ( 'NONE', *, *, #4290, .F. ) ;
#4747 = ORIENTED_EDGE ( 'NONE', *, *, #1445, .F. ) ;
#4748 = DIRECTION ( 'NONE',  ( 1.000000000000000000, -3.041591069282497245E-33, -1.121588454295349533E-16 ) ) ;
#4749 = SURFACE_SIDE_STYLE ('',( #2280 ) ) ;
#4750 =( LENGTH_UNIT ( ) NAMED_UNIT ( * ) SI_UNIT ( .MILLI., .METRE. ) );
#4751 = CARTESIAN_POINT ( 'NONE',  ( -0.6999999999999999556, 0.5150000000000000133, 1.153085987590313888 ) ) ;
#4752 = ADVANCED_FACE ( 'NONE', ( #4797 ), #505, .F. ) ;
#4753 = SURFACE_STYLE_FILL_AREA ( #3085 ) ;
#4754 = COLOUR_RGB ( '',0.2509803921568627416, 0.2509803921568627416, 0.2509803921568627416 ) ;
#4755 = MECHANICAL_DESIGN_GEOMETRIC_PRESENTATION_REPRESENTATION (  '', ( #5207 ), #1059 ) ;
#4756 = VERTEX_POINT ( 'NONE', #559 ) ;
#4757 = VECTOR ( 'NONE', #2256, 1000.000000000000114 ) ;
#4758 = DIRECTION ( 'NONE',  ( 0.000000000000000000, 0.000000000000000000, -1.000000000000000000 ) ) ;
#4759 = SURFACE_SIDE_STYLE ('',( #510 ) ) ;
#4760 = LINE ( 'NONE', #4233, #735 ) ;
#4761 = ORIENTED_EDGE ( 'NONE', *, *, #2418, .T. ) ;
#4762 = LINE ( 'NONE', #968, #4630 ) ;
#4763 = EDGE_CURVE ( 'NONE', #1312, #2416, #707, .T. ) ;
#4764 = PRESENTATION_LAYER_ASSIGNMENT (  '', '', ( #1860 ) ) ;
#4765 = DIRECTION ( 'NONE',  ( -0.9962654691824661679, 0.08634300732914253207, 0.000000000000000000 ) ) ;
#4766 = SURFACE_STYLE_USAGE ( .BOTH. , #5144 ) ;
#4767 = CARTESIAN_POINT ( 'NONE',  ( -1.035553864290442645E-16, -0.5250000000000000222, -0.6924691452051195961 ) ) ;
#4768 = EDGE_LOOP ( 'NONE', ( #345, #2493, #3479, #3927 ) ) ;
#4769 = EDGE_CURVE ( 'NONE', #4321, #2489, #3151, .T. ) ;
#4770 = CARTESIAN_POINT ( 'NONE',  ( -0.2500000000000000000, 0.6750000000000000444, 1.399999999999999911 ) ) ;
#4771 = DIRECTION ( 'NONE',  ( 0.000000000000000000, 0.000000000000000000, -1.000000000000000000 ) ) ;
#4772 =( NAMED_UNIT ( * ) SI_UNIT ( $, .STERADIAN. ) SOLID_ANGLE_UNIT ( ) );
#4773 = ORIENTED_EDGE ( 'NONE', *, *, #4240, .F. ) ;
#4774 = VECTOR ( 'NONE', #1380, 1000.000000000000114 ) ;
#4775 = FILL_AREA_STYLE ('',( #4811 ) ) ;
#4776 = ORIENTED_EDGE ( 'NONE', *, *, #3840, .T. ) ;
#4777 = LINE ( 'NONE', #4405, #108 ) ;
#4778 = CARTESIAN_POINT ( 'NONE',  ( -0.2500000000000000000, 0.6750000000000000444, -1.153085987590313666 ) ) ;
#4779 = SURFACE_SIDE_STYLE ('',( #2629 ) ) ;
#4780 = FILL_AREA_STYLE ('',( #5160 ) ) ;
#4781 = ORIENTED_EDGE ( 'NONE', *, *, #3563, .T. ) ;
#4782 = SURFACE_STYLE_FILL_AREA ( #2039 ) ;
#4783 =( NAMED_UNIT ( * ) SI_UNIT ( $, .STERADIAN. ) SOLID_ANGLE_UNIT ( ) );
#4784 = FILL_AREA_STYLE_COLOUR ( '', #956 ) ;
#4785 = PRESENTATION_LAYER_ASSIGNMENT (  '', '', ( #1275 ) ) ;
#4786 = UNCERTAINTY_MEASURE_WITH_UNIT (LENGTH_MEASURE( 1.000000000000000082E-05 ), #414, 'distance_accuracy_value', 'NONE');
#4787 = CARTESIAN_POINT ( 'NONE',  ( 0.2500000000000000000, 0.5950000000000000844, 1.399999999999999911 ) ) ;
#4788 = EDGE_CURVE ( 'NONE', #402, #390, #2605, .T. ) ;
#4789 = DIRECTION ( 'NONE',  ( 1.000000000000000000, -0.000000000000000000, 0.000000000000000000 ) ) ;
#4790 = FACE_OUTER_BOUND ( 'NONE', #2296, .T. ) ;
#4791 =( NAMED_UNIT ( * ) SI_UNIT ( $, .STERADIAN. ) SOLID_ANGLE_UNIT ( ) );
#4792 = EDGE_CURVE ( 'NONE', #311, #390, #1034, .T. ) ;
#4793 = MECHANICAL_DESIGN_GEOMETRIC_PRESENTATION_REPRESENTATION (  '', ( #1197 ), #574 ) ;
#4794 = FILL_AREA_STYLE_COLOUR ( '', #2983 ) ;
#4795 = COLOUR_RGB ( '',0.2509803921568627416, 0.2509803921568627416, 0.2509803921568627416 ) ;
#4796 = VERTEX_POINT ( 'NONE', #5026 ) ;
#4797 = FACE_OUTER_BOUND ( 'NONE', #1411, .T. ) ;
#4798 = PRESENTATION_STYLE_ASSIGNMENT (( #4843 ) ) ;
#4799 = DIRECTION ( 'NONE',  ( -1.000000000000000000, 0.000000000000000000, 0.000000000000000000 ) ) ;
#4800 = CARTESIAN_POINT ( 'NONE',  ( -0.2500000000000000000, -0.07719909958904112857, 0.9860980736990658801 ) ) ;
#4801 = DIRECTION ( 'NONE',  ( 0.000000000000000000, -0.9895845686463776714, -0.1439527057646453889 ) ) ;
#4802 = VECTOR ( 'NONE', #1978, 1000.000000000000000 ) ;
#4803 = VECTOR ( 'NONE', #3071, 1000.000000000000000 ) ;
#4804 = PRESENTATION_LAYER_ASSIGNMENT (  '', '', ( #1099 ) ) ;
#4805 = LINE ( 'NONE', #3323, #2913 ) ;
#4806 = ORIENTED_EDGE ( 'NONE', *, *, #265, .T. ) ;
#4807 = CARTESIAN_POINT ( 'NONE',  ( 0.6999999999999999556, -0.07719909958904112857, -0.9860980736990656581 ) ) ;
#4808 = DIRECTION ( 'NONE',  ( 0.000000000000000000, -2.974683716947999386E-16, -1.000000000000000000 ) ) ;
#4809 = EDGE_CURVE ( 'NONE', #4796, #1366, #3645, .T. ) ;
#4810 = ORIENTED_EDGE ( 'NONE', *, *, #5116, .T. ) ;
#4811 = FILL_AREA_STYLE_COLOUR ( '', #2241 ) ;
#4812 = SPHERICAL_SURFACE ( 'NONE', #4466, 0.05000000000000000278 ) ;
#4813 = VERTEX_POINT ( 'NONE', #1030 ) ;
#4814 = ORIENTED_EDGE ( 'NONE', *, *, #3756, .F. ) ;
#4815 = UNCERTAINTY_MEASURE_WITH_UNIT (LENGTH_MEASURE( 1.000000000000000082E-05 ), #1546, 'distance_accuracy_value', 'NONE');
#4816 = STYLED_ITEM ( 'NONE', ( #4671 ), #3376 ) ;
#4817 =( NAMED_UNIT ( * ) SI_UNIT ( $, .STERADIAN. ) SOLID_ANGLE_UNIT ( ) );
#4818 = DIRECTION ( 'NONE',  ( 0.000000000000000000, 0.000000000000000000, 1.000000000000000000 ) ) ;
#4819 = SURFACE_SIDE_STYLE ('',( #4895 ) ) ;
#4820 =( NAMED_UNIT ( * ) SI_UNIT ( $, .STERADIAN. ) SOLID_ANGLE_UNIT ( ) );
#4821 = ORIENTED_EDGE ( 'NONE', *, *, #2577, .T. ) ;
#4822 = FACE_OUTER_BOUND ( 'NONE', #293, .T. ) ;
#4823 = EDGE_LOOP ( 'NONE', ( #4978, #1073, #504, #2360 ) ) ;
#4824 = CARTESIAN_POINT ( 'NONE',  ( -0.6999999999999999556, -0.05416666666669783803, -0.8277645427156452573 ) ) ;
#4825 = CARTESIAN_POINT ( 'NONE',  ( 0.2500000000000000000, -0.06568288312786951799, 0.9069313082073552357 ) ) ;
#4826 = DIRECTION ( 'NONE',  ( -1.000000000000000000, 0.000000000000000000, 0.000000000000000000 ) ) ;
#4827 = ORIENTED_EDGE ( 'NONE', *, *, #4809, .F. ) ;
#4828 = MECHANICAL_DESIGN_GEOMETRIC_PRESENTATION_REPRESENTATION (  '', ( #4060 ), #3364 ) ;
#4829 = SURFACE_STYLE_USAGE ( .BOTH. , #2815 ) ;
#4830 = MECHANICAL_DESIGN_GEOMETRIC_PRESENTATION_REPRESENTATION (  '', ( #3041 ), #3560 ) ;
#4831 = ORIENTED_EDGE ( 'NONE', *, *, #472, .F. ) ;
#4832 = VECTOR ( 'NONE', #121, 1000.000000000000000 ) ;
#4833 =( NAMED_UNIT ( * ) SI_UNIT ( $, .STERADIAN. ) SOLID_ANGLE_UNIT ( ) );
#4834 = EDGE_LOOP ( 'NONE', ( #1809, #5094, #3356, #4954 ) ) ;
#4835 = PRESENTATION_LAYER_ASSIGNMENT (  '', '', ( #1328 ) ) ;
#4836 = DIRECTION ( 'NONE',  ( 0.000000000000000000, -4.391011113158564976E-16, 1.000000000000000000 ) ) ;
#4837 =( NAMED_UNIT ( * ) SI_UNIT ( $, .STERADIAN. ) SOLID_ANGLE_UNIT ( ) );
#4838 = CARTESIAN_POINT ( 'NONE',  ( 0.6999999999999999556, -0.05416666666669783803, 0.8277645427156450353 ) ) ;
#4839 = ORIENTED_EDGE ( 'NONE', *, *, #143, .T. ) ;
#4840 = PLANE ( 'NONE',  #4340 ) ;
#4841 = EDGE_CURVE ( 'NONE', #2689, #967, #2670, .T. ) ;
#4842 = DIRECTION ( 'NONE',  ( 0.000000000000000000, 0.9962654691824661679, 0.08634300732914342025 ) ) ;
#4843 = SURFACE_STYLE_USAGE ( .BOTH. , #4749 ) ;
#4844 = DIRECTION ( 'NONE',  ( 0.000000000000000000, 0.000000000000000000, 1.000000000000000000 ) ) ;
#4845 = SPHERICAL_SURFACE ( 'NONE', #1395, 0.05000000000000000278 ) ;
#4846 = CLOSED_SHELL ( 'NONE', ( #4131, #530, #3082, #4160, #2630, #5060, #4619, #4672, #1060, #3500, #610, #693, #1444, #1047, #4248, #750, #1782, #4752, #3448, #3068, #2729, #5005, #2255, #583, #665, #283, #3117, #157, #2579, #3732, #3376, #2199, #4346, #1934, #2245, #5158, #3429, #1905, #4534, #183, #4323, #940, #3914, #258, #128, #2329, #4647, #4704, #1758, #2142, #4295, #4270, #3140, #1357, #3838, #3782, #2277, #1511, #2305, #234, #1494, #3520, #3023, #5132, #4219, #2946, #3089, #1884, #2172, #1331, #1389, #2601, #716, #1813, #1145, #207, #3471, #4986, #993, #2680, #1092, #1468, #1118, #3887, #1863, #5106, #638, #4191, #3001, #1020, #1418, #308, #2759, #2971, #4585, #5089, #2223, #3807, #4722, #3402, #963, #3867, #2353, #1071, #2656, #1837, #5036, #3341, #2547, #558, #1539, #4951 ) ) ;
#4847 = DIRECTION ( 'NONE',  ( 0.000000000000000000, -0.9962654691824661679, 0.08634300732914350351 ) ) ;
#4848 = CARTESIAN_POINT ( 'NONE',  ( -0.2500000000000000000, -0.2141666666666978136, 0.7936354166666605980 ) ) ;
#4849 = DIRECTION ( 'NONE',  ( 0.000000000000000000, -0.1439527057646453889, 0.9895845686463776714 ) ) ;
#4850 = VECTOR ( 'NONE', #699, 1000.000000000000000 ) ;
#4851 = AXIS2_PLACEMENT_3D ( 'NONE', #5229, #4014, #3583 ) ;
#4852 = VECTOR ( 'NONE', #1647, 1000.000000000000000 ) ;
#4853 = SURFACE_STYLE_USAGE ( .BOTH. , #3742 ) ;
#4854 = DIRECTION ( 'NONE',  ( 0.9962654691824662789, 0.08634300732914343413, 0.000000000000000000 ) ) ;
#4855 = LINE ( 'NONE', #4228, #3757 ) ;
#4856 = EDGE_CURVE ( 'NONE', #3680, #3302, #642, .T. ) ;
#4857 = VECTOR ( 'NONE', #1218, 1000.000000000000000 ) ;
#4858 = FACE_OUTER_BOUND ( 'NONE', #2958, .T. ) ;
#4859 = FACE_OUTER_BOUND ( 'NONE', #1608, .T. ) ;
#4860 = DIRECTION ( 'NONE',  ( -1.000000000000000000, -0.000000000000000000, 1.121588454295349533E-16 ) ) ;
#4861 = VECTOR ( 'NONE', #2862, 1000.000000000000000 ) ;
#4862 = EDGE_CURVE ( 'NONE', #228, #4756, #2793, .T. ) ;
#4863 = VECTOR ( 'NONE', #4611, 1000.000000000000000 ) ;
#4864 = STYLED_ITEM ( 'NONE', ( #1433 ), #3838 ) ;
#4865 = VERTEX_POINT ( 'NONE', #3418 ) ;
#4866 = CARTESIAN_POINT ( 'NONE',  ( 0.6999999999999999556, 0.5265162164611717488, -1.073919222098602910 ) ) ;
#4867 = CARTESIAN_POINT ( 'NONE',  ( 1.200000000000000178, 0.5950000000000001954, -1.153085987590313444 ) ) ;
#4868 =( LENGTH_UNIT ( ) NAMED_UNIT ( * ) SI_UNIT ( .MILLI., .METRE. ) );
#4869 = ORIENTED_EDGE ( 'NONE', *, *, #113, .T. ) ;
#4870 = DIRECTION ( 'NONE',  ( 0.000000000000000000, 0.9895845686463776714, 0.1439527057646453889 ) ) ;
#4871 = PRESENTATION_LAYER_ASSIGNMENT (  '', '', ( #179 ) ) ;
#4872 = ORIENTED_EDGE ( 'NONE', *, *, #3492, .F. ) ;
#4873 = PRESENTATION_STYLE_ASSIGNMENT (( #4981 ) ) ;
#4874 = VERTEX_POINT ( 'NONE', #1856 ) ;
#4875 =( NAMED_UNIT ( * ) PLANE_ANGLE_UNIT ( ) SI_UNIT ( $, .RADIAN. ) );
#4876 = LINE ( 'NONE', #2934, #4363 ) ;
#4877 = CIRCLE ( 'NONE', #2434, 0.08000000000000020983 ) ;
#4878 = ORIENTED_EDGE ( 'NONE', *, *, #2265, .F. ) ;
#4879 = VERTEX_POINT ( 'NONE', #2681 ) ;
#4880 = FILL_AREA_STYLE ('',( #1677 ) ) ;
#4881 = FILL_AREA_STYLE_COLOUR ( '', #316 ) ;
#4882 = FACE_OUTER_BOUND ( 'NONE', #721, .T. ) ;
#4883 = AXIS2_PLACEMENT_3D ( 'NONE', #2995, #1832, #1104 ) ;
#4884 = EDGE_LOOP ( 'NONE', ( #2824, #220, #1673, #3224, #3602, #2192, #2173, #2218, #3589, #1617, #4939, #3050, #3308, #4096, #1662, #4063, #736, #1251 ) ) ;
#4885 = VECTOR ( 'NONE', #1262, 1000.000000000000000 ) ;
#4886 = AXIS2_PLACEMENT_3D ( 'NONE', #592, #4208, #4614 ) ;
#4887 = FILL_AREA_STYLE_COLOUR ( '', #181 ) ;
#4888 = SURFACE_STYLE_USAGE ( .BOTH. , #2463 ) ;
#4889 = DIRECTION ( 'NONE',  ( 1.000000000000000000, 0.000000000000000000, -0.000000000000000000 ) ) ;
#4890 = EDGE_CURVE ( 'NONE', #3521, #4865, #3037, .T. ) ;
#4891 = ORIENTED_EDGE ( 'NONE', *, *, #2087, .T. ) ;
#4892 = DIRECTION ( 'NONE',  ( -0.9962654691824662789, 0.08634300732914343413, 0.000000000000000000 ) ) ;
#4893 = AXIS2_PLACEMENT_3D ( 'NONE', #5082, #1900, #3848 ) ;
#4894 = ORIENTED_EDGE ( 'NONE', *, *, #661, .F. ) ;
#4895 = SURFACE_STYLE_FILL_AREA ( #4329 ) ;
#4896 = EDGE_CURVE ( 'NONE', #3600, #3895, #1471, .T. ) ;
#4897 = MECHANICAL_DESIGN_GEOMETRIC_PRESENTATION_REPRESENTATION (  '', ( #4172 ), #3965 ) ;
#4898 = SURFACE_SIDE_STYLE ('',( #1921 ) ) ;
#4899 = ORIENTED_EDGE ( 'NONE', *, *, #1728, .T. ) ;
#4900 = FILL_AREA_STYLE_COLOUR ( '', #3330 ) ;
#4901 = PRESENTATION_LAYER_ASSIGNMENT (  '', '', ( #3467 ) ) ;
#4902 = CARTESIAN_POINT ( 'NONE',  ( -1.339145906842450273, 0.5250000000000000222, -0.6891459068424500289 ) ) ;
#4903 = VERTEX_POINT ( 'NONE', #3123 ) ;
#4904 =( GEOMETRIC_REPRESENTATION_CONTEXT ( 3 ) GLOBAL_UNCERTAINTY_ASSIGNED_CONTEXT ( ( #1980 ) ) GLOBAL_UNIT_ASSIGNED_CONTEXT ( ( #1182, #3582, #1199 ) ) REPRESENTATION_CONTEXT ( 'NONE', 'WORKASPACE' ) );
#4905 = CARTESIAN_POINT ( 'NONE',  ( -0.7000000000000000666, -0.1750000000000308253, 0.8000000000000002665 ) ) ;
#4906 = FILL_AREA_STYLE_COLOUR ( '', #1371 ) ;
#4907 = SURFACE_SIDE_STYLE ('',( #2994 ) ) ;
#4908 = EDGE_CURVE ( 'NONE', #390, #2065, #1706, .T. ) ;
#4909 = FILL_AREA_STYLE_COLOUR ( '', #5182 ) ;
#4910 = DIRECTION ( 'NONE',  ( 0.08602294726405146363, 0.9925724684314048973, -0.08602294726405156078 ) ) ;
#4911 =( BOUNDED_CURVE ( )  B_SPLINE_CURVE ( 3, ( #1216, #4004, #4400, #369 ),
 .UNSPECIFIED., .F., .T. ) 
 B_SPLINE_CURVE_WITH_KNOTS ( ( 4, 4 ),
 ( 5.510672858157647624, 7.055697756201531945 ),
 .UNSPECIFIED. ) 
 CURVE ( )  GEOMETRIC_REPRESENTATION_ITEM ( )  RATIONAL_B_SPLINE_CURVE ( ( 1.000000000000000000, 0.8107729341887253138, 0.8107729341887253138, 1.000000000000000000 ) ) 
 REPRESENTATION_ITEM ( '' )  );
#4912 = VECTOR ( 'NONE', #4452, 1000.000000000000000 ) ;
#4913 = VECTOR ( 'NONE', #1761, 1000.000000000000000 ) ;
#4914 = CARTESIAN_POINT ( 'NONE',  ( -1.099156685209442498E-16, 0.5749999999999999556, -0.7349999999999999867 ) ) ;
#4915 = STYLED_ITEM ( 'NONE', ( #3945 ), #3117 ) ;
#4916 = CARTESIAN_POINT ( 'NONE',  ( 1.391821781936316560, -0.5330198034688193864, -0.7349999999999999867 ) ) ;
#4917 = SURFACE_STYLE_USAGE ( .BOTH. , #4000 ) ;
#4918 = VECTOR ( 'NONE', #302, 1000.000000000000114 ) ;
#4919 = FACE_OUTER_BOUND ( 'NONE', #324, .T. ) ;
#4920 = CARTESIAN_POINT ( 'NONE',  ( 0.2500000000000000000, -0.05416666666669783803, 0.8277645427156451463 ) ) ;
#4921 = CARTESIAN_POINT ( 'NONE',  ( 0.2500000000000000000, 0.6750000000000000444, 1.153085987590313666 ) ) ;
#4922 = CARTESIAN_POINT ( 'NONE',  ( -0.6999999999999999556, -0.06568288312786950411, 0.9069313082073553467 ) ) ;
#4923 = DIRECTION ( 'NONE',  ( -1.000000000000000000, -0.000000000000000000, -0.000000000000000000 ) ) ;
#4924 = SURFACE_STYLE_FILL_AREA ( #1223 ) ;
#4925 = VERTEX_POINT ( 'NONE', #698 ) ;
#4926 =( GEOMETRIC_REPRESENTATION_CONTEXT ( 3 ) GLOBAL_UNCERTAINTY_ASSIGNED_CONTEXT ( ( #2495 ) ) GLOBAL_UNIT_ASSIGNED_CONTEXT ( ( #1885, #4697, #1147 ) ) REPRESENTATION_CONTEXT ( 'NONE', 'WORKASPACE' ) );
#4927 = FACE_OUTER_BOUND ( 'NONE', #917, .T. ) ;
#4928 = ORIENTED_EDGE ( 'NONE', *, *, #3299, .F. ) ;
#4929 = SURFACE_STYLE_USAGE ( .BOTH. , #3211 ) ;
#4930 = STYLED_ITEM ( 'NONE', ( #2278 ), #157 ) ;
#4931 =( LENGTH_UNIT ( ) NAMED_UNIT ( * ) SI_UNIT ( .MILLI., .METRE. ) );
#4932 = LINE ( 'NONE', #3183, #3159 ) ;
#4933 = LINE ( 'NONE', #4311, #3962 ) ;
#4934 = CIRCLE ( 'NONE', #1950, 0.1599999999999999756 ) ;
#4935 = ORIENTED_EDGE ( 'NONE', *, *, #5219, .T. ) ;
#4936 = CARTESIAN_POINT ( 'NONE',  ( -1.400647363268797019, -0.1750000000000308253, 0.8000000000000003775 ) ) ;
#4937 = MECHANICAL_DESIGN_GEOMETRIC_PRESENTATION_REPRESENTATION (  '', ( #479 ), #760 ) ;
#4938 = FILL_AREA_STYLE ('',( #2018 ) ) ;
#4939 = ORIENTED_EDGE ( 'NONE', *, *, #3858, .T. ) ;
#4940 = FACE_OUTER_BOUND ( 'NONE', #2992, .T. ) ;
#4941 = CARTESIAN_POINT ( 'NONE',  ( 8.933015865174680486E-17, -0.1341666666666978813, 0.7964611111111115083 ) ) ;
#4942 = CIRCLE ( 'NONE', #1686, 0.05000000000000005135 ) ;
#4943 = DIRECTION ( 'NONE',  ( -1.000000000000000000, -0.000000000000000000, -0.000000000000000000 ) ) ;
#4944 = FILL_AREA_STYLE_COLOUR ( '', #1242 ) ;
#4945 = VERTEX_POINT ( 'NONE', #3090 ) ;
#4946 = EDGE_CURVE ( 'NONE', #395, #3057, #1711, .T. ) ;
#4947 = DIRECTION ( 'NONE',  ( -1.000000000000000000, -0.000000000000000000, -0.000000000000000000 ) ) ;
#4948 = ORIENTED_EDGE ( 'NONE', *, *, #1657, .F. ) ;
#4949 =( NAMED_UNIT ( * ) PLANE_ANGLE_UNIT ( ) SI_UNIT ( $, .RADIAN. ) );
#4950 = PRESENTATION_STYLE_ASSIGNMENT (( #2246 ) ) ;
#4951 = ADVANCED_FACE ( 'NONE', ( #4470 ), #3957, .T. ) ;
#4952 = FILL_AREA_STYLE ('',( #4909 ) ) ;
#4953 = CARTESIAN_POINT ( 'NONE',  ( -1.329148490548054395, -0.6149930628969192403, 0.7285011272792512038 ) ) ;
#4954 = ORIENTED_EDGE ( 'NONE', *, *, #2589, .T. ) ;
#4955 = PLANE ( 'NONE',  #2944 ) ;
#4956 = DIRECTION ( 'NONE',  ( -2.196847512708778592E-15, -0.000000000000000000, 1.000000000000000000 ) ) ;
#4957 = UNCERTAINTY_MEASURE_WITH_UNIT (LENGTH_MEASURE( 1.000000000000000082E-05 ), #989, 'distance_accuracy_value', 'NONE');
#4958 = ORIENTED_EDGE ( 'NONE', *, *, #5141, .T. ) ;
#4959 = CIRCLE ( 'NONE', #174, 0.07999999999999998779 ) ;
#4960 = CARTESIAN_POINT ( 'NONE',  ( 0.2500000000000000000, 0.5950000000000001954, 1.153085987590313666 ) ) ;
#4961 =( NAMED_UNIT ( * ) PLANE_ANGLE_UNIT ( ) SI_UNIT ( $, .RADIAN. ) );
#4962 = FILL_AREA_STYLE ('',( #1330 ) ) ;
#4963 = PRESENTATION_LAYER_ASSIGNMENT (  '', '', ( #603 ) ) ;
#4964 = SURFACE_STYLE_FILL_AREA ( #856 ) ;
#4965 = ORIENTED_EDGE ( 'NONE', *, *, #1171, .F. ) ;
#4966 = AXIS2_PLACEMENT_3D ( 'NONE', #1012, #1415, #2610 ) ;
#4967 = CARTESIAN_POINT ( 'NONE',  ( -0.6999999999999999556, 0.5150000000000000133, 1.153085987590313888 ) ) ;
#4968 = SURFACE_SIDE_STYLE ('',( #1999 ) ) ;
#4969 = DIRECTION ( 'NONE',  ( 1.000000000000000000, 0.000000000000000000, 2.168404344971012812E-15 ) ) ;
#4970 = FILL_AREA_STYLE ('',( #4127 ) ) ;
#4971 = AXIS2_PLACEMENT_3D ( 'NONE', #4561, #152, #1750 ) ;
#4972 = ORIENTED_EDGE ( 'NONE', *, *, #1878, .T. ) ;
#4973 = VECTOR ( 'NONE', #1857, 1000.000000000000000 ) ;
#4974 = FILL_AREA_STYLE_COLOUR ( '', #3328 ) ;
#4975 = DIRECTION ( 'NONE',  ( 0.000000000000000000, 0.000000000000000000, -1.000000000000000000 ) ) ;
#4976 = SURFACE_SIDE_STYLE ('',( #357 ) ) ;
#4977 = EDGE_CURVE ( 'NONE', #5203, #4020, #1271, .T. ) ;
#4978 = ORIENTED_EDGE ( 'NONE', *, *, #2470, .T. ) ;
#4979 = VECTOR ( 'NONE', #3209, 1000.000000000000000 ) ;
#4980 = AXIS2_PLACEMENT_3D ( 'NONE', #2976, #4923, #3361 ) ;
#4981 = SURFACE_STYLE_USAGE ( .BOTH. , #1754 ) ;
#4982 = DIRECTION ( 'NONE',  ( 0.000000000000000000, 0.000000000000000000, -1.000000000000000000 ) ) ;
#4983 = ORIENTED_EDGE ( 'NONE', *, *, #3322, .F. ) ;
#4984 = FACE_OUTER_BOUND ( 'NONE', #1181, .T. ) ;
#4985 = CARTESIAN_POINT ( 'NONE',  ( -1.449999999999999956, -0.1750000000000311307, -0.7501867265408763696 ) ) ;
#4986 = ADVANCED_FACE ( 'NONE', ( #4600 ), #3449, .F. ) ;
#4987 = AXIS2_PLACEMENT_3D ( 'NONE', #1903, #3537, #3901 ) ;
#4988 = DIRECTION ( 'NONE',  ( 0.000000000000000000, 4.391011113158564976E-16, 1.000000000000000000 ) ) ;
#4989 = PLANE ( 'NONE',  #2185 ) ;
#4990 = CARTESIAN_POINT ( 'NONE',  ( 1.200000000000000178, -0.1341666666666978536, -0.8277645427156449243 ) ) ;
#4991 = UNCERTAINTY_MEASURE_WITH_UNIT (LENGTH_MEASURE( 1.000000000000000082E-05 ), #3280, 'distance_accuracy_value', 'NONE');
#4992 =( NAMED_UNIT ( * ) PLANE_ANGLE_UNIT ( ) SI_UNIT ( $, .RADIAN. ) );
#4993 = DIRECTION ( 'NONE',  ( 0.000000000000000000, 0.000000000000000000, 1.000000000000000000 ) ) ;
#4994 = SURFACE_STYLE_USAGE ( .BOTH. , #5063 ) ;
#4995 = SURFACE_STYLE_FILL_AREA ( #3796 ) ;
#4996 = MECHANICAL_DESIGN_GEOMETRIC_PRESENTATION_REPRESENTATION (  '', ( #943 ), #2020 ) ;
#4997 = CARTESIAN_POINT ( 'NONE',  ( 1.449999999999999956, -0.1750000000000311307, -0.8000000000000001554 ) ) ;
#4998 = COLOUR_RGB ( '',0.2509803921568627416, 0.2509803921568627416, 0.2509803921568627416 ) ;
#4999 = ORIENTED_EDGE ( 'NONE', *, *, #2962, .F. ) ;
#5000 = SURFACE_SIDE_STYLE ('',( #1116 ) ) ;
#5001 = CARTESIAN_POINT ( 'NONE',  ( 0.6999999999999999556, 0.5150000000000000133, -1.153085987590313444 ) ) ;
#5002 = SURFACE_STYLE_USAGE ( .BOTH. , #3026 ) ;
#5003 =( GEOMETRIC_REPRESENTATION_CONTEXT ( 3 ) GLOBAL_UNCERTAINTY_ASSIGNED_CONTEXT ( ( #2404 ) ) GLOBAL_UNIT_ASSIGNED_CONTEXT ( ( #878, #1246, #4034 ) ) REPRESENTATION_CONTEXT ( 'NONE', 'WORKASPACE' ) );
#5004 = EDGE_CURVE ( 'NONE', #1312, #3371, #3215, .T. ) ;
#5005 = ADVANCED_FACE ( 'NONE', ( #4147 ), #783, .F. ) ;
#5006 = ORIENTED_EDGE ( 'NONE', *, *, #3210, .T. ) ;
#5007 = DIRECTION ( 'NONE',  ( -1.000000000000000000, 0.000000000000000000, 1.495451272393799542E-16 ) ) ;
#5008 = CARTESIAN_POINT ( 'NONE',  ( -1.339145906842450273, 0.5293171503664571009, 0.7389591803015739258 ) ) ;
#5009 = FILL_AREA_STYLE ('',( #4175 ) ) ;
#5010 = LINE ( 'NONE', #1322, #140 ) ;
#5011 = ORIENTED_EDGE ( 'NONE', *, *, #998, .F. ) ;
#5012 = ORIENTED_EDGE ( 'NONE', *, *, #1023, .T. ) ;
#5013 = FILL_AREA_STYLE_COLOUR ( '', #5199 ) ;
#5014 = MECHANICAL_DESIGN_GEOMETRIC_PRESENTATION_REPRESENTATION (  '', ( #507 ), #1129 ) ;
#5015 = LINE ( 'NONE', #1877, #3908 ) ;
#5016 = DIRECTION ( 'NONE',  ( 0.000000000000000000, 0.000000000000000000, 1.000000000000000000 ) ) ;
#5017 = ORIENTED_EDGE ( 'NONE', *, *, #2336, .F. ) ;
#5018 = CIRCLE ( 'NONE', #688, 0.08000000000000020983 ) ;
#5019 = ORIENTED_EDGE ( 'NONE', *, *, #939, .F. ) ;
#5020 = DIRECTION ( 'NONE',  ( -1.000000000000000000, -0.000000000000000000, -0.000000000000000000 ) ) ;
#5021 = CARTESIAN_POINT ( 'NONE',  ( 1.339145906842450273, 0.5250000000000000222, 0.000000000000000000 ) ) ;
#5022 = SURFACE_STYLE_USAGE ( .BOTH. , #5057 ) ;
#5023 = EDGE_CURVE ( 'NONE', #3918, #2730, #838, .T. ) ;
#5024 = ORIENTED_EDGE ( 'NONE', *, *, #3366, .T. ) ;
#5025 = PRESENTATION_STYLE_ASSIGNMENT (( #338 ) ) ;
#5026 = CARTESIAN_POINT ( 'NONE',  ( 1.339145906842450273, 0.5749999999999999556, 0.6891459068424503620 ) ) ;
#5027 = FILL_AREA_STYLE ('',( #4597 ) ) ;
#5028 =( LENGTH_UNIT ( ) NAMED_UNIT ( * ) SI_UNIT ( .MILLI., .METRE. ) );
#5029 = ORIENTED_EDGE ( 'NONE', *, *, #4023, .F. ) ;
#5030 = SURFACE_STYLE_FILL_AREA ( #410 ) ;
#5031 = AXIS2_PLACEMENT_3D ( 'NONE', #4967, #109, #3750 ) ;
#5032 =( NAMED_UNIT ( * ) SI_UNIT ( $, .STERADIAN. ) SOLID_ANGLE_UNIT ( ) );
#5033 = EDGE_LOOP ( 'NONE', ( #3382, #2674, #2684, #4705, #4613, #601, #1745, #5205, #2325, #3859, #4839, #4517, #3527, #1922, #1915, #5040 ) ) ;
#5034 = LINE ( 'NONE', #2323, #4445 ) ;
#5035 = SURFACE_SIDE_STYLE ('',( #528 ) ) ;
#5036 = ADVANCED_FACE ( 'NONE', ( #4859 ), #3487, .T. ) ;
#5037 = PRESENTATION_LAYER_ASSIGNMENT (  '', '', ( #3919 ) ) ;
#5038 =( GEOMETRIC_REPRESENTATION_CONTEXT ( 3 ) GLOBAL_UNCERTAINTY_ASSIGNED_CONTEXT ( ( #4576 ) ) GLOBAL_UNIT_ASSIGNED_CONTEXT ( ( #2838, #2411, #2801 ) ) REPRESENTATION_CONTEXT ( 'NONE', 'WORKASPACE' ) );
#5039 = DIRECTION ( 'NONE',  ( -1.000000000000000000, -0.000000000000000000, -0.000000000000000000 ) ) ;
#5040 = ORIENTED_EDGE ( 'NONE', *, *, #3261, .F. ) ;
#5041 = DIRECTION ( 'NONE',  ( -1.000000000000000000, 0.000000000000000000, -0.000000000000000000 ) ) ;
#5042 = DIRECTION ( 'NONE',  ( 1.000000000000000000, 0.000000000000000000, -0.000000000000000000 ) ) ;
#5043 = DIRECTION ( 'NONE',  ( -1.000000000000000000, -0.000000000000000000, 0.000000000000000000 ) ) ;
#5044 = AXIS2_PLACEMENT_3D ( 'NONE', #2872, #5216, #849 ) ;
#5045 = VERTEX_POINT ( 'NONE', #1924 ) ;
#5046 = CIRCLE ( 'NONE', #3198, 0.1600000000000000866 ) ;
#5047 = DIRECTION ( 'NONE',  ( 0.1583717986114568932, 0.9745956837628331204, -0.1583717986114569487 ) ) ;
#5048 = CARTESIAN_POINT ( 'NONE',  ( -0.2500000000000000000, 0.5380324329223433732, 0.9947524566068931540 ) ) ;
#5049 = EDGE_CURVE ( 'NONE', #95, #1061, #3244, .T. ) ;
#5050 = AXIS2_PLACEMENT_3D ( 'NONE', #4637, #5062, #611 ) ;
#5051 = CARTESIAN_POINT ( 'NONE',  ( 1.200000000000000178, -0.06568288312786951799, -0.9069313082073551247 ) ) ;
#5052 = CARTESIAN_POINT ( 'NONE',  ( 1.339145906842450273, 0.5250000000000000222, -0.6891459068424504730 ) ) ;
#5053 = VECTOR ( 'NONE', #3570, 1000.000000000000000 ) ;
#5054 = EDGE_CURVE ( 'NONE', #3420, #176, #4181, .T. ) ;
#5055 = COLOUR_RGB ( '',1.000000000000000000, 1.000000000000000000, 1.000000000000000000 ) ;
#5056 = UNCERTAINTY_MEASURE_WITH_UNIT (LENGTH_MEASURE( 1.000000000000000082E-05 ), #1789, 'distance_accuracy_value', 'NONE');
#5057 = SURFACE_SIDE_STYLE ('',( #1302 ) ) ;
#5058 = PRESENTATION_STYLE_ASSIGNMENT (( #1507 ) ) ;
#5059 = LINE ( 'NONE', #2949, #1775 ) ;
#5060 = ADVANCED_FACE ( 'NONE', ( #1498 ), #4728, .F. ) ;
#5061 = CARTESIAN_POINT ( 'NONE',  ( -0.6999999999999999556, -0.1341666666666978813, 0.6455263157894752801 ) ) ;
#5062 = DIRECTION ( 'NONE',  ( -0.000000000000000000, 1.000000000000000000, 4.391011113158564976E-16 ) ) ;
#5063 = SURFACE_SIDE_STYLE ('',( #3676 ) ) ;
#5064 = ORIENTED_EDGE ( 'NONE', *, *, #2071, .F. ) ;
#5065 = DIRECTION ( 'NONE',  ( 0.000000000000000000, -0.9962654691824661679, 0.08634300732914350351 ) ) ;
#5066 = AXIS2_PLACEMENT_3D ( 'NONE', #1348, #4206, #211 ) ;
#5067 = CARTESIAN_POINT ( 'NONE',  ( -1.200000000000000178, 0.5950000000000000844, 1.400000000000000133 ) ) ;
#5068 = MECHANICAL_DESIGN_GEOMETRIC_PRESENTATION_REPRESENTATION (  '', ( #1917 ), #4236 ) ;
#5069 = VECTOR ( 'NONE', #3893, 1000.000000000000114 ) ;
#5070 = PRESENTATION_STYLE_ASSIGNMENT (( #3995 ) ) ;
#5071 = FILL_AREA_STYLE_COLOUR ( '', #3983 ) ;
#5072 = VERTEX_POINT ( 'NONE', #3923 ) ;
#5073 = EDGE_CURVE ( 'NONE', #2689, #3073, #4760, .T. ) ;
#5074 = SURFACE_STYLE_FILL_AREA ( #1779 ) ;
#5075 = PLANE ( 'NONE',  #3158 ) ;
#5076 = ORIENTED_EDGE ( 'NONE', *, *, #189, .T. ) ;
#5077 = FILL_AREA_STYLE ('',( #1524 ) ) ;
#5078 = EDGE_CURVE ( 'NONE', #1274, #982, #3799, .T. ) ;
#5079 = MECHANICAL_DESIGN_GEOMETRIC_PRESENTATION_REPRESENTATION (  '', ( #198 ), #2271 ) ;
#5080 = DIRECTION ( 'NONE',  ( -0.000000000000000000, 2.974683716947999386E-16, -1.000000000000000000 ) ) ;
#5081 = ORIENTED_EDGE ( 'NONE', *, *, #3434, .T. ) ;
#5082 = CARTESIAN_POINT ( 'NONE',  ( 1.342469145205119396, -0.5250000000000000222, -0.6924691452051198182 ) ) ;
#5083 = ORIENTED_EDGE ( 'NONE', *, *, #4664, .F. ) ;
#5084 =( NAMED_UNIT ( * ) PLANE_ANGLE_UNIT ( ) SI_UNIT ( $, .RADIAN. ) );
#5085 = VERTEX_POINT ( 'NONE', #306 ) ;
#5086 = DIRECTION ( 'NONE',  ( -0.000000000000000000, -1.000000000000000000, -0.000000000000000000 ) ) ;
#5087 = UNCERTAINTY_MEASURE_WITH_UNIT (LENGTH_MEASURE( 1.000000000000000082E-05 ), #4145, 'distance_accuracy_value', 'NONE');
#5088 = DIRECTION ( 'NONE',  ( -2.196847512708778592E-15, 0.000000000000000000, 1.000000000000000000 ) ) ;
#5089 = ADVANCED_FACE ( 'NONE', ( #1675 ), #995, .T. ) ;
#5090 = EDGE_CURVE ( 'NONE', #2543, #35, #4114, .T. ) ;
#5091 = CARTESIAN_POINT ( 'NONE',  ( 1.200000000000000178, 0.5950000000000001954, -1.153085987590313444 ) ) ;
#5092 = VERTEX_POINT ( 'NONE', #5222 ) ;
#5093 = DIRECTION ( 'NONE',  ( 0.000000000000000000, 0.000000000000000000, 1.000000000000000000 ) ) ;
#5094 = ORIENTED_EDGE ( 'NONE', *, *, #1967, .F. ) ;
#5095 = PRESENTATION_LAYER_ASSIGNMENT (  '', '', ( #4436 ) ) ;
#5096 = FILL_AREA_STYLE ('',( #4680 ) ) ;
#5097 = ORIENTED_EDGE ( 'NONE', *, *, #2248, .T. ) ;
#5098 = VECTOR ( 'NONE', #2650, 1000.000000000000114 ) ;
#5099 = DIRECTION ( 'NONE',  ( -0.000000000000000000, -0.9895845686463778934, -0.1439527057646445007 ) ) ;
#5100 = AXIS2_PLACEMENT_3D ( 'NONE', #1390, #3357, #139 ) ;
#5101 = CARTESIAN_POINT ( 'NONE',  ( -0.6999999999999999556, 0.6750000000000000444, -1.153085987590313888 ) ) ;
#5102 = VERTEX_POINT ( 'NONE', #1456 ) ;
#5103 = SURFACE_STYLE_FILL_AREA ( #3749 ) ;
#5104 = DIRECTION ( 'NONE',  ( -0.000000000000000000, -1.000000000000000000, -0.000000000000000000 ) ) ;
#5105 = STYLED_ITEM ( 'NONE', ( #2661 ), #258 ) ;
#5106 = ADVANCED_FACE ( 'NONE', ( #2570 ), #421, .F. ) ;
#5107 = DIRECTION ( 'NONE',  ( 0.000000000000000000, 0.000000000000000000, 1.000000000000000000 ) ) ;
#5108 = PLANE ( 'NONE',  #2774 ) ;
#5109 =( LENGTH_UNIT ( ) NAMED_UNIT ( * ) SI_UNIT ( .MILLI., .METRE. ) );
#5110 = AXIS2_PLACEMENT_3D ( 'NONE', #2619, #3008, #2969 ) ;
#5111 = LINE ( 'NONE', #2717, #3207 ) ;
#5112 = VECTOR ( 'NONE', #4180, 1000.000000000000000 ) ;
#5113 = CARTESIAN_POINT ( 'NONE',  ( -0.6999999999999999556, -0.1341666666666978536, -0.8277645427156451463 ) ) ;
#5114 = UNCERTAINTY_MEASURE_WITH_UNIT (LENGTH_MEASURE( 1.000000000000000082E-05 ), #4144, 'distance_accuracy_value', 'NONE');
#5115 = CARTESIAN_POINT ( 'NONE',  ( 1.342469145205119396, -0.5250000000000000222, 0.6924691452051197071 ) ) ;
#5116 = EDGE_CURVE ( 'NONE', #5140, #3472, #1682, .T. ) ;
#5117 = VECTOR ( 'NONE', #3276, 1000.000000000000114 ) ;
#5118 = LINE ( 'NONE', #2584, #4216 ) ;
#5119 = CIRCLE ( 'NONE', #617, 0.1599999999999999756 ) ;
#5120 = CARTESIAN_POINT ( 'NONE',  ( 0.6999999999999999556, -0.1341666666666978813, -0.6455263157894750581 ) ) ;
#5121 = DIRECTION ( 'NONE',  ( 0.000000000000000000, 0.08634300732914253207, 0.9962654691824661679 ) ) ;
#5122 = LINE ( 'NONE', #4520, #2919 ) ;
#5123 = ORIENTED_EDGE ( 'NONE', *, *, #4062, .F. ) ;
#5124 = DIRECTION ( 'NONE',  ( 0.000000000000000000, 1.487341858474000679E-16, -1.000000000000000000 ) ) ;
#5125 = DIRECTION ( 'NONE',  ( -1.000000000000000000, -0.000000000000000000, -0.000000000000000000 ) ) ;
#5126 = DIRECTION ( 'NONE',  ( 0.000000000000000000, -1.487341858474000679E-16, 1.000000000000000000 ) ) ;
#5127 = VERTEX_POINT ( 'NONE', #3234 ) ;
#5128 = PRESENTATION_LAYER_ASSIGNMENT (  '', '', ( #3129 ) ) ;
#5129 = CARTESIAN_POINT ( 'NONE',  ( -0.2500000000000000000, -0.06568288312786950411, -0.9069313082073552357 ) ) ;
#5130 = PRESENTATION_LAYER_ASSIGNMENT (  '', '', ( #2675 ) ) ;
#5131 = VECTOR ( 'NONE', #4507, 1000.000000000000227 ) ;
#5132 = ADVANCED_FACE ( 'NONE', ( #4256 ), #1560, .F. ) ;
#5133 = EDGE_LOOP ( 'NONE', ( #3346, #3783, #5191, #2183 ) ) ;
#5134 = ORIENTED_EDGE ( 'NONE', *, *, #4389, .T. ) ;
#5135 = PRESENTATION_LAYER_ASSIGNMENT (  '', '', ( #5105 ) ) ;
#5136 = COLOUR_RGB ( '',0.2509803921568627416, 0.2509803921568627416, 0.2509803921568627416 ) ;
#5137 =( LENGTH_UNIT ( ) NAMED_UNIT ( * ) SI_UNIT ( .MILLI., .METRE. ) );
#5138 = DIRECTION ( 'NONE',  ( -0.000000000000000000, -0.000000000000000000, 1.000000000000000000 ) ) ;
#5139 = ORIENTED_EDGE ( 'NONE', *, *, #260, .T. ) ;
#5140 = VERTEX_POINT ( 'NONE', #821 ) ;
#5141 = EDGE_CURVE ( 'NONE', #4687, #75, #480, .T. ) ;
#5142 = MECHANICAL_DESIGN_GEOMETRIC_PRESENTATION_REPRESENTATION (  '', ( #2712 ), #3327 ) ;
#5143 = DIRECTION ( 'NONE',  ( 0.000000000000000000, 0.000000000000000000, 1.000000000000000000 ) ) ;
#5144 = SURFACE_SIDE_STYLE ('',( #4334 ) ) ;
#5145 = FILL_AREA_STYLE ('',( #3917 ) ) ;
#5146 = ORIENTED_EDGE ( 'NONE', *, *, #2577, .F. ) ;
#5147 = UNCERTAINTY_MEASURE_WITH_UNIT (LENGTH_MEASURE( 1.000000000000000082E-05 ), #2059, 'distance_accuracy_value', 'NONE');
#5148 = DIRECTION ( 'NONE',  ( -1.000000000000000000, -0.000000000000000000, 0.000000000000000000 ) ) ;
#5149 = EDGE_LOOP ( 'NONE', ( #3431, #5081, #2152, #4685 ) ) ;
#5150 = STYLED_ITEM ( 'NONE', ( #5 ), #4704 ) ;
#5151 = FILL_AREA_STYLE_COLOUR ( '', #675 ) ;
#5152 = CARTESIAN_POINT ( 'NONE',  ( 1.342469145205119396, -0.5250000000000000222, 0.6924691452051195961 ) ) ;
#5153 = ORIENTED_EDGE ( 'NONE', *, *, #4220, .F. ) ;
#5154 = DIRECTION ( 'NONE',  ( 1.000000000000000000, 0.000000000000000000, 0.000000000000000000 ) ) ;
#5155 = FILL_AREA_STYLE ('',( #3172 ) ) ;
#5156 = VERTEX_POINT ( 'NONE', #1656 ) ;
#5157 = FACE_OUTER_BOUND ( 'NONE', #2879, .T. ) ;
#5158 = ADVANCED_FACE ( 'NONE', ( #2112 ), #1225, .T. ) ;
#5159 = CARTESIAN_POINT ( 'NONE',  ( 1.200000000000000178, 0.5950000000000000844, -1.399999999999999689 ) ) ;
#5160 = FILL_AREA_STYLE_COLOUR ( '', #3391 ) ;
#5161 =( LENGTH_UNIT ( ) NAMED_UNIT ( * ) SI_UNIT ( .MILLI., .METRE. ) );
#5162 = AXIS2_PLACEMENT_3D ( 'NONE', #3135, #2371, #4364 ) ;
#5163 = PRESENTATION_LAYER_ASSIGNMENT (  '', '', ( #2638 ) ) ;
#5164 = VERTEX_POINT ( 'NONE', #18 ) ;
#5165 = VECTOR ( 'NONE', #106, 1000.000000000000000 ) ;
#5166 = DIRECTION ( 'NONE',  ( -1.000000000000000000, -0.000000000000000000, 0.000000000000000000 ) ) ;
#5167 = EDGE_CURVE ( 'NONE', #876, #1061, #3554, .T. ) ;
#5168 = CARTESIAN_POINT ( 'NONE',  ( -0.2500000000000000000, -0.07719909958904112857, -0.9860980736990658801 ) ) ;
#5169 = SURFACE_STYLE_USAGE ( .BOTH. , #2653 ) ;
#5170 = SURFACE_STYLE_USAGE ( .BOTH. , #4339 ) ;
#5171 = AXIS2_PLACEMENT_3D ( 'NONE', #1652, #4194, #4229 ) ;
#5172 = DIRECTION ( 'NONE',  ( 0.000000000000000000, 0.000000000000000000, -1.000000000000000000 ) ) ;
#5173 = EDGE_CURVE ( 'NONE', #470, #4393, #4503, .T. ) ;
#5174 = AXIS2_PLACEMENT_3D ( 'NONE', #4709, #3076, #717 ) ;
#5175 = FILL_AREA_STYLE ('',( #1198 ) ) ;
#5176 = FACE_OUTER_BOUND ( 'NONE', #3093, .T. ) ;
#5177 = DIRECTION ( 'NONE',  ( 0.000000000000000000, 0.000000000000000000, 1.000000000000000000 ) ) ;
#5178 = APPLICATION_PROTOCOL_DEFINITION ( 'draft international standard', 'automotive_design', 1998, #829 ) ;
#5179 = DIRECTION ( 'NONE',  ( 0.000000000000000000, -1.000000000000000000, -1.487341858474000679E-16 ) ) ;
#5180 = FILL_AREA_STYLE_COLOUR ( '', #4397 ) ;
#5181 = SURFACE_STYLE_USAGE ( .BOTH. , #4351 ) ;
#5182 = COLOUR_RGB ( '',1.000000000000000000, 1.000000000000000000, 1.000000000000000000 ) ;
#5183 = SURFACE_STYLE_FILL_AREA ( #43 ) ;
#5184 = PRESENTATION_LAYER_ASSIGNMENT (  '', '', ( #4283 ) ) ;
#5185 = UNCERTAINTY_MEASURE_WITH_UNIT (LENGTH_MEASURE( 1.000000000000000082E-05 ), #1609, 'distance_accuracy_value', 'NONE');
#5186 = FILL_AREA_STYLE ('',( #2363 ) ) ;
#5187 = DIRECTION ( 'NONE',  ( 0.000000000000000000, 0.000000000000000000, 1.000000000000000000 ) ) ;
#5188 = VECTOR ( 'NONE', #3436, 1000.000000000000000 ) ;
#5189 =( NAMED_UNIT ( * ) PLANE_ANGLE_UNIT ( ) SI_UNIT ( $, .RADIAN. ) );
#5190 = SURFACE_STYLE_FILL_AREA ( #886 ) ;
#5191 = ORIENTED_EDGE ( 'NONE', *, *, #4856, .T. ) ;
#5192 = EDGE_CURVE ( 'NONE', #2224, #1221, #347, .T. ) ;
#5193 = CARTESIAN_POINT ( 'NONE',  ( -0.6999999999999999556, -0.05416666666669788660, -0.8277645427156451463 ) ) ;
#5194 = LINE ( 'NONE', #2136, #4863 ) ;
#5195 = VERTEX_POINT ( 'NONE', #4475 ) ;
#5196 = SURFACE_SIDE_STYLE ('',( #3894 ) ) ;
#5197 = MECHANICAL_DESIGN_GEOMETRIC_PRESENTATION_REPRESENTATION (  '', ( #2766 ), #4531 ) ;
#5198 = CARTESIAN_POINT ( 'NONE',  ( -0.6999999999999999556, -0.07719909958904112857, -0.9860980736990661022 ) ) ;
#5199 = COLOUR_RGB ( '',1.000000000000000000, 1.000000000000000000, 1.000000000000000000 ) ;
#5200 = DIRECTION ( 'NONE',  ( 0.9870527346239433841, -0.1603960693763884227, -4.336808689942016158E-15 ) ) ;
#5201 = ORIENTED_EDGE ( 'NONE', *, *, #3540, .F. ) ;
#5202 = FACE_OUTER_BOUND ( 'NONE', #608, .T. ) ;
#5203 = VERTEX_POINT ( 'NONE', #887 ) ;
#5204 = FACE_OUTER_BOUND ( 'NONE', #4884, .T. ) ;
#5205 = ORIENTED_EDGE ( 'NONE', *, *, #4581, .F. ) ;
#5206 = CARTESIAN_POINT ( 'NONE',  ( -1.200000000000000178, -0.2141666666666978136, 0.7936354166666607091 ) ) ;
#5207 = STYLED_ITEM ( 'NONE', ( #433 ), #308 ) ;
#5208 = ORIENTED_EDGE ( 'NONE', *, *, #3637, .F. ) ;
#5209 = LINE ( 'NONE', #2552, #88 ) ;
#5210 = CARTESIAN_POINT ( 'NONE',  ( 1.200000000000000178, 0.5380324329223433732, 0.9947524566068929319 ) ) ;
#5211 = EDGE_LOOP ( 'NONE', ( #2426, #3480, #172, #4869 ) ) ;
#5212 = UNCERTAINTY_MEASURE_WITH_UNIT (LENGTH_MEASURE( 1.000000000000000082E-05 ), #1280, 'distance_accuracy_value', 'NONE');
#5213 = FILL_AREA_STYLE ('',( #387 ) ) ;
#5214 = CARTESIAN_POINT ( 'NONE',  ( 1.200000000000000178, 0.5150000000000000133, -1.153085987590313444 ) ) ;
#5215 = SURFACE_SIDE_STYLE ('',( #1387 ) ) ;
#5216 = DIRECTION ( 'NONE',  ( 0.000000000000000000, 0.000000000000000000, -1.000000000000000000 ) ) ;
#5217 = SURFACE_STYLE_FILL_AREA ( #2736 ) ;
#5218 = ORIENTED_EDGE ( 'NONE', *, *, #359, .T. ) ;
#5219 = EDGE_CURVE ( 'NONE', #1427, #3775, #2249, .T. ) ;
#5220 = SURFACE_STYLE_USAGE ( .BOTH. , #2012 ) ;
#5221 = FILL_AREA_STYLE ('',( #344 ) ) ;
#5222 = CARTESIAN_POINT ( 'NONE',  ( 1.449999999999999956, -0.1750000000000311307, -0.7501867265408769248 ) ) ;
#5223 = EDGE_LOOP ( 'NONE', ( #2267, #1168, #4878, #2804, #1432, #4831, #2391, #2302, #2286, #1068, #4477, #4495, #1991 ) ) ;
#5224 = FACE_OUTER_BOUND ( 'NONE', #1093, .T. ) ;
#5225 = CARTESIAN_POINT ( 'NONE',  ( -1.449999999999999956, -0.1750000000000308253, 0.8000000000000003775 ) ) ;
#5226 = EDGE_LOOP ( 'NONE', ( #2237, #1869, #1828, #2987 ) ) ;
#5227 = LINE ( 'NONE', #2537, #4979 ) ;
#5228 = DIRECTION ( 'NONE',  ( 1.000000000000000000, -0.000000000000000000, 0.000000000000000000 ) ) ;
#5229 = CARTESIAN_POINT ( 'NONE',  ( -0.6999999999999999556, -0.05416666666669783803, 0.8277645427156452573 ) ) ;
#5230 = ORIENTED_EDGE ( 'NONE', *, *, #2282, .F. ) ;
#5231 = CARTESIAN_POINT ( 'NONE',  ( 1.200000000000000178, -0.2141666666666979801, 0.8277645427156450353 ) ) ;
#5232 = AXIS2_PLACEMENT_3D ( 'NONE', #582, #5016, #551 ) ;
#5233 = STYLED_ITEM ( 'NONE', ( #1278 ), #1539 ) ;
#5234 =( LENGTH_UNIT ( ) NAMED_UNIT ( * ) SI_UNIT ( .MILLI., .METRE. ) );
#5235 = VECTOR ( 'NONE', #4847, 1000.000000000000114 ) ;
#5236 = DIRECTION ( 'NONE',  ( 0.000000000000000000, -0.000000000000000000, 1.000000000000000000 ) ) ;
#5237 = AXIS2_PLACEMENT_3D ( 'NONE', #2651, #1032, #2632 ) ;
#5238 = CARTESIAN_POINT ( 'NONE',  ( 1.325306414920533804, 0.6846864452528879097, -0.6753064149205341149 ) ) ;
#5239 = CARTESIAN_POINT ( 'NONE',  ( 0.6999999999999999556, 0.6750000000000000444, 1.153085987590313444 ) ) ;
#5240 = FACE_OUTER_BOUND ( 'NONE', #4415, .T. ) ;
ENDSEC;
END-ISO-10303-21;
